{ "type": "FeatureCollection", "features": [{"type":"Feature","id":1,"properties":{"_id":"677d59bd13e31af480aca6ad","createdBy":"OPONcQnzWGOLiJSceNaf8pvx1fA2","createdAt":"2025-01-07T16:43:41.574Z","updatedBy":"OPONcQnzWGOLiJSceNaf8pvx1fA2","updatedAt":"2025-01-07T16:45:00.766Z","name":"MATZ AIGEN","dataIngestion":true,"type":4,"icaoClass":3,"activity":0,"onDemand":false,"onRequest":false,"byNotam":false,"specialAgreement":false,"requestCompliance":false,"country":"AT","upperLimit":{"value":5000,"unit":1,"referenceDatum":1},"lowerLimit":{"value":0,"unit":1,"referenceDatum":0},"hoursOfOperation":{"operatingHours":[{"dayOfWeek":0,"startTime":"00:00","endTime":"00:00","byNotam":false,"sunrise":false,"sunset":false,"publicHolidaysExcluded":false},{"dayOfWeek":1,"startTime":"00:00","endTime":"00:00","byNotam":false,"sunrise":false,"sunset":false,"publicHolidaysExcluded":false},{"dayOfWeek":2,"startTime":"00:00","endTime":"00:00","byNotam":false,"sunrise":false,"sunset":false,"publicHolidaysExcluded":false},{"dayOfWeek":3,"startTime":"00:00","endTime":"00:00","byNotam":false,"sunrise":false,"sunset":false,"publicHolidaysExcluded":false},{"dayOfWeek":4,"startTime":"00:00","endTime":"00:00","byNotam":false,"sunrise":false,"sunset":false,"publicHolidaysExcluded":false},{"dayOfWeek":5,"startTime":"00:00","endTime":"00:00","byNotam":false,"sunrise":false,"sunset":false,"publicHolidaysExcluded":false},{"dayOfWeek":6,"startTime":"00:00","endTime":"00:00","byNotam":false,"sunrise":false,"sunset":false,"publicHolidaysExcluded":false}]},"deletable":true},"geometry":{"type":"Polygon","coordinates":[[[14.08278,47.53861],[14.08222,47.51944],[14.09889,47.49],[14.20444,47.51917],[14.20694,47.55556],[14.19528,47.57083],[14.08278,47.53861]]]}}, {"type":"Feature","id":2,"properties":{"_id":"677d59bd13e31af480aca6b0","createdBy":"OPONcQnzWGOLiJSceNaf8pvx1fA2","createdAt":"2025-01-07T16:43:41.591Z","updatedBy":"OPONcQnzWGOLiJSceNaf8pvx1fA2","updatedAt":"2025-01-07T16:45:01.067Z","name":"MATZ WIENER NEUSTADT 1","dataIngestion":true,"type":4,"icaoClass":3,"activity":0,"onDemand":false,"onRequest":false,"byNotam":false,"specialAgreement":false,"requestCompliance":false,"country":"AT","upperLimit":{"value":4500,"unit":1,"referenceDatum":1},"lowerLimit":{"value":0,"unit":1,"referenceDatum":0},"hoursOfOperation":{"operatingHours":[{"dayOfWeek":0,"startTime":"00:00","endTime":"00:00","byNotam":false,"sunrise":false,"sunset":false,"publicHolidaysExcluded":false},{"dayOfWeek":1,"startTime":"00:00","endTime":"00:00","byNotam":false,"sunrise":false,"sunset":false,"publicHolidaysExcluded":false},{"dayOfWeek":2,"startTime":"00:00","endTime":"00:00","byNotam":false,"sunrise":false,"sunset":false,"publicHolidaysExcluded":false},{"dayOfWeek":3,"startTime":"00:00","endTime":"00:00","byNotam":false,"sunrise":false,"sunset":false,"publicHolidaysExcluded":false},{"dayOfWeek":4,"startTime":"00:00","endTime":"00:00","byNotam":false,"sunrise":false,"sunset":false,"publicHolidaysExcluded":false},{"dayOfWeek":5,"startTime":"00:00","endTime":"00:00","byNotam":false,"sunrise":false,"sunset":false,"publicHolidaysExcluded":false},{"dayOfWeek":6,"startTime":"00:00","endTime":"00:00","byNotam":false,"sunrise":false,"sunset":false,"publicHolidaysExcluded":false}]},"deletable":true},"geometry":{"type":"Polygon","coordinates":[[[16.19639,47.88389],[16.14417,47.85056],[16.16361,47.80694],[16.23361,47.80889],[16.24417,47.86028],[16.22028,47.87694],[16.19639,47.88389]]]}}, {"type":"Feature","id":3,"properties":{"_id":"677d59bd13e31af480aca6b3","createdBy":"OPONcQnzWGOLiJSceNaf8pvx1fA2","createdAt":"2025-01-07T16:43:41.603Z","updatedBy":"OPONcQnzWGOLiJSceNaf8pvx1fA2","updatedAt":"2025-01-07T16:45:01.192Z","name":"MATZ WIENER NEUSTADT 2","dataIngestion":true,"type":4,"icaoClass":3,"activity":0,"onDemand":false,"onRequest":false,"byNotam":false,"specialAgreement":false,"requestCompliance":false,"country":"AT","upperLimit":{"value":6500,"unit":1,"referenceDatum":1},"lowerLimit":{"value":4500,"unit":1,"referenceDatum":1},"hoursOfOperation":{"operatingHours":[{"dayOfWeek":0,"startTime":"00:00","endTime":"00:00","byNotam":false,"sunrise":false,"sunset":false,"publicHolidaysExcluded":false},{"dayOfWeek":1,"startTime":"00:00","endTime":"00:00","byNotam":false,"sunrise":false,"sunset":false,"publicHolidaysExcluded":false},{"dayOfWeek":2,"startTime":"00:00","endTime":"00:00","byNotam":false,"sunrise":false,"sunset":false,"publicHolidaysExcluded":false},{"dayOfWeek":3,"startTime":"00:00","endTime":"00:00","byNotam":false,"sunrise":false,"sunset":false,"publicHolidaysExcluded":false},{"dayOfWeek":4,"startTime":"00:00","endTime":"00:00","byNotam":false,"sunrise":false,"sunset":false,"publicHolidaysExcluded":false},{"dayOfWeek":5,"startTime":"00:00","endTime":"00:00","byNotam":false,"sunrise":false,"sunset":false,"publicHolidaysExcluded":false},{"dayOfWeek":6,"startTime":"00:00","endTime":"00:00","byNotam":false,"sunrise":false,"sunset":false,"publicHolidaysExcluded":false}]},"deletable":true},"geometry":{"type":"Polygon","coordinates":[[[16.19639,47.88389],[16.14417,47.85056],[16.16361,47.80694],[16.23361,47.80889],[16.24417,47.86028],[16.22028,47.87694],[16.19639,47.88389]]]}}, {"type":"Feature","id":4,"properties":{"_id":"677d59bd13e31af480aca6b6","createdBy":"OPONcQnzWGOLiJSceNaf8pvx1fA2","createdAt":"2025-01-07T16:43:41.617Z","updatedBy":"OPONcQnzWGOLiJSceNaf8pvx1fA2","updatedAt":"2025-01-07T16:45:01.310Z","name":"CTA ARLBERG","dataIngestion":true,"type":26,"icaoClass":3,"activity":0,"onDemand":false,"onRequest":false,"byNotam":false,"specialAgreement":false,"requestCompliance":false,"country":"AT","upperLimit":{"value":195,"unit":6,"referenceDatum":2},"lowerLimit":{"value":15500,"unit":1,"referenceDatum":1},"hoursOfOperation":{"operatingHours":[{"dayOfWeek":0,"startTime":"00:00","endTime":"00:00","byNotam":false,"sunrise":false,"sunset":false,"publicHolidaysExcluded":false},{"dayOfWeek":1,"startTime":"00:00","endTime":"00:00","byNotam":false,"sunrise":false,"sunset":false,"publicHolidaysExcluded":false},{"dayOfWeek":2,"startTime":"00:00","endTime":"00:00","byNotam":false,"sunrise":false,"sunset":false,"publicHolidaysExcluded":false},{"dayOfWeek":3,"startTime":"00:00","endTime":"00:00","byNotam":false,"sunrise":false,"sunset":false,"publicHolidaysExcluded":false},{"dayOfWeek":4,"startTime":"00:00","endTime":"00:00","byNotam":false,"sunrise":false,"sunset":false,"publicHolidaysExcluded":false},{"dayOfWeek":5,"startTime":"00:00","endTime":"00:00","byNotam":false,"sunrise":false,"sunset":false,"publicHolidaysExcluded":false},{"dayOfWeek":6,"startTime":"00:00","endTime":"00:00","byNotam":false,"sunrise":false,"sunset":false,"publicHolidaysExcluded":false}]},"deletable":true},"geometry":{"type":"Polygon","coordinates":[[[9.65194,47.40833],[9.65889,47.39861],[9.67306,47.38111],[9.65389,47.36806],[9.62444,47.36611],[9.6,47.34583],[9.58889,47.31833],[9.565,47.30361],[9.55139,47.28694],[9.53083,47.27056],[9.54889,47.25694],[9.5675,47.24083],[9.56167,47.22306],[9.57833,47.20917],[9.5725,47.19083],[9.57944,47.17111],[9.60306,47.15361],[9.6225,47.14139],[9.63167,47.12417],[9.63,47.10472],[9.63361,47.08333],[9.61111,47.06694],[9.6275,47.05167],[9.65417,47.05833],[9.68222,47.05889],[9.70944,47.04722],[9.73861,47.04194],[9.76722,47.03889],[9.79194,47.03167],[9.81556,47.0225],[9.83806,47.01306],[9.86056,47.02333],[9.87306,47.00667],[9.89194,46.98889],[9.87611,46.97],[9.875,46.95028],[9.88889,46.93222],[9.91611,46.92333],[9.93833,46.91306],[9.96889,46.91306],[9.99028,46.9025],[10.01778,46.90167],[10.03778,46.88667],[10.05056,46.86861],[10.075,46.86194],[10.09611,46.84972],[10.12306,46.84861],[10.1575,46.84778],[10.18333,46.85861],[10.20917,46.86472],[10.23389,46.87778],[10.22611,46.89667],[10.23583,46.91333],[10.24139,46.93167],[10.29,46.92278],[10.31694,46.92611],[10.30778,46.94722],[10.32917,46.96194],[10.34083,46.97833],[10.35917,46.99139],[10.38528,47],[10.40667,46.98861],[10.42722,46.97111],[10.44139,46.95417],[10.47222,46.94389],[10.48806,46.92806],[10.47861,46.91083],[10.4725,46.8925],[10.47139,46.87306],[10.46972,46.855],[10.49667,46.84861],[10.52306,46.84556],[10.54861,46.83806],[10.57333,46.84611],[10.59556,46.85722],[10.62361,46.86389],[10.65028,46.86611],[10.67806,46.87083],[10.69389,46.85611],[10.71694,46.84694],[10.73722,46.83444],[10.76306,46.82111],[10.74611,46.80694],[10.7375,46.78722],[10.76667,46.7875],[10.79583,46.79139],[10.81528,46.77583],[10.84222,46.77833],[10.86722,46.77222],[10.89417,46.76917],[10.92083,46.77472],[10.94861,46.775],[10.99639,46.76694],[11.02528,46.77222],[11.0375,46.79417],[11.05694,46.80806],[11.08333,46.8225],[11.07028,46.83833],[11.07778,46.85889],[11.09111,46.87972],[11.09917,46.89694],[11.10611,46.91556],[11.12472,46.92917],[11.15139,46.93306],[11.16278,46.95],[11.1825,46.96583],[11.20889,46.96361],[11.23639,46.96917],[11.25667,46.97417],[11.05111,47.03139],[10.68167,47.13306],[10.47194,47.19111],[10.16667,47.26778],[9.92472,47.33667],[9.65194,47.40833]]]}}, {"type":"Feature","id":5,"properties":{"_id":"677d59bd13e31af480aca6b9","createdBy":"OPONcQnzWGOLiJSceNaf8pvx1fA2","createdAt":"2025-01-07T16:43:41.671Z","updatedBy":"OPONcQnzWGOLiJSceNaf8pvx1fA2","updatedAt":"2025-01-07T16:45:01.440Z","name":"CTA ARLBERG","dataIngestion":true,"type":26,"icaoClass":2,"activity":0,"onDemand":false,"onRequest":false,"byNotam":false,"specialAgreement":false,"requestCompliance":false,"country":"AT","upperLimit":{"value":245,"unit":6,"referenceDatum":2},"lowerLimit":{"value":195,"unit":6,"referenceDatum":2},"hoursOfOperation":{"operatingHours":[{"dayOfWeek":0,"startTime":"00:00","endTime":"00:00","byNotam":false,"sunrise":false,"sunset":false,"publicHolidaysExcluded":false},{"dayOfWeek":1,"startTime":"00:00","endTime":"00:00","byNotam":false,"sunrise":false,"sunset":false,"publicHolidaysExcluded":false},{"dayOfWeek":2,"startTime":"00:00","endTime":"00:00","byNotam":false,"sunrise":false,"sunset":false,"publicHolidaysExcluded":false},{"dayOfWeek":3,"startTime":"00:00","endTime":"00:00","byNotam":false,"sunrise":false,"sunset":false,"publicHolidaysExcluded":false},{"dayOfWeek":4,"startTime":"00:00","endTime":"00:00","byNotam":false,"sunrise":false,"sunset":false,"publicHolidaysExcluded":false},{"dayOfWeek":5,"startTime":"00:00","endTime":"00:00","byNotam":false,"sunrise":false,"sunset":false,"publicHolidaysExcluded":false},{"dayOfWeek":6,"startTime":"00:00","endTime":"00:00","byNotam":false,"sunrise":false,"sunset":false,"publicHolidaysExcluded":false}]},"deletable":true},"geometry":{"type":"Polygon","coordinates":[[[9.65194,47.40833],[9.65889,47.39861],[9.67306,47.38111],[9.65389,47.36806],[9.62444,47.36611],[9.6,47.34583],[9.58889,47.31833],[9.565,47.30361],[9.55139,47.28694],[9.53083,47.27056],[9.54889,47.25694],[9.5675,47.24083],[9.56167,47.22306],[9.57833,47.20917],[9.5725,47.19083],[9.57944,47.17111],[9.60306,47.15361],[9.6225,47.14139],[9.63167,47.12417],[9.63,47.10472],[9.63361,47.08333],[9.61111,47.06694],[9.6275,47.05167],[9.65417,47.05833],[9.68222,47.05889],[9.70944,47.04722],[9.73861,47.04194],[9.76722,47.03889],[9.79194,47.03167],[9.81556,47.0225],[9.83806,47.01306],[9.86056,47.02333],[9.87306,47.00667],[9.89194,46.98889],[9.87611,46.97],[9.875,46.95028],[9.88889,46.93222],[9.91611,46.92333],[9.93833,46.91306],[9.96889,46.91306],[9.99028,46.9025],[10.01778,46.90167],[10.03778,46.88667],[10.05056,46.86861],[10.075,46.86194],[10.09611,46.84972],[10.12306,46.84861],[10.1575,46.84778],[10.18333,46.85861],[10.20917,46.86472],[10.23389,46.87778],[10.22611,46.89667],[10.23583,46.91333],[10.24139,46.93167],[10.29,46.92278],[10.31694,46.92611],[10.30778,46.94722],[10.32917,46.96194],[10.34083,46.97833],[10.35917,46.99139],[10.38528,47],[10.40667,46.98861],[10.42722,46.97111],[10.44139,46.95417],[10.47222,46.94389],[10.48806,46.92806],[10.47861,46.91083],[10.4725,46.8925],[10.47139,46.87306],[10.46972,46.855],[10.49667,46.84861],[10.52306,46.84556],[10.54861,46.83806],[10.57333,46.84611],[10.59556,46.85722],[10.62361,46.86389],[10.65028,46.86611],[10.67806,46.87083],[10.69389,46.85611],[10.71694,46.84694],[10.73722,46.83444],[10.76306,46.82111],[10.74611,46.80694],[10.7375,46.78722],[10.76667,46.7875],[10.79583,46.79139],[10.81528,46.77583],[10.84222,46.77833],[10.86722,46.77222],[10.89417,46.76917],[10.92083,46.77472],[10.94861,46.775],[10.99639,46.76694],[11.02528,46.77222],[11.0375,46.79417],[11.05694,46.80806],[11.08333,46.8225],[11.07028,46.83833],[11.07778,46.85889],[11.09111,46.87972],[11.09917,46.89694],[11.10611,46.91556],[11.12472,46.92917],[11.15139,46.93306],[11.16278,46.95],[11.1825,46.96583],[11.20889,46.96361],[11.23639,46.96917],[11.25667,46.97417],[11.05111,47.03139],[10.68167,47.13306],[10.47194,47.19111],[10.16667,47.26778],[9.92472,47.33667],[9.65194,47.40833]]]}}, {"type":"Feature","id":6,"properties":{"_id":"677d59bd13e31af480aca6bc","createdBy":"OPONcQnzWGOLiJSceNaf8pvx1fA2","createdAt":"2025-01-07T16:43:41.688Z","updatedBy":"OPONcQnzWGOLiJSceNaf8pvx1fA2","updatedAt":"2025-01-07T16:45:01.567Z","name":"CTA C","dataIngestion":true,"type":26,"icaoClass":3,"activity":0,"onDemand":false,"onRequest":false,"byNotam":false,"specialAgreement":false,"requestCompliance":false,"country":"AT","upperLimit":{"value":195,"unit":6,"referenceDatum":2},"lowerLimit":{"value":125,"unit":6,"referenceDatum":2},"hoursOfOperation":{"operatingHours":[{"dayOfWeek":0,"startTime":"00:00","endTime":"00:00","byNotam":false,"sunrise":false,"sunset":false,"publicHolidaysExcluded":false},{"dayOfWeek":1,"startTime":"00:00","endTime":"00:00","byNotam":false,"sunrise":false,"sunset":false,"publicHolidaysExcluded":false},{"dayOfWeek":2,"startTime":"00:00","endTime":"00:00","byNotam":false,"sunrise":false,"sunset":false,"publicHolidaysExcluded":false},{"dayOfWeek":3,"startTime":"00:00","endTime":"00:00","byNotam":false,"sunrise":false,"sunset":false,"publicHolidaysExcluded":false},{"dayOfWeek":4,"startTime":"00:00","endTime":"00:00","byNotam":false,"sunrise":false,"sunset":false,"publicHolidaysExcluded":false},{"dayOfWeek":5,"startTime":"00:00","endTime":"00:00","byNotam":false,"sunrise":false,"sunset":false,"publicHolidaysExcluded":false},{"dayOfWeek":6,"startTime":"00:00","endTime":"00:00","byNotam":false,"sunrise":false,"sunset":false,"publicHolidaysExcluded":false}]},"deletable":true},"geometry":{"type":"Polygon","coordinates":[[[9.56361,47.53917],[9.56139,47.5],[9.5625,47.49556],[9.58333,47.48111],[9.60889,47.47056],[9.62694,47.45667],[9.65806,47.44778],[9.64972,47.42278],[9.65194,47.40833],[9.92472,47.33667],[10.16667,47.26778],[10.47194,47.19111],[10.68167,47.13306],[11.05111,47.03139],[11.25667,46.97417],[11.25889,46.97833],[11.28667,46.98417],[11.3125,46.98833],[11.34278,46.98861],[11.36833,46.98222],[11.3875,46.97],[11.415,46.96722],[11.44,46.975],[11.45472,46.99278],[11.47417,47.005],[11.50083,47.00722],[11.52528,46.99611],[11.55,46.98917],[11.57722,46.99556],[11.59944,47.00556],[11.62528,47.01306],[11.64472,47.00083],[11.67,46.99333],[11.69694,46.99333],[11.72083,46.9825],[11.74306,46.97],[11.7675,46.97889],[11.78167,46.9925],[12.09722,47.29167],[12.49444,47.33611],[12.91389,47.33611],[13.22222,47.28333],[13.5,47.23333],[13.68333,47.04583],[13.33333,46.83333],[13.33361,46.56167],[13.3525,46.56639],[13.3725,46.57917],[13.4025,46.57194],[13.42333,46.55889],[13.45083,46.55889],[13.50667,46.56222],[13.52667,46.54889],[13.5575,46.55139],[13.57667,46.53806],[13.60278,46.54278],[13.63194,46.53833],[13.65889,46.52778],[13.68778,46.52194],[13.71417,46.52306],[13.68944,46.62361],[13.61528,46.70556],[13.65194,46.83194],[13.96944,47.18194],[14.02361,47.13528],[14.2125,46.98333],[14.75417,47.19167],[15,47.48472],[15.095,47.49528],[15.40083,47.52861],[15.45639,47.53444],[15.58333,47.83333],[14.66583,47.83278],[14.81139,47.70639],[14.52139,47.70194],[14.39944,47.81472],[14.29333,47.87],[13.5,47.87056],[13.33167,47.87],[13.3375,47.86222],[13.31778,47.77444],[13.3125,47.75],[13.35472,47.70861],[13.405,47.66361],[13.44,47.52611],[13.38611,47.52111],[13.21972,47.55639],[13.20167,47.55639],[13.18889,47.51667],[13.18972,47.48056],[13.19306,47.36806],[13.14361,47.36806],[13.14167,47.43667],[13.14028,47.48056],[13.13556,47.55639],[13.13556,47.61028],[13.08083,47.68694],[13.07694,47.67083],[13.08972,47.65361],[13.09889,47.63556],[13.08139,47.61944],[13.06583,47.60361],[13.06083,47.58583],[13.04611,47.57083],[13.0475,47.55139],[13.03167,47.53556],[13.04333,47.51889],[13.04778,47.50083],[13.02889,47.48694],[13.01472,47.47056],[12.98944,47.4775],[12.96028,47.47694],[12.93194,47.48778],[12.90861,47.49694],[12.87444,47.52278],[12.85,47.53306],[12.82861,47.54472],[12.80222,47.55194],[12.78639,47.56806],[12.78667,47.58639],[12.7975,47.60389],[12.81083,47.62139],[12.78083,47.63278],[12.76778,47.65556],[12.77833,47.67194],[12.75194,47.66917],[12.72972,47.67917],[12.70083,47.67972],[12.67056,47.68056],[12.64833,47.67],[12.62194,47.67333],[12.59694,47.66611],[12.575,47.63222],[12.52528,47.63083],[12.49056,47.635],[12.47028,47.6475],[12.45389,47.66333],[12.43944,47.67972],[12.44,47.69528],[12.21667,47.58889],[12.12806,47.37028],[11.80278,47.30556],[11.44583,47.20833],[11.49306,47.12778],[11.41639,47.12778],[11.36944,47.1875],[11.16806,47.13194],[11.0125,47.17778],[11.04444,47.25333],[11.01389,47.26333],[10.87556,47.28306],[10.795,47.28278],[10.69278,47.28222],[10.67667,47.29],[10.69583,47.30083],[10.75417,47.30306],[10.79278,47.30639],[10.8875,47.315],[11.02361,47.32139],[11.075,47.325],[11.22056,47.28972],[11.28944,47.30694],[11.73889,47.41667],[11.73917,47.58806],[11.72333,47.58917],[11.68278,47.58444],[11.65528,47.58611],[11.62806,47.58111],[11.60306,47.57472],[11.58861,47.5575],[11.5875,47.53917],[11.57722,47.52028],[11.55167,47.51333],[11.51861,47.51111],[11.48917,47.50722],[11.4625,47.50889],[11.43722,47.51583],[11.41667,47.50222],[11.40056,47.48722],[11.385,47.47139],[11.41028,47.46306],[11.39556,47.44778],[11.36222,47.44667],[11.33417,47.44694],[11.31583,47.43194],[11.29944,47.43056],[11.29194,47.42111],[11.28472,47.40278],[11.255,47.39861],[11.225,47.39528],[11.23472,47.41306],[11.23667,47.43222],[11.20556,47.43389],[11.17639,47.42417],[11.15056,47.41944],[11.12417,47.40833],[11.10028,47.39444],[11.07333,47.39611],[11.04583,47.39444],[11.01833,47.39667],[10.98833,47.39556],[10.96889,47.41194],[10.98361,47.43],[10.96056,47.44861],[10.93944,47.4625],[10.92528,47.4825],[10.895,47.48278],[10.87111,47.49083],[10.88694,47.50583],[10.90083,47.52111],[10.88694,47.53694],[10.85306,47.53333],[10.82444,47.5275],[10.8125,47.52],[10.79861,47.52028],[10.77278,47.51556],[10.75861,47.53444],[10.73167,47.53806],[10.705,47.54417],[10.68083,47.55556],[10.65194,47.55861],[10.62222,47.56556],[10.59583,47.56722],[10.58222,47.55028],[10.55889,47.53722],[10.52444,47.53528],[10.48889,47.54028],[10.46278,47.56306],[10.45583,47.58278],[10.43472,47.56944],[10.45444,47.55583],[10.43861,47.52361],[10.43139,47.50389],[10.45417,47.48417],[10.47,47.46861],[10.46722,47.45028],[10.47278,47.43167],[10.43861,47.41361],[10.42972,47.39417],[10.41333,47.37861],[10.38861,47.36972],[10.3775,47.3525],[10.35694,47.33694],[10.34528,47.32],[10.33028,47.30472],[10.30139,47.29861],[10.27917,47.28806],[10.25472,47.28083],[10.23222,47.27056],[10.20111,47.27639],[10.17583,47.28194],[10.19806,47.29778],[10.21611,47.31111],[10.2075,47.3325],[10.2175,47.35056],[10.23083,47.36806],[10.22611,47.3875],[10.19833,47.385],[10.16944,47.38583],[10.14972,47.36722],[10.11944,47.37556],[10.0925,47.37194],[10.08417,47.39639],[10.08528,47.41444],[10.10556,47.42861],[10.09333,47.45444],[10.06806,47.46139],[10.05278,47.47639],[10.02806,47.48528],[10.00083,47.48222],[9.99333,47.50417],[9.97111,47.5175],[9.95722,47.535],[9.92944,47.53167],[9.90667,47.54194],[9.88028,47.54778],[9.8675,47.53167],[9.84028,47.54222],[9.82083,47.55472],[9.82528,47.57333],[9.81083,47.59111],[9.78222,47.59417],[9.76056,47.58361],[9.75111,47.56667],[9.73833,47.55056],[9.72806,47.53361],[9.68028,47.52444],[9.62028,47.52694],[9.56361,47.53917]]]}}, {"type":"Feature","id":7,"properties":{"_id":"677d59bd13e31af480aca6bf","createdBy":"OPONcQnzWGOLiJSceNaf8pvx1fA2","createdAt":"2025-01-07T16:43:41.774Z","updatedBy":"OPONcQnzWGOLiJSceNaf8pvx1fA2","updatedAt":"2025-01-07T16:45:01.694Z","name":"CTA C","dataIngestion":true,"type":26,"icaoClass":2,"activity":0,"onDemand":false,"onRequest":false,"byNotam":false,"specialAgreement":false,"requestCompliance":false,"country":"AT","upperLimit":{"value":245,"unit":6,"referenceDatum":2},"lowerLimit":{"value":195,"unit":6,"referenceDatum":2},"hoursOfOperation":{"operatingHours":[{"dayOfWeek":0,"startTime":"00:00","endTime":"00:00","byNotam":false,"sunrise":false,"sunset":false,"publicHolidaysExcluded":false},{"dayOfWeek":1,"startTime":"00:00","endTime":"00:00","byNotam":false,"sunrise":false,"sunset":false,"publicHolidaysExcluded":false},{"dayOfWeek":2,"startTime":"00:00","endTime":"00:00","byNotam":false,"sunrise":false,"sunset":false,"publicHolidaysExcluded":false},{"dayOfWeek":3,"startTime":"00:00","endTime":"00:00","byNotam":false,"sunrise":false,"sunset":false,"publicHolidaysExcluded":false},{"dayOfWeek":4,"startTime":"00:00","endTime":"00:00","byNotam":false,"sunrise":false,"sunset":false,"publicHolidaysExcluded":false},{"dayOfWeek":5,"startTime":"00:00","endTime":"00:00","byNotam":false,"sunrise":false,"sunset":false,"publicHolidaysExcluded":false},{"dayOfWeek":6,"startTime":"00:00","endTime":"00:00","byNotam":false,"sunrise":false,"sunset":false,"publicHolidaysExcluded":false}]},"deletable":true},"geometry":{"type":"Polygon","coordinates":[[[9.56361,47.53917],[9.56139,47.5],[9.5625,47.49556],[9.58333,47.48111],[9.60889,47.47056],[9.62694,47.45667],[9.65806,47.44778],[9.64972,47.42278],[9.65194,47.40833],[9.92472,47.33667],[10.16667,47.26778],[10.47194,47.19111],[10.68167,47.13306],[11.05111,47.03139],[11.25667,46.97417],[11.25889,46.97833],[11.28667,46.98417],[11.3125,46.98833],[11.34278,46.98861],[11.36833,46.98222],[11.3875,46.97],[11.415,46.96722],[11.44,46.975],[11.45472,46.99278],[11.47417,47.005],[11.50083,47.00722],[11.52528,46.99611],[11.55,46.98917],[11.57722,46.99556],[11.59944,47.00556],[11.62528,47.01306],[11.64472,47.00083],[11.67,46.99333],[11.69694,46.99333],[11.72083,46.9825],[11.74306,46.97],[11.7675,46.97889],[11.78167,46.9925],[12.09722,47.29167],[12.49444,47.33611],[12.91389,47.33611],[13.22222,47.28333],[13.5,47.23333],[13.68333,47.04583],[13.33333,46.83333],[13.33361,46.56167],[13.3525,46.56639],[13.3725,46.57917],[13.4025,46.57194],[13.42333,46.55889],[13.45083,46.55889],[13.50667,46.56222],[13.52667,46.54889],[13.5575,46.55139],[13.57667,46.53806],[13.60278,46.54278],[13.63194,46.53833],[13.65889,46.52778],[13.68778,46.52194],[13.71417,46.52306],[13.68944,46.62361],[13.61528,46.70556],[13.65194,46.83194],[13.96944,47.18194],[14.02361,47.13528],[14.2125,46.98333],[14.75417,47.19167],[15,47.48472],[15.095,47.49528],[15.40083,47.52861],[15.45639,47.53444],[15.58333,47.83333],[14.66583,47.83278],[14.81139,47.70639],[14.52139,47.70194],[14.39944,47.81472],[14.29333,47.87],[13.5,47.87056],[13.33167,47.87],[13.3375,47.86222],[13.31778,47.77444],[13.3125,47.75],[13.35472,47.70861],[13.405,47.66361],[13.44,47.52611],[13.38611,47.52111],[13.21972,47.55639],[13.20167,47.55639],[13.18889,47.51667],[13.18972,47.48056],[13.19306,47.36806],[13.14361,47.36806],[13.14167,47.43667],[13.14028,47.48056],[13.13556,47.55639],[13.13556,47.61028],[13.08083,47.68694],[13.07694,47.67083],[13.08972,47.65361],[13.09889,47.63556],[13.08139,47.61944],[13.06583,47.60361],[13.06083,47.58583],[13.04611,47.57083],[13.0475,47.55139],[13.03167,47.53556],[13.04333,47.51889],[13.04778,47.50083],[13.02889,47.48694],[13.01472,47.47056],[12.98944,47.4775],[12.96028,47.47694],[12.93194,47.48778],[12.90861,47.49694],[12.87444,47.52278],[12.85,47.53306],[12.82861,47.54472],[12.80222,47.55194],[12.78639,47.56806],[12.78667,47.58639],[12.7975,47.60389],[12.81083,47.62139],[12.78083,47.63278],[12.76778,47.65556],[12.77833,47.67194],[12.75194,47.66917],[12.72972,47.67917],[12.70083,47.67972],[12.67056,47.68056],[12.64833,47.67],[12.62194,47.67333],[12.59694,47.66611],[12.575,47.63222],[12.52528,47.63083],[12.49056,47.635],[12.47028,47.6475],[12.45389,47.66333],[12.43944,47.67972],[12.44,47.69528],[12.21667,47.58889],[12.12806,47.37028],[11.80278,47.30556],[11.44583,47.20833],[11.49306,47.12778],[11.41639,47.12778],[11.36944,47.1875],[11.16806,47.13194],[11.0125,47.17778],[11.04444,47.25333],[11.01389,47.26333],[10.87556,47.28306],[10.795,47.28278],[10.69278,47.28222],[10.67667,47.29],[10.69583,47.30083],[10.75417,47.30306],[10.79278,47.30639],[10.8875,47.315],[11.02361,47.32139],[11.075,47.325],[11.22056,47.28972],[11.28944,47.30694],[11.73889,47.41667],[11.73917,47.58806],[11.72333,47.58917],[11.68278,47.58444],[11.65528,47.58611],[11.62806,47.58111],[11.60306,47.57472],[11.58861,47.5575],[11.5875,47.53917],[11.57722,47.52028],[11.55167,47.51333],[11.51861,47.51111],[11.48917,47.50722],[11.4625,47.50889],[11.43722,47.51583],[11.41667,47.50222],[11.40056,47.48722],[11.385,47.47139],[11.41028,47.46306],[11.39556,47.44778],[11.36222,47.44667],[11.33417,47.44694],[11.31583,47.43194],[11.29944,47.43056],[11.29194,47.42111],[11.28472,47.40278],[11.255,47.39861],[11.225,47.39528],[11.23472,47.41306],[11.23667,47.43222],[11.20556,47.43389],[11.17639,47.42417],[11.15056,47.41944],[11.12417,47.40833],[11.10028,47.39444],[11.07333,47.39611],[11.04583,47.39444],[11.01833,47.39667],[10.98833,47.39556],[10.96889,47.41194],[10.98361,47.43],[10.96056,47.44861],[10.93944,47.4625],[10.92528,47.4825],[10.895,47.48278],[10.87111,47.49083],[10.88694,47.50583],[10.90083,47.52111],[10.88694,47.53694],[10.85306,47.53333],[10.82444,47.5275],[10.8125,47.52],[10.79861,47.52028],[10.77278,47.51556],[10.75861,47.53444],[10.73167,47.53806],[10.705,47.54417],[10.68083,47.55556],[10.65194,47.55861],[10.62222,47.56556],[10.59583,47.56722],[10.58222,47.55028],[10.55889,47.53722],[10.52444,47.53528],[10.48889,47.54028],[10.46278,47.56306],[10.45583,47.58278],[10.43472,47.56944],[10.45444,47.55583],[10.43861,47.52361],[10.43139,47.50389],[10.45417,47.48417],[10.47,47.46861],[10.46722,47.45028],[10.47278,47.43167],[10.43861,47.41361],[10.42972,47.39417],[10.41333,47.37861],[10.38861,47.36972],[10.3775,47.3525],[10.35694,47.33694],[10.34528,47.32],[10.33028,47.30472],[10.30139,47.29861],[10.27917,47.28806],[10.25472,47.28083],[10.23222,47.27056],[10.20111,47.27639],[10.17583,47.28194],[10.19806,47.29778],[10.21611,47.31111],[10.2075,47.3325],[10.2175,47.35056],[10.23083,47.36806],[10.22611,47.3875],[10.19833,47.385],[10.16944,47.38583],[10.14972,47.36722],[10.11944,47.37556],[10.0925,47.37194],[10.08417,47.39639],[10.08528,47.41444],[10.10556,47.42861],[10.09333,47.45444],[10.06806,47.46139],[10.05278,47.47639],[10.02806,47.48528],[10.00083,47.48222],[9.99333,47.50417],[9.97111,47.5175],[9.95722,47.535],[9.92944,47.53167],[9.90667,47.54194],[9.88028,47.54778],[9.8675,47.53167],[9.84028,47.54222],[9.82083,47.55472],[9.82528,47.57333],[9.81083,47.59111],[9.78222,47.59417],[9.76056,47.58361],[9.75111,47.56667],[9.73833,47.55056],[9.72806,47.53361],[9.68028,47.52444],[9.62028,47.52694],[9.56361,47.53917]]]}}, {"type":"Feature","id":8,"properties":{"_id":"677d59bd13e31af480aca6c2","createdBy":"OPONcQnzWGOLiJSceNaf8pvx1fA2","createdAt":"2025-01-07T16:43:41.861Z","updatedBy":"OPONcQnzWGOLiJSceNaf8pvx1fA2","updatedAt":"2025-01-07T16:45:01.848Z","name":"CTA GLOCKNER","dataIngestion":true,"type":26,"icaoClass":3,"activity":0,"onDemand":false,"onRequest":false,"byNotam":false,"specialAgreement":false,"requestCompliance":false,"country":"AT","upperLimit":{"value":195,"unit":6,"referenceDatum":2},"lowerLimit":{"value":14500,"unit":1,"referenceDatum":1},"hoursOfOperation":{"operatingHours":[{"dayOfWeek":0,"startTime":"00:00","endTime":"00:00","byNotam":false,"sunrise":false,"sunset":false,"publicHolidaysExcluded":false},{"dayOfWeek":1,"startTime":"00:00","endTime":"00:00","byNotam":false,"sunrise":false,"sunset":false,"publicHolidaysExcluded":false},{"dayOfWeek":2,"startTime":"00:00","endTime":"00:00","byNotam":false,"sunrise":false,"sunset":false,"publicHolidaysExcluded":false},{"dayOfWeek":3,"startTime":"00:00","endTime":"00:00","byNotam":false,"sunrise":false,"sunset":false,"publicHolidaysExcluded":false},{"dayOfWeek":4,"startTime":"00:00","endTime":"00:00","byNotam":false,"sunrise":false,"sunset":false,"publicHolidaysExcluded":false},{"dayOfWeek":5,"startTime":"00:00","endTime":"00:00","byNotam":false,"sunrise":false,"sunset":false,"publicHolidaysExcluded":false},{"dayOfWeek":6,"startTime":"00:00","endTime":"00:00","byNotam":false,"sunrise":false,"sunset":false,"publicHolidaysExcluded":false}]},"deletable":true},"geometry":{"type":"Polygon","coordinates":[[[12.09722,47.29167],[11.78167,46.9925],[11.78917,46.99028],[11.81556,46.99],[11.8475,47.00083],[11.87167,47.01056],[11.89528,47.02056],[11.91556,47.0325],[11.94306,47.03583],[11.96861,47.04056],[11.99444,47.04944],[12.02778,47.05],[12.04889,47.06111],[12.07667,47.05889],[12.09222,47.07611],[12.11889,47.07333],[12.14611,47.08028],[12.17056,47.08722],[12.19806,47.08861],[12.22389,47.08333],[12.23333,47.06472],[12.21667,47.05],[12.20778,47.03167],[12.18194,47.025],[12.15556,47.02278],[12.13111,47.01583],[12.12583,46.99722],[12.13722,46.97944],[12.13556,46.96028],[12.16083,46.94806],[12.16139,46.92972],[12.16167,46.90694],[12.19444,46.90333],[12.20278,46.88611],[12.22778,46.87861],[12.25361,46.88861],[12.2775,46.88],[12.29028,46.86417],[12.29556,46.84639],[12.29556,46.82639],[12.28889,46.80861],[12.28056,46.78944],[12.30889,46.785],[12.33722,46.77861],[12.35917,46.76778],[12.36667,46.74972],[12.37583,46.7325],[12.39389,46.7125],[12.41389,46.70083],[12.43694,46.69194],[12.4625,46.68667],[12.4875,46.67722],[12.51583,46.67861],[12.53667,46.6675],[12.55972,46.65333],[12.58611,46.65639],[12.61917,46.66194],[12.64167,46.65194],[12.66944,46.65722],[12.69611,46.65306],[12.71944,46.64389],[12.74667,46.64222],[12.77556,46.64667],[12.81056,46.63111],[12.83722,46.62722],[12.84194,46.60694],[12.87778,46.60917],[12.905,46.6075],[12.93389,46.60833],[12.97417,46.60278],[13.00167,46.60222],[13.0275,46.5975],[13.05611,46.5975],[13.08361,46.60194],[13.11389,46.59389],[13.14222,46.58972],[13.16861,46.585],[13.19278,46.5725],[13.22111,46.56556],[13.24611,46.55611],[13.27444,46.56],[13.30056,46.55833],[13.32778,46.55806],[13.33361,46.56167],[13.33333,46.83333],[13.68333,47.04583],[13.5,47.23333],[13.22222,47.28333],[12.91389,47.33611],[12.49444,47.33611],[12.09722,47.29167]]]}}, {"type":"Feature","id":9,"properties":{"_id":"677d59bd13e31af480aca6c5","createdBy":"OPONcQnzWGOLiJSceNaf8pvx1fA2","createdAt":"2025-01-07T16:43:41.883Z","updatedBy":"OPONcQnzWGOLiJSceNaf8pvx1fA2","updatedAt":"2025-01-07T16:45:01.971Z","name":"CTA GLOCKNER","dataIngestion":true,"type":26,"icaoClass":2,"activity":0,"onDemand":false,"onRequest":false,"byNotam":false,"specialAgreement":false,"requestCompliance":false,"country":"AT","upperLimit":{"value":245,"unit":6,"referenceDatum":2},"lowerLimit":{"value":195,"unit":6,"referenceDatum":2},"hoursOfOperation":{"operatingHours":[{"dayOfWeek":0,"startTime":"00:00","endTime":"00:00","byNotam":false,"sunrise":false,"sunset":false,"publicHolidaysExcluded":false},{"dayOfWeek":1,"startTime":"00:00","endTime":"00:00","byNotam":false,"sunrise":false,"sunset":false,"publicHolidaysExcluded":false},{"dayOfWeek":2,"startTime":"00:00","endTime":"00:00","byNotam":false,"sunrise":false,"sunset":false,"publicHolidaysExcluded":false},{"dayOfWeek":3,"startTime":"00:00","endTime":"00:00","byNotam":false,"sunrise":false,"sunset":false,"publicHolidaysExcluded":false},{"dayOfWeek":4,"startTime":"00:00","endTime":"00:00","byNotam":false,"sunrise":false,"sunset":false,"publicHolidaysExcluded":false},{"dayOfWeek":5,"startTime":"00:00","endTime":"00:00","byNotam":false,"sunrise":false,"sunset":false,"publicHolidaysExcluded":false},{"dayOfWeek":6,"startTime":"00:00","endTime":"00:00","byNotam":false,"sunrise":false,"sunset":false,"publicHolidaysExcluded":false}]},"deletable":true},"geometry":{"type":"Polygon","coordinates":[[[12.09722,47.29167],[11.78167,46.9925],[11.78917,46.99028],[11.81556,46.99],[11.8475,47.00083],[11.87167,47.01056],[11.89528,47.02056],[11.91556,47.0325],[11.94306,47.03583],[11.96861,47.04056],[11.99444,47.04944],[12.02778,47.05],[12.04889,47.06111],[12.07667,47.05889],[12.09222,47.07611],[12.11889,47.07333],[12.14611,47.08028],[12.17056,47.08722],[12.19806,47.08861],[12.22389,47.08333],[12.23333,47.06472],[12.21667,47.05],[12.20778,47.03167],[12.18194,47.025],[12.15556,47.02278],[12.13111,47.01583],[12.12583,46.99722],[12.13722,46.97944],[12.13556,46.96028],[12.16083,46.94806],[12.16139,46.92972],[12.16167,46.90694],[12.19444,46.90333],[12.20278,46.88611],[12.22778,46.87861],[12.25361,46.88861],[12.2775,46.88],[12.29028,46.86417],[12.29556,46.84639],[12.29556,46.82639],[12.28889,46.80861],[12.28056,46.78944],[12.30889,46.785],[12.33722,46.77861],[12.35917,46.76778],[12.36667,46.74972],[12.37583,46.7325],[12.39389,46.7125],[12.41389,46.70083],[12.43694,46.69194],[12.4625,46.68667],[12.4875,46.67722],[12.51583,46.67861],[12.53667,46.6675],[12.55972,46.65333],[12.58611,46.65639],[12.61917,46.66194],[12.64167,46.65194],[12.66944,46.65722],[12.69611,46.65306],[12.71944,46.64389],[12.74667,46.64222],[12.77556,46.64667],[12.81056,46.63111],[12.83722,46.62722],[12.84194,46.60694],[12.87778,46.60917],[12.905,46.6075],[12.93389,46.60833],[12.97417,46.60278],[13.00167,46.60222],[13.0275,46.5975],[13.05611,46.5975],[13.08361,46.60194],[13.11389,46.59389],[13.14222,46.58972],[13.16861,46.585],[13.19278,46.5725],[13.22111,46.56556],[13.24611,46.55611],[13.27444,46.56],[13.30056,46.55833],[13.32778,46.55806],[13.33361,46.56167],[13.33333,46.83333],[13.68333,47.04583],[13.5,47.23333],[13.22222,47.28333],[12.91389,47.33611],[12.49444,47.33611],[12.09722,47.29167]]]}}, {"type":"Feature","id":10,"properties":{"_id":"677d59bd13e31af480aca6c8","createdBy":"OPONcQnzWGOLiJSceNaf8pvx1fA2","createdAt":"2025-01-07T16:43:41.898Z","updatedBy":"OPONcQnzWGOLiJSceNaf8pvx1fA2","updatedAt":"2025-01-07T16:45:02.899Z","name":"CTA N","dataIngestion":true,"type":26,"icaoClass":3,"activity":0,"onDemand":false,"onRequest":false,"byNotam":false,"specialAgreement":false,"requestCompliance":false,"country":"AT","upperLimit":{"value":195,"unit":6,"referenceDatum":2},"lowerLimit":{"value":9500,"unit":1,"referenceDatum":1},"hoursOfOperation":{"operatingHours":[{"dayOfWeek":0,"startTime":"00:00","endTime":"00:00","byNotam":false,"sunrise":false,"sunset":false,"publicHolidaysExcluded":false},{"dayOfWeek":1,"startTime":"00:00","endTime":"00:00","byNotam":false,"sunrise":false,"sunset":false,"publicHolidaysExcluded":false},{"dayOfWeek":2,"startTime":"00:00","endTime":"00:00","byNotam":false,"sunrise":false,"sunset":false,"publicHolidaysExcluded":false},{"dayOfWeek":3,"startTime":"00:00","endTime":"00:00","byNotam":false,"sunrise":false,"sunset":false,"publicHolidaysExcluded":false},{"dayOfWeek":4,"startTime":"00:00","endTime":"00:00","byNotam":false,"sunrise":false,"sunset":false,"publicHolidaysExcluded":false},{"dayOfWeek":5,"startTime":"00:00","endTime":"00:00","byNotam":false,"sunrise":false,"sunset":false,"publicHolidaysExcluded":false},{"dayOfWeek":6,"startTime":"00:00","endTime":"00:00","byNotam":false,"sunrise":false,"sunset":false,"publicHolidaysExcluded":false}]},"deletable":true},"geometry":{"type":"Polygon","coordinates":[[[15.98556,48.78694],[15.9775,48.79083],[15.95,48.80528],[15.95611,48.82389],[15.93028,48.83444],[15.90389,48.84111],[15.87333,48.85389],[15.84611,48.85833],[15.83667,48.87639],[15.77417,48.86778],[15.75361,48.85222],[15.72611,48.85611],[15.69028,48.85583],[15.67028,48.86889],[15.65306,48.88306],[15.62583,48.89083],[15.59778,48.89694],[15.57028,48.89972],[15.54278,48.9075],[15.50639,48.91944],[15.49861,48.93861],[15.47306,48.9475],[15.44444,48.95139],[15.41222,48.95694],[15.36917,48.98028],[15.34083,48.98361],[15.30944,48.97972],[15.28056,48.97722],[15.2675,48.95722],[15.23861,48.9575],[15.20889,48.95556],[15.18694,48.94417],[15.16306,48.9575],[15.16306,48.97583],[15.15583,48.99333],[15.12167,48.9975],[15.09194,48.99722],[15.06444,48.99972],[15.04611,49.01306],[15.01528,49.01833],[14.99139,49.00861],[14.99361,48.98972],[14.97833,48.97472],[14.97667,48.95556],[14.97972,48.9275],[14.99083,48.90861],[14.98361,48.89083],[14.97278,48.86333],[14.97194,48.84194],[14.96972,48.82389],[14.96056,48.80444],[14.96417,48.78583],[14.97417,48.76833],[14.94694,48.76194],[14.91944,48.76833],[14.89306,48.7725],[14.86306,48.77694],[14.835,48.78167],[14.80833,48.7775],[14.81,48.75917],[14.80333,48.74167],[14.79139,48.72472],[14.77306,48.71139],[14.74083,48.70139],[14.72583,48.68306],[14.71778,48.665],[14.72222,48.63833],[14.71417,48.6175],[14.71417,48.59778],[14.69139,48.585],[14.66333,48.58194],[14.64889,48.60778],[14.62167,48.61417],[14.60333,48.62806],[14.58083,48.61694],[14.55722,48.60583],[14.53139,48.61472],[14.50389,48.61694],[14.49083,48.63278],[14.46972,48.64833],[14.44528,48.63806],[14.44722,48.61972],[14.44194,48.60028],[14.41583,48.59222],[14.38611,48.59278],[14.37972,48.56917],[14.35333,48.56278],[14.32611,48.55778],[14.29972,48.56694],[14.27139,48.58111],[14.23722,48.58139],[14.20833,48.58806],[14.18,48.5925],[14.15306,48.59583],[14.12306,48.59306],[14.09722,48.59972],[14.06917,48.59556],[14.05167,48.60944],[14.04806,48.6275],[14.02056,48.63389],[14.02583,48.65222],[14.05306,48.65278],[14.04972,48.67528],[14.02528,48.68917],[14.00972,48.70472],[13.98139,48.70972],[13.95583,48.71722],[13.93333,48.72861],[13.91639,48.7425],[13.89556,48.75694],[13.86833,48.76972],[13.83944,48.77167],[13.82056,48.74306],[13.80806,48.72611],[13.81194,48.70722],[13.8375,48.70056],[13.81361,48.69056],[13.81972,48.67056],[13.81417,48.65],[13.82556,48.63111],[13.81444,48.61306],[13.80222,48.59639],[13.80389,48.57861],[13.78278,48.56583],[13.75556,48.565],[13.74639,48.54667],[13.74306,48.52833],[13.72722,48.51306],[13.69806,48.52306],[13.66556,48.53361],[13.65222,48.54944],[13.6225,48.55556],[13.5925,48.56972],[13.56694,48.56194],[13.54389,48.57444],[13.50528,48.58806],[13.49444,48.56944],[13.47528,48.55611],[13.45,48.56389],[13.44,48.54694],[13.445,48.52861],[13.4575,48.51028],[13.44667,48.49111],[13.43028,48.46389],[13.43444,48.44472],[13.435,48.42417],[13.42083,48.40222],[13.41417,48.37806],[13.39167,48.36472],[13.36556,48.35194],[13.34778,48.33611],[13.32111,48.31917],[13.29222,48.3075],[13.25667,48.29361],[13.22306,48.29417],[13.19417,48.29556],[13.16639,48.29139],[13.16667,48.16722],[13.3675,48.16722],[13.5,47.93694],[13.5,47.87056],[14.29333,47.87],[14.39944,47.81472],[14.52139,47.70194],[14.81139,47.70639],[14.66583,47.83278],[15.58333,47.83333],[15.65944,47.87389],[15.38639,48.12667],[15.40778,48.28639],[15.72472,48.73389],[15.98556,48.78694]]]}}, {"type":"Feature","id":11,"properties":{"_id":"677d59bd13e31af480aca6cb","createdBy":"OPONcQnzWGOLiJSceNaf8pvx1fA2","createdAt":"2025-01-07T16:43:41.968Z","updatedBy":"OPONcQnzWGOLiJSceNaf8pvx1fA2","updatedAt":"2025-01-07T16:45:03.168Z","name":"CTA N","dataIngestion":true,"type":26,"icaoClass":2,"activity":0,"onDemand":false,"onRequest":false,"byNotam":false,"specialAgreement":false,"requestCompliance":false,"country":"AT","upperLimit":{"value":245,"unit":6,"referenceDatum":2},"lowerLimit":{"value":195,"unit":6,"referenceDatum":2},"hoursOfOperation":{"operatingHours":[{"dayOfWeek":0,"startTime":"00:00","endTime":"00:00","byNotam":false,"sunrise":false,"sunset":false,"publicHolidaysExcluded":false},{"dayOfWeek":1,"startTime":"00:00","endTime":"00:00","byNotam":false,"sunrise":false,"sunset":false,"publicHolidaysExcluded":false},{"dayOfWeek":2,"startTime":"00:00","endTime":"00:00","byNotam":false,"sunrise":false,"sunset":false,"publicHolidaysExcluded":false},{"dayOfWeek":3,"startTime":"00:00","endTime":"00:00","byNotam":false,"sunrise":false,"sunset":false,"publicHolidaysExcluded":false},{"dayOfWeek":4,"startTime":"00:00","endTime":"00:00","byNotam":false,"sunrise":false,"sunset":false,"publicHolidaysExcluded":false},{"dayOfWeek":5,"startTime":"00:00","endTime":"00:00","byNotam":false,"sunrise":false,"sunset":false,"publicHolidaysExcluded":false},{"dayOfWeek":6,"startTime":"00:00","endTime":"00:00","byNotam":false,"sunrise":false,"sunset":false,"publicHolidaysExcluded":false}]},"deletable":true},"geometry":{"type":"Polygon","coordinates":[[[15.98556,48.78694],[15.9775,48.79083],[15.95,48.80528],[15.95611,48.82389],[15.93028,48.83444],[15.90389,48.84111],[15.87333,48.85389],[15.84611,48.85833],[15.83667,48.87639],[15.77417,48.86778],[15.75361,48.85222],[15.72611,48.85611],[15.69028,48.85583],[15.67028,48.86889],[15.65306,48.88306],[15.62583,48.89083],[15.59778,48.89694],[15.57028,48.89972],[15.54278,48.9075],[15.50639,48.91944],[15.49861,48.93861],[15.47306,48.9475],[15.44444,48.95139],[15.41222,48.95694],[15.36917,48.98028],[15.34083,48.98361],[15.30944,48.97972],[15.28056,48.97722],[15.2675,48.95722],[15.23861,48.9575],[15.20889,48.95556],[15.18694,48.94417],[15.16306,48.9575],[15.16306,48.97583],[15.15583,48.99333],[15.12167,48.9975],[15.09194,48.99722],[15.06444,48.99972],[15.04611,49.01306],[15.01528,49.01833],[14.99139,49.00861],[14.99361,48.98972],[14.97833,48.97472],[14.97667,48.95556],[14.97972,48.9275],[14.99083,48.90861],[14.98361,48.89083],[14.97278,48.86333],[14.97194,48.84194],[14.96972,48.82389],[14.96056,48.80444],[14.96417,48.78583],[14.97417,48.76833],[14.94694,48.76194],[14.91944,48.76833],[14.89306,48.7725],[14.86306,48.77694],[14.835,48.78167],[14.80833,48.7775],[14.81,48.75917],[14.80333,48.74167],[14.79139,48.72472],[14.77306,48.71139],[14.74083,48.70139],[14.72583,48.68306],[14.71778,48.665],[14.72222,48.63833],[14.71417,48.6175],[14.71417,48.59778],[14.69139,48.585],[14.66333,48.58194],[14.64889,48.60778],[14.62167,48.61417],[14.60333,48.62806],[14.58083,48.61694],[14.55722,48.60583],[14.53139,48.61472],[14.50389,48.61694],[14.49083,48.63278],[14.46972,48.64833],[14.44528,48.63806],[14.44722,48.61972],[14.44194,48.60028],[14.41583,48.59222],[14.38611,48.59278],[14.37972,48.56917],[14.35333,48.56278],[14.32611,48.55778],[14.29972,48.56694],[14.27139,48.58111],[14.23722,48.58139],[14.20833,48.58806],[14.18,48.5925],[14.15306,48.59583],[14.12306,48.59306],[14.09722,48.59972],[14.06917,48.59556],[14.05167,48.60944],[14.04806,48.6275],[14.02056,48.63389],[14.02583,48.65222],[14.05306,48.65278],[14.04972,48.67528],[14.02528,48.68917],[14.00972,48.70472],[13.98139,48.70972],[13.95583,48.71722],[13.93333,48.72861],[13.91639,48.7425],[13.89556,48.75694],[13.86833,48.76972],[13.83944,48.77167],[13.82056,48.74306],[13.80806,48.72611],[13.81194,48.70722],[13.8375,48.70056],[13.81361,48.69056],[13.81972,48.67056],[13.81417,48.65],[13.82556,48.63111],[13.81444,48.61306],[13.80222,48.59639],[13.80389,48.57861],[13.78278,48.56583],[13.75556,48.565],[13.74639,48.54667],[13.74306,48.52833],[13.72722,48.51306],[13.69806,48.52306],[13.66556,48.53361],[13.65222,48.54944],[13.6225,48.55556],[13.5925,48.56972],[13.56694,48.56194],[13.54389,48.57444],[13.50528,48.58806],[13.49444,48.56944],[13.47528,48.55611],[13.45,48.56389],[13.44,48.54694],[13.445,48.52861],[13.4575,48.51028],[13.44667,48.49111],[13.43028,48.46389],[13.43444,48.44472],[13.435,48.42417],[13.42083,48.40222],[13.41417,48.37806],[13.39167,48.36472],[13.36556,48.35194],[13.34778,48.33611],[13.32111,48.31917],[13.29222,48.3075],[13.25667,48.29361],[13.22306,48.29417],[13.19417,48.29556],[13.16639,48.29139],[13.16667,48.16722],[13.3675,48.16722],[13.5,47.93694],[13.5,47.87056],[14.29333,47.87],[14.39944,47.81472],[14.52139,47.70194],[14.81139,47.70639],[14.66583,47.83278],[15.58333,47.83333],[15.65944,47.87389],[15.38639,48.12667],[15.40778,48.28639],[15.72472,48.73389],[15.98556,48.78694]]]}}, {"type":"Feature","id":12,"properties":{"_id":"677d59bd13e31af480aca6ce","createdBy":"OPONcQnzWGOLiJSceNaf8pvx1fA2","createdAt":"2025-01-07T16:43:41.987Z","updatedBy":"OPONcQnzWGOLiJSceNaf8pvx1fA2","updatedAt":"2025-01-07T16:45:03.301Z","name":"CTA S","dataIngestion":true,"type":26,"icaoClass":3,"activity":0,"onDemand":false,"onRequest":false,"byNotam":false,"specialAgreement":false,"requestCompliance":false,"country":"AT","upperLimit":{"value":195,"unit":6,"referenceDatum":2},"lowerLimit":{"value":9500,"unit":1,"referenceDatum":1},"hoursOfOperation":{"operatingHours":[{"dayOfWeek":0,"startTime":"00:00","endTime":"00:00","byNotam":false,"sunrise":false,"sunset":false,"publicHolidaysExcluded":false},{"dayOfWeek":1,"startTime":"00:00","endTime":"00:00","byNotam":false,"sunrise":false,"sunset":false,"publicHolidaysExcluded":false},{"dayOfWeek":2,"startTime":"00:00","endTime":"00:00","byNotam":false,"sunrise":false,"sunset":false,"publicHolidaysExcluded":false},{"dayOfWeek":3,"startTime":"00:00","endTime":"00:00","byNotam":false,"sunrise":false,"sunset":false,"publicHolidaysExcluded":false},{"dayOfWeek":4,"startTime":"00:00","endTime":"00:00","byNotam":false,"sunrise":false,"sunset":false,"publicHolidaysExcluded":false},{"dayOfWeek":5,"startTime":"00:00","endTime":"00:00","byNotam":false,"sunrise":false,"sunset":false,"publicHolidaysExcluded":false},{"dayOfWeek":6,"startTime":"00:00","endTime":"00:00","byNotam":false,"sunrise":false,"sunset":false,"publicHolidaysExcluded":false}]},"deletable":true},"geometry":{"type":"Polygon","coordinates":[[[16.4425,47.23694],[16.26833,47.29389],[16.10472,47.45111],[15.65944,47.87389],[15.58333,47.83333],[15.45639,47.53444],[15.40083,47.52861],[15.095,47.49528],[15,47.48472],[14.75417,47.19167],[14.2125,46.98333],[14.02361,47.13528],[13.96944,47.18194],[13.65194,46.83194],[13.61528,46.70556],[13.68944,46.62361],[13.71417,46.52306],[13.74667,46.51639],[13.77806,46.51722],[13.80111,46.50667],[13.8275,46.51333],[13.85417,46.51417],[13.88028,46.52],[13.9075,46.51972],[13.93194,46.51361],[13.96,46.50306],[13.98361,46.49444],[14.00667,46.48111],[14.03472,46.49083],[14.06556,46.48944],[14.09139,46.48583],[14.1175,46.4775],[14.13306,46.46111],[14.14806,46.44333],[14.17306,46.43417],[14.19778,46.44083],[14.22778,46.43528],[14.25389,46.43694],[14.27861,46.44306],[14.3025,46.43583],[14.3325,46.43194],[14.35694,46.43889],[14.38611,46.44028],[14.41167,46.44556],[14.43833,46.44306],[14.44194,46.42417],[14.46778,46.42139],[14.49417,46.41528],[14.52194,46.42472],[14.54083,46.40639],[14.55444,46.39056],[14.56528,46.37222],[14.5825,46.38722],[14.58833,46.40556],[14.58667,46.4275],[14.6075,46.43917],[14.63694,46.44083],[14.66278,46.44611],[14.67583,46.46167],[14.70222,46.46694],[14.71083,46.48556],[14.73306,46.49556],[14.75917,46.50417],[14.78472,46.49889],[14.81889,46.51083],[14.82278,46.53222],[14.83222,46.54833],[14.83806,46.56889],[14.85556,46.58556],[14.86722,46.60444],[14.89528,46.61056],[14.92167,46.61417],[14.94444,46.62306],[14.97111,46.62472],[14.98,46.60194],[15.00944,46.63306],[15.03,46.64528],[15.05778,46.65222],[15.08611,46.64944],[15.11056,46.65972],[15.13361,46.65639],[15.13778,46.65722],[15.16417,46.65722],[15.19111,46.64917],[15.21611,46.64333],[15.24333,46.64167],[15.26222,46.64472],[15.24556,46.71667],[15.18861,46.98222],[15.18611,46.995],[15.16667,47.08333],[15.17472,47.08778],[15.21528,47.11111],[15.18667,47.275],[15.245,47.31056],[15.2825,47.31528],[15.25611,47.42833],[15.42028,47.44611],[15.63278,47.46889],[15.73972,47.08472],[15.92111,47.05917],[15.98556,46.82722],[16.01389,46.83611],[16.04111,46.84],[16.06583,46.84611],[16.0875,46.85917],[16.11389,46.86917],[16.13778,46.8825],[16.15583,46.89639],[16.17889,46.90667],[16.18972,46.92833],[16.21139,46.94056],[16.23667,46.94611],[16.25,46.96167],[16.2775,46.96889],[16.27944,46.98889],[16.30444,46.99917],[16.33222,46.99972],[16.35611,47.0075],[16.38333,46.99861],[16.41222,47.00444],[16.43472,46.99333],[16.45944,47.00167],[16.48333,46.99389],[16.50639,47.00583],[16.48361,47.01806],[16.46639,47.03167],[16.44083,47.03639],[16.47139,47.045],[16.49806,47.04861],[16.52056,47.06167],[16.49667,47.07028],[16.47083,47.0775],[16.46333,47.095],[16.48278,47.10889],[16.5,47.12333],[16.52667,47.13694],[16.5075,47.14944],[16.48056,47.14611],[16.45417,47.14222],[16.46028,47.16139],[16.455,47.1875],[16.41944,47.20083],[16.435,47.21556],[16.4425,47.23694]]]}}, {"type":"Feature","id":13,"properties":{"_id":"677d59be13e31af480aca6d1","createdBy":"OPONcQnzWGOLiJSceNaf8pvx1fA2","createdAt":"2025-01-07T16:43:42.007Z","updatedBy":"OPONcQnzWGOLiJSceNaf8pvx1fA2","updatedAt":"2025-01-07T16:45:03.788Z","name":"CTA S","dataIngestion":true,"type":26,"icaoClass":2,"activity":0,"onDemand":false,"onRequest":false,"byNotam":false,"specialAgreement":false,"requestCompliance":false,"country":"AT","upperLimit":{"value":245,"unit":6,"referenceDatum":2},"lowerLimit":{"value":195,"unit":6,"referenceDatum":2},"hoursOfOperation":{"operatingHours":[{"dayOfWeek":0,"startTime":"00:00","endTime":"00:00","byNotam":false,"sunrise":false,"sunset":false,"publicHolidaysExcluded":false},{"dayOfWeek":1,"startTime":"00:00","endTime":"00:00","byNotam":false,"sunrise":false,"sunset":false,"publicHolidaysExcluded":false},{"dayOfWeek":2,"startTime":"00:00","endTime":"00:00","byNotam":false,"sunrise":false,"sunset":false,"publicHolidaysExcluded":false},{"dayOfWeek":3,"startTime":"00:00","endTime":"00:00","byNotam":false,"sunrise":false,"sunset":false,"publicHolidaysExcluded":false},{"dayOfWeek":4,"startTime":"00:00","endTime":"00:00","byNotam":false,"sunrise":false,"sunset":false,"publicHolidaysExcluded":false},{"dayOfWeek":5,"startTime":"00:00","endTime":"00:00","byNotam":false,"sunrise":false,"sunset":false,"publicHolidaysExcluded":false},{"dayOfWeek":6,"startTime":"00:00","endTime":"00:00","byNotam":false,"sunrise":false,"sunset":false,"publicHolidaysExcluded":false}]},"deletable":true},"geometry":{"type":"Polygon","coordinates":[[[16.4425,47.23694],[16.26833,47.29389],[16.10472,47.45111],[15.65944,47.87389],[15.58333,47.83333],[15.45639,47.53444],[15.40083,47.52861],[15.095,47.49528],[15,47.48472],[14.75417,47.19167],[14.2125,46.98333],[14.02361,47.13528],[13.96944,47.18194],[13.65194,46.83194],[13.61528,46.70556],[13.68944,46.62361],[13.71417,46.52306],[13.74667,46.51639],[13.77806,46.51722],[13.80111,46.50667],[13.8275,46.51333],[13.85417,46.51417],[13.88028,46.52],[13.9075,46.51972],[13.93194,46.51361],[13.96,46.50306],[13.98361,46.49444],[14.00667,46.48111],[14.03472,46.49083],[14.06556,46.48944],[14.09139,46.48583],[14.1175,46.4775],[14.13306,46.46111],[14.14806,46.44333],[14.17306,46.43417],[14.19778,46.44083],[14.22778,46.43528],[14.25389,46.43694],[14.27861,46.44306],[14.3025,46.43583],[14.3325,46.43194],[14.35694,46.43889],[14.38611,46.44028],[14.41167,46.44556],[14.43833,46.44306],[14.44194,46.42417],[14.46778,46.42139],[14.49417,46.41528],[14.52194,46.42472],[14.54083,46.40639],[14.55444,46.39056],[14.56528,46.37222],[14.5825,46.38722],[14.58833,46.40556],[14.58667,46.4275],[14.6075,46.43917],[14.63694,46.44083],[14.66278,46.44611],[14.67583,46.46167],[14.70222,46.46694],[14.71083,46.48556],[14.73306,46.49556],[14.75917,46.50417],[14.78472,46.49889],[14.81889,46.51083],[14.82278,46.53222],[14.83222,46.54833],[14.83806,46.56889],[14.85556,46.58556],[14.86722,46.60444],[14.89528,46.61056],[14.92167,46.61417],[14.94444,46.62306],[14.97111,46.62472],[14.98,46.60194],[15.00944,46.63306],[15.03,46.64528],[15.05778,46.65222],[15.08611,46.64944],[15.11056,46.65972],[15.13361,46.65639],[15.13778,46.65722],[15.16417,46.65722],[15.19111,46.64917],[15.21611,46.64333],[15.24333,46.64167],[15.26222,46.64472],[15.24556,46.71667],[15.18861,46.98222],[15.18611,46.995],[15.16667,47.08333],[15.17472,47.08778],[15.21528,47.11111],[15.18667,47.275],[15.245,47.31056],[15.2825,47.31528],[15.25611,47.42833],[15.42028,47.44611],[15.63278,47.46889],[15.73972,47.08472],[15.92111,47.05917],[15.98556,46.82722],[16.01389,46.83611],[16.04111,46.84],[16.06583,46.84611],[16.0875,46.85917],[16.11389,46.86917],[16.13778,46.8825],[16.15583,46.89639],[16.17889,46.90667],[16.18972,46.92833],[16.21139,46.94056],[16.23667,46.94611],[16.25,46.96167],[16.2775,46.96889],[16.27944,46.98889],[16.30444,46.99917],[16.33222,46.99972],[16.35611,47.0075],[16.38333,46.99861],[16.41222,47.00444],[16.43472,46.99333],[16.45944,47.00167],[16.48333,46.99389],[16.50639,47.00583],[16.48361,47.01806],[16.46639,47.03167],[16.44083,47.03639],[16.47139,47.045],[16.49806,47.04861],[16.52056,47.06167],[16.49667,47.07028],[16.47083,47.0775],[16.46333,47.095],[16.48278,47.10889],[16.5,47.12333],[16.52667,47.13694],[16.5075,47.14944],[16.48056,47.14611],[16.45417,47.14222],[16.46028,47.16139],[16.455,47.1875],[16.41944,47.20083],[16.435,47.21556],[16.4425,47.23694]]]}}, {"type":"Feature","id":14,"properties":{"_id":"677d59be13e31af480aca6d4","createdBy":"OPONcQnzWGOLiJSceNaf8pvx1fA2","createdAt":"2025-01-07T16:43:42.023Z","updatedBy":"OPONcQnzWGOLiJSceNaf8pvx1fA2","updatedAt":"2025-01-07T16:45:04.788Z","name":"CTR LOWG","dataIngestion":true,"type":4,"icaoClass":3,"activity":0,"onDemand":false,"onRequest":false,"byNotam":false,"specialAgreement":false,"requestCompliance":false,"country":"AT","upperLimit":{"value":4500,"unit":1,"referenceDatum":1},"lowerLimit":{"value":0,"unit":1,"referenceDatum":0},"frequencies":[{"value":"118.200","primary":true,"unit":2,"name":"GRAZ TOWER","_id":"677d59be13e31af480aca6d5"}],"hoursOfOperation":{"operatingHours":[{"dayOfWeek":0,"startTime":"00:00","endTime":"00:00","byNotam":false,"sunrise":false,"sunset":false,"publicHolidaysExcluded":false},{"dayOfWeek":1,"startTime":"00:00","endTime":"00:00","byNotam":false,"sunrise":false,"sunset":false,"publicHolidaysExcluded":false},{"dayOfWeek":2,"startTime":"00:00","endTime":"00:00","byNotam":false,"sunrise":false,"sunset":false,"publicHolidaysExcluded":false},{"dayOfWeek":3,"startTime":"00:00","endTime":"00:00","byNotam":false,"sunrise":false,"sunset":false,"publicHolidaysExcluded":false},{"dayOfWeek":4,"startTime":"00:00","endTime":"00:00","byNotam":false,"sunrise":false,"sunset":false,"publicHolidaysExcluded":false},{"dayOfWeek":5,"startTime":"00:00","endTime":"00:00","byNotam":false,"sunrise":false,"sunset":false,"publicHolidaysExcluded":false},{"dayOfWeek":6,"startTime":"00:00","endTime":"00:00","byNotam":false,"sunrise":false,"sunset":false,"publicHolidaysExcluded":false}]},"deletable":true},"geometry":{"type":"Polygon","coordinates":[[[15.24889,47.09778],[15.28083,46.98472],[15.35278,46.72778],[15.67361,46.76944],[15.57611,47.12306],[15.53389,47.135],[15.49444,47.12972],[15.24889,47.09778]]]}}, {"type":"Feature","id":15,"properties":{"_id":"677d59be13e31af480aca6d8","createdBy":"OPONcQnzWGOLiJSceNaf8pvx1fA2","createdAt":"2025-01-07T16:43:42.037Z","updatedBy":"OPONcQnzWGOLiJSceNaf8pvx1fA2","updatedAt":"2025-01-07T16:45:05.166Z","name":"CTR LOWI","dataIngestion":true,"type":4,"icaoClass":3,"activity":0,"onDemand":false,"onRequest":false,"byNotam":false,"specialAgreement":false,"requestCompliance":false,"country":"AT","upperLimit":{"value":7000,"unit":1,"referenceDatum":1},"lowerLimit":{"value":0,"unit":1,"referenceDatum":0},"frequencies":[{"value":"120.100","primary":true,"unit":2,"name":"INNSBRUCK TOWER","_id":"677d59be13e31af480aca6d9"}],"hoursOfOperation":{"operatingHours":[{"dayOfWeek":0,"startTime":"00:00","endTime":"00:00","byNotam":false,"sunrise":false,"sunset":false,"publicHolidaysExcluded":false},{"dayOfWeek":1,"startTime":"00:00","endTime":"00:00","byNotam":false,"sunrise":false,"sunset":false,"publicHolidaysExcluded":false},{"dayOfWeek":2,"startTime":"00:00","endTime":"00:00","byNotam":false,"sunrise":false,"sunset":false,"publicHolidaysExcluded":false},{"dayOfWeek":3,"startTime":"00:00","endTime":"00:00","byNotam":false,"sunrise":false,"sunset":false,"publicHolidaysExcluded":false},{"dayOfWeek":4,"startTime":"00:00","endTime":"00:00","byNotam":false,"sunrise":false,"sunset":false,"publicHolidaysExcluded":false},{"dayOfWeek":5,"startTime":"00:00","endTime":"00:00","byNotam":false,"sunrise":false,"sunset":false,"publicHolidaysExcluded":false},{"dayOfWeek":6,"startTime":"00:00","endTime":"00:00","byNotam":false,"sunrise":false,"sunset":false,"publicHolidaysExcluded":false}]},"deletable":true},"geometry":{"type":"Polygon","coordinates":[[[11.73889,47.41667],[11.28944,47.30694],[11.22056,47.28972],[11.075,47.325],[11.02361,47.32139],[11.00167,47.3025],[11.01389,47.26333],[11.04444,47.25333],[11.0125,47.17778],[11.16806,47.13194],[11.36944,47.1875],[11.80278,47.30556],[11.7575,47.38444],[11.75111,47.39444],[11.7475,47.40167],[11.73889,47.41667]]]}}, {"type":"Feature","id":16,"properties":{"_id":"677d59be13e31af480aca6dc","createdBy":"OPONcQnzWGOLiJSceNaf8pvx1fA2","createdAt":"2025-01-07T16:43:42.072Z","updatedBy":"OPONcQnzWGOLiJSceNaf8pvx1fA2","updatedAt":"2025-01-07T16:45:05.280Z","name":"CTR LOWK","dataIngestion":true,"type":4,"icaoClass":3,"activity":0,"onDemand":false,"onRequest":false,"byNotam":false,"specialAgreement":false,"requestCompliance":false,"country":"AT","upperLimit":{"value":4500,"unit":1,"referenceDatum":1},"lowerLimit":{"value":0,"unit":1,"referenceDatum":0},"frequencies":[{"value":"118.100","primary":true,"unit":2,"name":"KLAGENFURT TOWER","_id":"677d59be13e31af480aca6dd"}],"hoursOfOperation":{"operatingHours":[{"dayOfWeek":0,"startTime":"00:00","endTime":"00:00","byNotam":false,"sunrise":false,"sunset":false,"publicHolidaysExcluded":false},{"dayOfWeek":1,"startTime":"00:00","endTime":"00:00","byNotam":false,"sunrise":false,"sunset":false,"publicHolidaysExcluded":false},{"dayOfWeek":2,"startTime":"00:00","endTime":"00:00","byNotam":false,"sunrise":false,"sunset":false,"publicHolidaysExcluded":false},{"dayOfWeek":3,"startTime":"00:00","endTime":"00:00","byNotam":false,"sunrise":false,"sunset":false,"publicHolidaysExcluded":false},{"dayOfWeek":4,"startTime":"00:00","endTime":"00:00","byNotam":false,"sunrise":false,"sunset":false,"publicHolidaysExcluded":false},{"dayOfWeek":5,"startTime":"00:00","endTime":"00:00","byNotam":false,"sunrise":false,"sunset":false,"publicHolidaysExcluded":false},{"dayOfWeek":6,"startTime":"00:00","endTime":"00:00","byNotam":false,"sunrise":false,"sunset":false,"publicHolidaysExcluded":false}]},"deletable":true},"geometry":{"type":"Polygon","coordinates":[[[14.16639,46.76389],[14.1175,46.6375],[14.11194,46.62278],[14.15694,46.58611],[14.36667,46.58861],[14.61111,46.53889],[14.64583,46.55194],[14.755,46.59111],[14.7,46.66861],[14.62833,46.66917],[14.16639,46.76389]]]}}, {"type":"Feature","id":17,"properties":{"_id":"677d59be13e31af480aca6e0","createdBy":"OPONcQnzWGOLiJSceNaf8pvx1fA2","createdAt":"2025-01-07T16:43:42.088Z","updatedBy":"OPONcQnzWGOLiJSceNaf8pvx1fA2","updatedAt":"2025-01-07T16:45:05.406Z","name":"CTR LOWL","dataIngestion":true,"type":4,"icaoClass":3,"activity":0,"onDemand":false,"onRequest":false,"byNotam":false,"specialAgreement":false,"requestCompliance":false,"country":"AT","upperLimit":{"value":2500,"unit":1,"referenceDatum":1},"lowerLimit":{"value":0,"unit":1,"referenceDatum":0},"frequencies":[{"value":"118.800","primary":true,"unit":2,"name":"LINZ TOWER","_id":"677d59be13e31af480aca6e1"}],"hoursOfOperation":{"operatingHours":[{"dayOfWeek":0,"startTime":"00:00","endTime":"00:00","byNotam":false,"sunrise":false,"sunset":false,"publicHolidaysExcluded":false},{"dayOfWeek":1,"startTime":"00:00","endTime":"00:00","byNotam":false,"sunrise":false,"sunset":false,"publicHolidaysExcluded":false},{"dayOfWeek":2,"startTime":"00:00","endTime":"00:00","byNotam":false,"sunrise":false,"sunset":false,"publicHolidaysExcluded":false},{"dayOfWeek":3,"startTime":"00:00","endTime":"00:00","byNotam":false,"sunrise":false,"sunset":false,"publicHolidaysExcluded":false},{"dayOfWeek":4,"startTime":"00:00","endTime":"00:00","byNotam":false,"sunrise":false,"sunset":false,"publicHolidaysExcluded":false},{"dayOfWeek":5,"startTime":"00:00","endTime":"00:00","byNotam":false,"sunrise":false,"sunset":false,"publicHolidaysExcluded":false},{"dayOfWeek":6,"startTime":"00:00","endTime":"00:00","byNotam":false,"sunrise":false,"sunset":false,"publicHolidaysExcluded":false}]},"deletable":true},"geometry":{"type":"Polygon","coordinates":[[[14.325,48.28806],[13.96889,48.27639],[13.97444,48.1975],[14.01389,48.20139],[14.08611,48.20139],[14.08944,48.15194],[14.40778,48.1625],[14.40056,48.26917],[14.36861,48.26806],[14.325,48.28806]]]}}, {"type":"Feature","id":18,"properties":{"_id":"677d59be13e31af480aca6e4","createdBy":"OPONcQnzWGOLiJSceNaf8pvx1fA2","createdAt":"2025-01-07T16:43:42.100Z","updatedBy":"OPONcQnzWGOLiJSceNaf8pvx1fA2","updatedAt":"2025-01-07T16:45:05.551Z","name":"CTR LOWS","dataIngestion":true,"type":4,"icaoClass":3,"activity":0,"onDemand":false,"onRequest":false,"byNotam":false,"specialAgreement":false,"requestCompliance":false,"country":"AT","upperLimit":{"value":7000,"unit":1,"referenceDatum":1},"lowerLimit":{"value":0,"unit":1,"referenceDatum":0},"frequencies":[{"value":"118.100","primary":true,"unit":2,"name":"SALZBURG TOWER","_id":"677d59be13e31af480aca6e5"}],"hoursOfOperation":{"operatingHours":[{"dayOfWeek":0,"startTime":"00:00","endTime":"00:00","byNotam":false,"sunrise":false,"sunset":false,"publicHolidaysExcluded":false},{"dayOfWeek":1,"startTime":"00:00","endTime":"00:00","byNotam":false,"sunrise":false,"sunset":false,"publicHolidaysExcluded":false},{"dayOfWeek":2,"startTime":"00:00","endTime":"00:00","byNotam":false,"sunrise":false,"sunset":false,"publicHolidaysExcluded":false},{"dayOfWeek":3,"startTime":"00:00","endTime":"00:00","byNotam":false,"sunrise":false,"sunset":false,"publicHolidaysExcluded":false},{"dayOfWeek":4,"startTime":"00:00","endTime":"00:00","byNotam":false,"sunrise":false,"sunset":false,"publicHolidaysExcluded":false},{"dayOfWeek":5,"startTime":"00:00","endTime":"00:00","byNotam":false,"sunrise":false,"sunset":false,"publicHolidaysExcluded":false},{"dayOfWeek":6,"startTime":"00:00","endTime":"00:00","byNotam":false,"sunrise":false,"sunset":false,"publicHolidaysExcluded":false}]},"deletable":true},"geometry":{"type":"Polygon","coordinates":[[[12.845,48.02028],[12.86,47.99694],[12.89,47.95861],[12.92056,47.95139],[12.93889,47.93806],[12.94806,47.91972],[12.96528,47.90222],[12.98167,47.87694],[13.00139,47.85444],[12.99194,47.83389],[12.97694,47.81556],[12.96194,47.79778],[12.93833,47.78333],[12.93333,47.77611],[12.94222,47.77111],[13.01278,47.7225],[13.03083,47.71694],[13.05444,47.70472],[13.07417,47.69194],[13.08083,47.68694],[13.18278,47.71444],[13.15278,47.78389],[13.04833,48.02194],[12.845,48.02028]]]}}, {"type":"Feature","id":19,"properties":{"_id":"677d59be13e31af480aca6e8","createdBy":"OPONcQnzWGOLiJSceNaf8pvx1fA2","createdAt":"2025-01-07T16:43:42.113Z","updatedBy":"OPONcQnzWGOLiJSceNaf8pvx1fA2","updatedAt":"2025-01-07T16:45:05.709Z","name":"CTR LOWW","dataIngestion":true,"type":4,"icaoClass":3,"activity":0,"onDemand":false,"onRequest":false,"byNotam":false,"specialAgreement":false,"requestCompliance":false,"country":"AT","upperLimit":{"value":2500,"unit":1,"referenceDatum":1},"lowerLimit":{"value":0,"unit":1,"referenceDatum":0},"frequencies":[{"value":"119.400","primary":true,"unit":2,"name":"WIEN TOWER","_id":"677d59be13e31af480aca6e9"}],"hoursOfOperation":{"operatingHours":[{"dayOfWeek":0,"startTime":"00:00","endTime":"00:00","byNotam":false,"sunrise":false,"sunset":false,"publicHolidaysExcluded":false},{"dayOfWeek":1,"startTime":"00:00","endTime":"00:00","byNotam":false,"sunrise":false,"sunset":false,"publicHolidaysExcluded":false},{"dayOfWeek":2,"startTime":"00:00","endTime":"00:00","byNotam":false,"sunrise":false,"sunset":false,"publicHolidaysExcluded":false},{"dayOfWeek":3,"startTime":"00:00","endTime":"00:00","byNotam":false,"sunrise":false,"sunset":false,"publicHolidaysExcluded":false},{"dayOfWeek":4,"startTime":"00:00","endTime":"00:00","byNotam":false,"sunrise":false,"sunset":false,"publicHolidaysExcluded":false},{"dayOfWeek":5,"startTime":"00:00","endTime":"00:00","byNotam":false,"sunrise":false,"sunset":false,"publicHolidaysExcluded":false},{"dayOfWeek":6,"startTime":"00:00","endTime":"00:00","byNotam":false,"sunrise":false,"sunset":false,"publicHolidaysExcluded":false}]},"deletable":true},"geometry":{"type":"Polygon","coordinates":[[[16.38333,48.28333],[16.29444,48.27222],[16.21667,48.15833],[16.26472,48.14278],[16.56194,47.85944],[16.76528,47.97444],[16.84083,48.07778],[16.60306,48.30611],[16.48333,48.28333],[16.38333,48.28333]]]}}, {"type":"Feature","id":20,"properties":{"_id":"677d59be13e31af480aca6ec","createdBy":"OPONcQnzWGOLiJSceNaf8pvx1fA2","createdAt":"2025-01-07T16:43:42.125Z","updatedBy":"OPONcQnzWGOLiJSceNaf8pvx1fA2","updatedAt":"2025-11-17T09:22:05.087Z","name":"MCTR LOXT","dataIngestion":true,"type":4,"icaoClass":3,"activity":0,"onDemand":false,"onRequest":false,"byNotam":false,"specialAgreement":false,"requestCompliance":false,"country":"AT","upperLimit":{"value":2500,"unit":1,"referenceDatum":1},"lowerLimit":{"value":0,"unit":1,"referenceDatum":0},"frequencies":[{"value":"118.905","primary":true,"unit":2,"name":"TULLN TOWER","_id":"691ae03e7614098ca4d59f08"}],"hoursOfOperation":{"operatingHours":[{"dayOfWeek":0,"startTime":"00:00","endTime":"00:00","byNotam":false,"sunrise":false,"sunset":false,"publicHolidaysExcluded":false},{"dayOfWeek":1,"startTime":"00:00","endTime":"00:00","byNotam":false,"sunrise":false,"sunset":false,"publicHolidaysExcluded":false},{"dayOfWeek":2,"startTime":"00:00","endTime":"00:00","byNotam":false,"sunrise":false,"sunset":false,"publicHolidaysExcluded":false},{"dayOfWeek":3,"startTime":"00:00","endTime":"00:00","byNotam":false,"sunrise":false,"sunset":false,"publicHolidaysExcluded":false},{"dayOfWeek":4,"startTime":"00:00","endTime":"00:00","byNotam":false,"sunrise":false,"sunset":false,"publicHolidaysExcluded":false},{"dayOfWeek":5,"startTime":"00:00","endTime":"00:00","byNotam":false,"sunrise":false,"sunset":false,"publicHolidaysExcluded":false},{"dayOfWeek":6,"startTime":"00:00","endTime":"00:00","byNotam":false,"sunrise":false,"sunset":false,"publicHolidaysExcluded":false}]},"deletable":true},"geometry":{"type":"Polygon","coordinates":[[[15.99167,48.4],[15.74389,48.35],[15.79583,48.2625],[16.09,48.25278],[16.16389,48.27583],[16.18056,48.28083],[16.25444,48.30389],[16.31944,48.30861],[16.325,48.31056],[16.3,48.36667],[15.99167,48.4]]]}}, {"type":"Feature","id":21,"properties":{"_id":"677d59be13e31af480aca6f0","createdBy":"OPONcQnzWGOLiJSceNaf8pvx1fA2","createdAt":"2025-01-07T16:43:42.136Z","updatedBy":"OPONcQnzWGOLiJSceNaf8pvx1fA2","updatedAt":"2025-01-07T16:45:05.935Z","name":"MCTR LOXZ","dataIngestion":true,"type":4,"icaoClass":3,"activity":0,"onDemand":false,"onRequest":false,"byNotam":false,"specialAgreement":false,"requestCompliance":false,"country":"AT","upperLimit":{"value":8000,"unit":1,"referenceDatum":1},"lowerLimit":{"value":0,"unit":1,"referenceDatum":0},"hoursOfOperation":{"operatingHours":[{"dayOfWeek":0,"startTime":"00:00","endTime":"00:00","byNotam":false,"sunrise":false,"sunset":false,"publicHolidaysExcluded":false},{"dayOfWeek":1,"startTime":"00:00","endTime":"00:00","byNotam":false,"sunrise":false,"sunset":false,"publicHolidaysExcluded":false},{"dayOfWeek":2,"startTime":"00:00","endTime":"00:00","byNotam":false,"sunrise":false,"sunset":false,"publicHolidaysExcluded":false},{"dayOfWeek":3,"startTime":"00:00","endTime":"00:00","byNotam":false,"sunrise":false,"sunset":false,"publicHolidaysExcluded":false},{"dayOfWeek":4,"startTime":"00:00","endTime":"00:00","byNotam":false,"sunrise":false,"sunset":false,"publicHolidaysExcluded":false},{"dayOfWeek":5,"startTime":"00:00","endTime":"00:00","byNotam":false,"sunrise":false,"sunset":false,"publicHolidaysExcluded":false},{"dayOfWeek":6,"startTime":"00:00","endTime":"00:00","byNotam":false,"sunrise":false,"sunset":false,"publicHolidaysExcluded":false}]},"deletable":true},"geometry":{"type":"Polygon","coordinates":[[[14.36806,47.24361],[14.40944,47.07944],[14.50889,47.09111],[14.51722,47.05806],[14.66556,47.07528],[14.6575,47.10833],[15.11556,47.16],[15.07611,47.32444],[14.36806,47.24361]]]}}, {"type":"Feature","id":22,"properties":{"_id":"677d59be13e31af480aca6f3","createdBy":"OPONcQnzWGOLiJSceNaf8pvx1fA2","createdAt":"2025-01-07T16:43:42.147Z","updatedBy":"OPONcQnzWGOLiJSceNaf8pvx1fA2","updatedAt":"2025-01-07T16:45:06.033Z","name":"LOD21 (LIZUM)","dataIngestion":true,"type":2,"icaoClass":8,"activity":0,"onDemand":false,"onRequest":false,"byNotam":false,"specialAgreement":false,"requestCompliance":false,"country":"AT","upperLimit":{"value":215,"unit":6,"referenceDatum":2},"lowerLimit":{"value":0,"unit":1,"referenceDatum":0},"hoursOfOperation":{"operatingHours":[{"dayOfWeek":0,"startTime":"00:00","endTime":"00:00","byNotam":false,"sunrise":false,"sunset":false,"publicHolidaysExcluded":false},{"dayOfWeek":1,"startTime":"00:00","endTime":"00:00","byNotam":false,"sunrise":false,"sunset":false,"publicHolidaysExcluded":false},{"dayOfWeek":2,"startTime":"00:00","endTime":"00:00","byNotam":false,"sunrise":false,"sunset":false,"publicHolidaysExcluded":false},{"dayOfWeek":3,"startTime":"00:00","endTime":"00:00","byNotam":false,"sunrise":false,"sunset":false,"publicHolidaysExcluded":false},{"dayOfWeek":4,"startTime":"00:00","endTime":"00:00","byNotam":false,"sunrise":false,"sunset":false,"publicHolidaysExcluded":false},{"dayOfWeek":5,"startTime":"00:00","endTime":"00:00","byNotam":false,"sunrise":false,"sunset":false,"publicHolidaysExcluded":false},{"dayOfWeek":6,"startTime":"00:00","endTime":"00:00","byNotam":false,"sunrise":false,"sunset":false,"publicHolidaysExcluded":false}]},"deletable":true},"geometry":{"type":"Polygon","coordinates":[[[11.61667,47.225],[11.58889,47.2],[11.575,47.17222],[11.6,47.13333],[11.65,47.125],[11.69167,47.15833],[11.66667,47.21667],[11.61667,47.225]]]}}, {"type":"Feature","id":23,"properties":{"_id":"677d59be13e31af480aca6f6","createdBy":"OPONcQnzWGOLiJSceNaf8pvx1fA2","createdAt":"2025-01-07T16:43:42.171Z","updatedBy":"OPONcQnzWGOLiJSceNaf8pvx1fA2","updatedAt":"2025-01-07T16:45:06.169Z","name":"LOD22 (HOCHFILZEN)","dataIngestion":true,"type":2,"icaoClass":8,"activity":0,"onDemand":false,"onRequest":false,"byNotam":false,"specialAgreement":false,"requestCompliance":false,"country":"AT","upperLimit":{"value":145,"unit":6,"referenceDatum":2},"lowerLimit":{"value":0,"unit":1,"referenceDatum":0},"hoursOfOperation":{"operatingHours":[{"dayOfWeek":0,"startTime":"00:00","endTime":"00:00","byNotam":false,"sunrise":false,"sunset":false,"publicHolidaysExcluded":false},{"dayOfWeek":1,"startTime":"00:00","endTime":"00:00","byNotam":false,"sunrise":false,"sunset":false,"publicHolidaysExcluded":false},{"dayOfWeek":2,"startTime":"00:00","endTime":"00:00","byNotam":false,"sunrise":false,"sunset":false,"publicHolidaysExcluded":false},{"dayOfWeek":3,"startTime":"00:00","endTime":"00:00","byNotam":false,"sunrise":false,"sunset":false,"publicHolidaysExcluded":false},{"dayOfWeek":4,"startTime":"00:00","endTime":"00:00","byNotam":false,"sunrise":false,"sunset":false,"publicHolidaysExcluded":false},{"dayOfWeek":5,"startTime":"00:00","endTime":"00:00","byNotam":false,"sunrise":false,"sunset":false,"publicHolidaysExcluded":false},{"dayOfWeek":6,"startTime":"00:00","endTime":"00:00","byNotam":false,"sunrise":false,"sunset":false,"publicHolidaysExcluded":false}]},"deletable":true},"geometry":{"type":"Polygon","coordinates":[[[12.6,47.525],[12.625,47.475],[12.69167,47.45],[12.72222,47.5],[12.6,47.525]]]}}, {"type":"Feature","id":24,"properties":{"_id":"677d59be13e31af480aca6f9","createdBy":"OPONcQnzWGOLiJSceNaf8pvx1fA2","createdAt":"2025-01-07T16:43:42.183Z","updatedBy":"OPONcQnzWGOLiJSceNaf8pvx1fA2","updatedAt":"2025-01-07T16:45:06.463Z","name":"LOD24 (SEETALERALPE)","dataIngestion":true,"type":2,"icaoClass":8,"activity":0,"onDemand":false,"onRequest":false,"byNotam":false,"specialAgreement":false,"requestCompliance":false,"country":"AT","upperLimit":{"value":215,"unit":6,"referenceDatum":2},"lowerLimit":{"value":0,"unit":1,"referenceDatum":0},"hoursOfOperation":{"operatingHours":[{"dayOfWeek":0,"startTime":"00:00","endTime":"00:00","byNotam":false,"sunrise":false,"sunset":false,"publicHolidaysExcluded":false},{"dayOfWeek":1,"startTime":"00:00","endTime":"00:00","byNotam":false,"sunrise":false,"sunset":false,"publicHolidaysExcluded":false},{"dayOfWeek":2,"startTime":"00:00","endTime":"00:00","byNotam":false,"sunrise":false,"sunset":false,"publicHolidaysExcluded":false},{"dayOfWeek":3,"startTime":"00:00","endTime":"00:00","byNotam":false,"sunrise":false,"sunset":false,"publicHolidaysExcluded":false},{"dayOfWeek":4,"startTime":"00:00","endTime":"00:00","byNotam":false,"sunrise":false,"sunset":false,"publicHolidaysExcluded":false},{"dayOfWeek":5,"startTime":"00:00","endTime":"00:00","byNotam":false,"sunrise":false,"sunset":false,"publicHolidaysExcluded":false},{"dayOfWeek":6,"startTime":"00:00","endTime":"00:00","byNotam":false,"sunrise":false,"sunset":false,"publicHolidaysExcluded":false}]},"deletable":true},"geometry":{"type":"Polygon","coordinates":[[[14.51389,47.11667],[14.55417,47.06833],[14.63333,47.1],[14.63333,47.13333],[14.51972,47.13333],[14.50694,47.125],[14.51389,47.11667]]]}}, {"type":"Feature","id":25,"properties":{"_id":"677d59be13e31af480aca6fc","createdBy":"OPONcQnzWGOLiJSceNaf8pvx1fA2","createdAt":"2025-01-07T16:43:42.196Z","updatedBy":"OPONcQnzWGOLiJSceNaf8pvx1fA2","updatedAt":"2025-01-07T16:45:06.569Z","name":"LOD25A (ALLENTSTEIG)","dataIngestion":true,"type":2,"icaoClass":8,"activity":0,"onDemand":false,"onRequest":false,"byNotam":false,"specialAgreement":false,"requestCompliance":false,"country":"AT","upperLimit":{"value":475,"unit":6,"referenceDatum":2},"lowerLimit":{"value":0,"unit":1,"referenceDatum":0},"hoursOfOperation":{"operatingHours":[{"dayOfWeek":0,"startTime":"00:00","endTime":"00:00","byNotam":false,"sunrise":false,"sunset":false,"publicHolidaysExcluded":false},{"dayOfWeek":1,"startTime":"00:00","endTime":"00:00","byNotam":false,"sunrise":false,"sunset":false,"publicHolidaysExcluded":false},{"dayOfWeek":2,"startTime":"00:00","endTime":"00:00","byNotam":false,"sunrise":false,"sunset":false,"publicHolidaysExcluded":false},{"dayOfWeek":3,"startTime":"00:00","endTime":"00:00","byNotam":false,"sunrise":false,"sunset":false,"publicHolidaysExcluded":false},{"dayOfWeek":4,"startTime":"00:00","endTime":"00:00","byNotam":false,"sunrise":false,"sunset":false,"publicHolidaysExcluded":false},{"dayOfWeek":5,"startTime":"00:00","endTime":"00:00","byNotam":false,"sunrise":false,"sunset":false,"publicHolidaysExcluded":false},{"dayOfWeek":6,"startTime":"00:00","endTime":"00:00","byNotam":false,"sunrise":false,"sunset":false,"publicHolidaysExcluded":false}]},"deletable":true},"geometry":{"type":"Polygon","coordinates":[[[15.18333,48.75833],[15.08333,48.725],[15.16667,48.60833],[15.45,48.59167],[15.56528,48.625],[15.52361,48.69306],[15.36667,48.74167],[15.18333,48.75833]]]}}, {"type":"Feature","id":26,"properties":{"_id":"677d59be13e31af480aca6ff","createdBy":"OPONcQnzWGOLiJSceNaf8pvx1fA2","createdAt":"2025-01-07T16:43:42.212Z","updatedBy":"OPONcQnzWGOLiJSceNaf8pvx1fA2","updatedAt":"2025-01-07T16:45:06.812Z","name":"LOD25B (ALLENTSTEIG)","dataIngestion":true,"type":2,"icaoClass":8,"activity":0,"onDemand":false,"onRequest":false,"byNotam":false,"specialAgreement":false,"requestCompliance":false,"country":"AT","upperLimit":{"value":3500,"unit":1,"referenceDatum":1},"lowerLimit":{"value":0,"unit":1,"referenceDatum":0},"hoursOfOperation":{"operatingHours":[{"dayOfWeek":0,"startTime":"00:00","endTime":"00:00","byNotam":false,"sunrise":false,"sunset":false,"publicHolidaysExcluded":false},{"dayOfWeek":1,"startTime":"00:00","endTime":"00:00","byNotam":false,"sunrise":false,"sunset":false,"publicHolidaysExcluded":false},{"dayOfWeek":2,"startTime":"00:00","endTime":"00:00","byNotam":false,"sunrise":false,"sunset":false,"publicHolidaysExcluded":false},{"dayOfWeek":3,"startTime":"00:00","endTime":"00:00","byNotam":false,"sunrise":false,"sunset":false,"publicHolidaysExcluded":false},{"dayOfWeek":4,"startTime":"00:00","endTime":"00:00","byNotam":false,"sunrise":false,"sunset":false,"publicHolidaysExcluded":false},{"dayOfWeek":5,"startTime":"00:00","endTime":"00:00","byNotam":false,"sunrise":false,"sunset":false,"publicHolidaysExcluded":false},{"dayOfWeek":6,"startTime":"00:00","endTime":"00:00","byNotam":false,"sunrise":false,"sunset":false,"publicHolidaysExcluded":false}]},"deletable":true},"geometry":{"type":"Polygon","coordinates":[[[15.52361,48.69306],[15.56528,48.625],[15.45,48.59167],[15.65833,48.6],[15.6,48.66667],[15.52361,48.69306]]]}}, {"type":"Feature","id":27,"properties":{"_id":"677d59be13e31af480aca702","createdBy":"OPONcQnzWGOLiJSceNaf8pvx1fA2","createdAt":"2025-01-07T16:43:42.271Z","updatedBy":"OPONcQnzWGOLiJSceNaf8pvx1fA2","updatedAt":"2025-01-07T16:45:06.953Z","name":"LOD27 (GLAINACH)","dataIngestion":true,"type":2,"icaoClass":8,"activity":0,"onDemand":false,"onRequest":false,"byNotam":false,"specialAgreement":false,"requestCompliance":false,"country":"AT","upperLimit":{"value":3500,"unit":1,"referenceDatum":1},"lowerLimit":{"value":0,"unit":1,"referenceDatum":0},"hoursOfOperation":{"operatingHours":[{"dayOfWeek":0,"startTime":"00:00","endTime":"00:00","byNotam":false,"sunrise":false,"sunset":false,"publicHolidaysExcluded":false},{"dayOfWeek":1,"startTime":"00:00","endTime":"00:00","byNotam":false,"sunrise":false,"sunset":false,"publicHolidaysExcluded":false},{"dayOfWeek":2,"startTime":"00:00","endTime":"00:00","byNotam":false,"sunrise":false,"sunset":false,"publicHolidaysExcluded":false},{"dayOfWeek":3,"startTime":"00:00","endTime":"00:00","byNotam":false,"sunrise":false,"sunset":false,"publicHolidaysExcluded":false},{"dayOfWeek":4,"startTime":"00:00","endTime":"00:00","byNotam":false,"sunrise":false,"sunset":false,"publicHolidaysExcluded":false},{"dayOfWeek":5,"startTime":"00:00","endTime":"00:00","byNotam":false,"sunrise":false,"sunset":false,"publicHolidaysExcluded":false},{"dayOfWeek":6,"startTime":"00:00","endTime":"00:00","byNotam":false,"sunrise":false,"sunset":false,"publicHolidaysExcluded":false}]},"deletable":true},"geometry":{"type":"Polygon","coordinates":[[[14.3375,46.53916],[14.33624,46.53907],[14.33504,46.5388],[14.33394,46.53837],[14.33284,46.53765],[14.33214,46.53693],[14.33161,46.53595],[14.33145,46.53509],[14.33161,46.53405],[14.33202,46.53323],[14.33268,46.53248],[14.33355,46.53185],[14.33481,46.53127],[14.33599,46.53097],[14.3375,46.53084],[14.33901,46.53097],[14.34019,46.53127],[14.34182,46.53209],[14.34298,46.53323],[14.34352,46.53456],[14.34339,46.53595],[14.34261,46.53723],[14.34126,46.53826],[14.33949,46.53893],[14.3375,46.53916]]]}}, {"type":"Feature","id":28,"properties":{"_id":"677d59be13e31af480aca705","createdBy":"OPONcQnzWGOLiJSceNaf8pvx1fA2","createdAt":"2025-01-07T16:43:42.337Z","updatedBy":"OPONcQnzWGOLiJSceNaf8pvx1fA2","updatedAt":"2025-01-07T16:45:07.090Z","name":"LOD28 (MARWIESEN)","dataIngestion":true,"type":2,"icaoClass":8,"activity":0,"onDemand":false,"onRequest":false,"byNotam":false,"specialAgreement":false,"requestCompliance":false,"country":"AT","upperLimit":{"value":7500,"unit":1,"referenceDatum":1},"lowerLimit":{"value":0,"unit":1,"referenceDatum":0},"hoursOfOperation":{"operatingHours":[{"dayOfWeek":0,"startTime":"00:00","endTime":"00:00","byNotam":false,"sunrise":false,"sunset":false,"publicHolidaysExcluded":false},{"dayOfWeek":1,"startTime":"00:00","endTime":"00:00","byNotam":false,"sunrise":false,"sunset":false,"publicHolidaysExcluded":false},{"dayOfWeek":2,"startTime":"00:00","endTime":"00:00","byNotam":false,"sunrise":false,"sunset":false,"publicHolidaysExcluded":false},{"dayOfWeek":3,"startTime":"00:00","endTime":"00:00","byNotam":false,"sunrise":false,"sunset":false,"publicHolidaysExcluded":false},{"dayOfWeek":4,"startTime":"00:00","endTime":"00:00","byNotam":false,"sunrise":false,"sunset":false,"publicHolidaysExcluded":false},{"dayOfWeek":5,"startTime":"00:00","endTime":"00:00","byNotam":false,"sunrise":false,"sunset":false,"publicHolidaysExcluded":false},{"dayOfWeek":6,"startTime":"00:00","endTime":"00:00","byNotam":false,"sunrise":false,"sunset":false,"publicHolidaysExcluded":false}]},"deletable":true},"geometry":{"type":"Polygon","coordinates":[[[13.63333,46.69999],[13.62828,46.69962],[13.62345,46.69855],[13.62163,46.69792],[13.61906,46.6968],[13.61671,46.69547],[13.61462,46.69395],[13.61339,46.69283],[13.61181,46.69104],[13.61057,46.68913],[13.60969,46.68713],[13.60931,46.68576],[13.60906,46.68368],[13.60919,46.68159],[13.6097,46.67952],[13.61024,46.67818],[13.61137,46.67624],[13.61231,46.675],[13.614,46.67326],[13.61529,46.67218],[13.61747,46.67072],[13.6199,46.66946],[13.62254,46.66841],[13.6244,46.66784],[13.62729,46.6672],[13.63029,46.66681],[13.63333,46.66667],[13.63637,46.66681],[13.63937,46.6672],[13.64226,46.66784],[13.64412,46.66841],[13.6476,46.66985],[13.65067,46.67168],[13.65326,46.67382],[13.65529,46.67624],[13.65671,46.67885],[13.65747,46.68159],[13.65756,46.68437],[13.65697,46.68713],[13.65571,46.68978],[13.65383,46.69225],[13.65138,46.69447],[13.64841,46.69638],[13.64503,46.69792],[13.64132,46.69906],[13.63738,46.69975],[13.63333,46.69999]]]}}, {"type":"Feature","id":29,"properties":{"_id":"677d59be13e31af480aca708","createdBy":"OPONcQnzWGOLiJSceNaf8pvx1fA2","createdAt":"2025-01-07T16:43:42.561Z","updatedBy":"OPONcQnzWGOLiJSceNaf8pvx1fA2","updatedAt":"2025-01-07T16:45:07.222Z","name":"LOD30 (RAMSAU)","dataIngestion":true,"type":2,"icaoClass":8,"activity":0,"onDemand":false,"onRequest":false,"byNotam":false,"specialAgreement":false,"requestCompliance":false,"country":"AT","upperLimit":{"value":135,"unit":6,"referenceDatum":2},"lowerLimit":{"value":0,"unit":1,"referenceDatum":0},"hoursOfOperation":{"operatingHours":[{"dayOfWeek":0,"startTime":"00:00","endTime":"00:00","byNotam":false,"sunrise":false,"sunset":false,"publicHolidaysExcluded":false},{"dayOfWeek":1,"startTime":"00:00","endTime":"00:00","byNotam":false,"sunrise":false,"sunset":false,"publicHolidaysExcluded":false},{"dayOfWeek":2,"startTime":"00:00","endTime":"00:00","byNotam":false,"sunrise":false,"sunset":false,"publicHolidaysExcluded":false},{"dayOfWeek":3,"startTime":"00:00","endTime":"00:00","byNotam":false,"sunrise":false,"sunset":false,"publicHolidaysExcluded":false},{"dayOfWeek":4,"startTime":"00:00","endTime":"00:00","byNotam":false,"sunrise":false,"sunset":false,"publicHolidaysExcluded":false},{"dayOfWeek":5,"startTime":"00:00","endTime":"00:00","byNotam":false,"sunrise":false,"sunset":false,"publicHolidaysExcluded":false},{"dayOfWeek":6,"startTime":"00:00","endTime":"00:00","byNotam":false,"sunrise":false,"sunset":false,"publicHolidaysExcluded":false}]},"deletable":true},"geometry":{"type":"Polygon","coordinates":[[[14.28889,47.78778],[14.29444,47.80861],[14.26944,47.81361],[14.24167,47.81472],[14.26167,47.78778],[14.28889,47.78778]]]}}, {"type":"Feature","id":30,"properties":{"_id":"677d59be13e31af480aca70b","createdBy":"OPONcQnzWGOLiJSceNaf8pvx1fA2","createdAt":"2025-01-07T16:43:42.635Z","updatedBy":"OPONcQnzWGOLiJSceNaf8pvx1fA2","updatedAt":"2025-01-07T16:45:07.320Z","name":"LOR1 (SEIBERSDORF)","dataIngestion":true,"type":1,"icaoClass":8,"activity":0,"onDemand":false,"onRequest":false,"byNotam":false,"specialAgreement":false,"requestCompliance":false,"country":"AT","upperLimit":{"value":1500,"unit":1,"referenceDatum":1},"lowerLimit":{"value":0,"unit":1,"referenceDatum":0},"hoursOfOperation":{"operatingHours":[{"dayOfWeek":0,"startTime":"00:00","endTime":"00:00","byNotam":false,"sunrise":false,"sunset":false,"publicHolidaysExcluded":false},{"dayOfWeek":1,"startTime":"00:00","endTime":"00:00","byNotam":false,"sunrise":false,"sunset":false,"publicHolidaysExcluded":false},{"dayOfWeek":2,"startTime":"00:00","endTime":"00:00","byNotam":false,"sunrise":false,"sunset":false,"publicHolidaysExcluded":false},{"dayOfWeek":3,"startTime":"00:00","endTime":"00:00","byNotam":false,"sunrise":false,"sunset":false,"publicHolidaysExcluded":false},{"dayOfWeek":4,"startTime":"00:00","endTime":"00:00","byNotam":false,"sunrise":false,"sunset":false,"publicHolidaysExcluded":false},{"dayOfWeek":5,"startTime":"00:00","endTime":"00:00","byNotam":false,"sunrise":false,"sunset":false,"publicHolidaysExcluded":false},{"dayOfWeek":6,"startTime":"00:00","endTime":"00:00","byNotam":false,"sunrise":false,"sunset":false,"publicHolidaysExcluded":false}]},"deletable":true},"geometry":{"type":"Polygon","coordinates":[[[16.50806,47.97028],[16.51528,47.97611],[16.51,47.97972],[16.50139,47.975],[16.50806,47.97028]]]}}, {"type":"Feature","id":31,"properties":{"_id":"677d59be13e31af480aca70e","createdBy":"OPONcQnzWGOLiJSceNaf8pvx1fA2","createdAt":"2025-01-07T16:43:42.678Z","updatedBy":"OPONcQnzWGOLiJSceNaf8pvx1fA2","updatedAt":"2025-01-07T16:45:07.445Z","name":"LOR2A (FELIXDORF)","dataIngestion":true,"type":1,"icaoClass":8,"activity":0,"onDemand":false,"onRequest":false,"byNotam":false,"specialAgreement":false,"requestCompliance":false,"country":"AT","upperLimit":{"value":1800,"unit":1,"referenceDatum":1},"lowerLimit":{"value":0,"unit":1,"referenceDatum":0},"hoursOfOperation":{"operatingHours":[{"dayOfWeek":0,"startTime":"00:00","endTime":"00:00","byNotam":false,"sunrise":false,"sunset":false,"publicHolidaysExcluded":false},{"dayOfWeek":1,"startTime":"00:00","endTime":"00:00","byNotam":false,"sunrise":false,"sunset":false,"publicHolidaysExcluded":false},{"dayOfWeek":2,"startTime":"00:00","endTime":"00:00","byNotam":false,"sunrise":false,"sunset":false,"publicHolidaysExcluded":false},{"dayOfWeek":3,"startTime":"00:00","endTime":"00:00","byNotam":false,"sunrise":false,"sunset":false,"publicHolidaysExcluded":false},{"dayOfWeek":4,"startTime":"00:00","endTime":"00:00","byNotam":false,"sunrise":false,"sunset":false,"publicHolidaysExcluded":false},{"dayOfWeek":5,"startTime":"00:00","endTime":"00:00","byNotam":false,"sunrise":false,"sunset":false,"publicHolidaysExcluded":false},{"dayOfWeek":6,"startTime":"00:00","endTime":"00:00","byNotam":false,"sunrise":false,"sunset":false,"publicHolidaysExcluded":false}]},"deletable":true},"geometry":{"type":"Polygon","coordinates":[[[16.32583,47.90028],[16.28028,47.89139],[16.28139,47.87917],[16.31944,47.87333],[16.33167,47.88639],[16.32583,47.90028]]]}}, {"type":"Feature","id":32,"properties":{"_id":"677d59be13e31af480aca711","createdBy":"OPONcQnzWGOLiJSceNaf8pvx1fA2","createdAt":"2025-01-07T16:43:42.691Z","updatedBy":"OPONcQnzWGOLiJSceNaf8pvx1fA2","updatedAt":"2025-01-07T16:45:07.551Z","name":"LOR2B (FELIXDORF)","dataIngestion":true,"type":1,"icaoClass":8,"activity":0,"onDemand":false,"onRequest":false,"byNotam":false,"specialAgreement":false,"requestCompliance":false,"country":"AT","upperLimit":{"value":200,"unit":6,"referenceDatum":2},"lowerLimit":{"value":0,"unit":1,"referenceDatum":0},"hoursOfOperation":{"operatingHours":[{"dayOfWeek":0,"startTime":"00:00","endTime":"00:00","byNotam":false,"sunrise":false,"sunset":false,"publicHolidaysExcluded":false},{"dayOfWeek":1,"startTime":"00:00","endTime":"00:00","byNotam":false,"sunrise":false,"sunset":false,"publicHolidaysExcluded":false},{"dayOfWeek":2,"startTime":"00:00","endTime":"00:00","byNotam":false,"sunrise":false,"sunset":false,"publicHolidaysExcluded":false},{"dayOfWeek":3,"startTime":"00:00","endTime":"00:00","byNotam":false,"sunrise":false,"sunset":false,"publicHolidaysExcluded":false},{"dayOfWeek":4,"startTime":"00:00","endTime":"00:00","byNotam":false,"sunrise":false,"sunset":false,"publicHolidaysExcluded":false},{"dayOfWeek":5,"startTime":"00:00","endTime":"00:00","byNotam":false,"sunrise":false,"sunset":false,"publicHolidaysExcluded":false},{"dayOfWeek":6,"startTime":"00:00","endTime":"00:00","byNotam":false,"sunrise":false,"sunset":false,"publicHolidaysExcluded":false}]},"deletable":true},"geometry":{"type":"Polygon","coordinates":[[[16.32528,47.93139],[16.29583,47.91667],[16.27167,47.90389],[16.28028,47.89139],[16.34889,47.90472],[16.3675,47.9225],[16.33806,47.93083],[16.32528,47.93139]]]}}, {"type":"Feature","id":33,"properties":{"_id":"677d59be13e31af480aca714","createdBy":"OPONcQnzWGOLiJSceNaf8pvx1fA2","createdAt":"2025-01-07T16:43:42.702Z","updatedBy":"OPONcQnzWGOLiJSceNaf8pvx1fA2","updatedAt":"2025-01-07T16:45:07.666Z","name":"LOR2C (FELIXDORF)","dataIngestion":true,"type":1,"icaoClass":8,"activity":0,"onDemand":false,"onRequest":false,"byNotam":false,"specialAgreement":false,"requestCompliance":false,"country":"AT","upperLimit":{"value":200,"unit":6,"referenceDatum":2},"lowerLimit":{"value":0,"unit":1,"referenceDatum":0},"hoursOfOperation":{"operatingHours":[{"dayOfWeek":0,"startTime":"00:00","endTime":"00:00","byNotam":false,"sunrise":false,"sunset":false,"publicHolidaysExcluded":false},{"dayOfWeek":1,"startTime":"00:00","endTime":"00:00","byNotam":false,"sunrise":false,"sunset":false,"publicHolidaysExcluded":false},{"dayOfWeek":2,"startTime":"00:00","endTime":"00:00","byNotam":false,"sunrise":false,"sunset":false,"publicHolidaysExcluded":false},{"dayOfWeek":3,"startTime":"00:00","endTime":"00:00","byNotam":false,"sunrise":false,"sunset":false,"publicHolidaysExcluded":false},{"dayOfWeek":4,"startTime":"00:00","endTime":"00:00","byNotam":false,"sunrise":false,"sunset":false,"publicHolidaysExcluded":false},{"dayOfWeek":5,"startTime":"00:00","endTime":"00:00","byNotam":false,"sunrise":false,"sunset":false,"publicHolidaysExcluded":false},{"dayOfWeek":6,"startTime":"00:00","endTime":"00:00","byNotam":false,"sunrise":false,"sunset":false,"publicHolidaysExcluded":false}]},"deletable":true},"geometry":{"type":"Polygon","coordinates":[[[16.27167,47.90389],[16.25167,47.89361],[16.25333,47.88639],[16.28028,47.89139],[16.27167,47.90389]]]}}, {"type":"Feature","id":34,"properties":{"_id":"677d59be13e31af480aca717","createdBy":"OPONcQnzWGOLiJSceNaf8pvx1fA2","createdAt":"2025-01-07T16:43:42.715Z","updatedBy":"OPONcQnzWGOLiJSceNaf8pvx1fA2","updatedAt":"2025-01-07T16:45:07.780Z","name":"LOR3 (ZELTWEG)","dataIngestion":true,"type":1,"icaoClass":8,"activity":0,"onDemand":false,"onRequest":false,"byNotam":false,"specialAgreement":false,"requestCompliance":false,"country":"AT","upperLimit":{"value":3000,"unit":1,"referenceDatum":1},"lowerLimit":{"value":0,"unit":1,"referenceDatum":0},"hoursOfOperation":{"operatingHours":[{"dayOfWeek":0,"startTime":"00:00","endTime":"00:00","byNotam":false,"sunrise":false,"sunset":false,"publicHolidaysExcluded":false},{"dayOfWeek":1,"startTime":"00:00","endTime":"00:00","byNotam":false,"sunrise":false,"sunset":false,"publicHolidaysExcluded":false},{"dayOfWeek":2,"startTime":"00:00","endTime":"00:00","byNotam":false,"sunrise":false,"sunset":false,"publicHolidaysExcluded":false},{"dayOfWeek":3,"startTime":"00:00","endTime":"00:00","byNotam":false,"sunrise":false,"sunset":false,"publicHolidaysExcluded":false},{"dayOfWeek":4,"startTime":"00:00","endTime":"00:00","byNotam":false,"sunrise":false,"sunset":false,"publicHolidaysExcluded":false},{"dayOfWeek":5,"startTime":"00:00","endTime":"00:00","byNotam":false,"sunrise":false,"sunset":false,"publicHolidaysExcluded":false},{"dayOfWeek":6,"startTime":"00:00","endTime":"00:00","byNotam":false,"sunrise":false,"sunset":false,"publicHolidaysExcluded":false}]},"deletable":true},"geometry":{"type":"Polygon","coordinates":[[[14.75167,47.20416],[14.7499,47.20399],[14.74807,47.20337],[14.74664,47.20238],[14.74577,47.20112],[14.74554,47.19991],[14.74593,47.19855],[14.74695,47.19735],[14.7485,47.19644],[14.74965,47.19607],[14.75116,47.19585],[14.75269,47.19589],[14.75393,47.19613],[14.75527,47.19663],[14.75622,47.19721],[14.7571,47.19807],[14.75757,47.19888],[14.7578,47.19991],[14.75769,47.20078],[14.75722,47.20177],[14.75655,47.20252],[14.75548,47.20326],[14.7544,47.20373],[14.75294,47.20407],[14.75167,47.20416]]]}}, {"type":"Feature","id":35,"properties":{"_id":"677d59be13e31af480aca71a","createdBy":"OPONcQnzWGOLiJSceNaf8pvx1fA2","createdAt":"2025-01-07T16:43:42.732Z","updatedBy":"OPONcQnzWGOLiJSceNaf8pvx1fA2","updatedAt":"2025-01-07T16:45:07.914Z","name":"LOR4 (BRUCK)","dataIngestion":true,"type":1,"icaoClass":8,"activity":0,"onDemand":false,"onRequest":false,"byNotam":false,"specialAgreement":false,"requestCompliance":false,"country":"AT","upperLimit":{"value":2500,"unit":1,"referenceDatum":1},"lowerLimit":{"value":0,"unit":1,"referenceDatum":0},"hoursOfOperation":{"operatingHours":[{"dayOfWeek":0,"startTime":"00:00","endTime":"00:00","byNotam":false,"sunrise":false,"sunset":false,"publicHolidaysExcluded":false},{"dayOfWeek":1,"startTime":"00:00","endTime":"00:00","byNotam":false,"sunrise":false,"sunset":false,"publicHolidaysExcluded":false},{"dayOfWeek":2,"startTime":"00:00","endTime":"00:00","byNotam":false,"sunrise":false,"sunset":false,"publicHolidaysExcluded":false},{"dayOfWeek":3,"startTime":"00:00","endTime":"00:00","byNotam":false,"sunrise":false,"sunset":false,"publicHolidaysExcluded":false},{"dayOfWeek":4,"startTime":"00:00","endTime":"00:00","byNotam":false,"sunrise":false,"sunset":false,"publicHolidaysExcluded":false},{"dayOfWeek":5,"startTime":"00:00","endTime":"00:00","byNotam":false,"sunrise":false,"sunset":false,"publicHolidaysExcluded":false},{"dayOfWeek":6,"startTime":"00:00","endTime":"00:00","byNotam":false,"sunrise":false,"sunset":false,"publicHolidaysExcluded":false}]},"deletable":true},"geometry":{"type":"Polygon","coordinates":[[[16.77944,48.01611],[16.70639,47.99944],[16.70056,47.97639],[16.73306,47.95972],[16.81333,47.98667],[16.80833,48.00917],[16.77944,48.01611]]]}}, {"type":"Feature","id":36,"properties":{"_id":"677d59be13e31af480aca71d","createdBy":"OPONcQnzWGOLiJSceNaf8pvx1fA2","createdAt":"2025-01-07T16:43:42.744Z","updatedBy":"OPONcQnzWGOLiJSceNaf8pvx1fA2","updatedAt":"2025-01-07T16:45:08.108Z","name":"LOR5 (SEETALERALPE)","dataIngestion":true,"type":1,"icaoClass":8,"activity":0,"onDemand":false,"onRequest":false,"byNotam":false,"specialAgreement":false,"requestCompliance":false,"country":"AT","upperLimit":{"value":125,"unit":6,"referenceDatum":2},"lowerLimit":{"value":0,"unit":1,"referenceDatum":0},"hoursOfOperation":{"operatingHours":[{"dayOfWeek":0,"startTime":"00:00","endTime":"00:00","byNotam":false,"sunrise":false,"sunset":false,"publicHolidaysExcluded":false},{"dayOfWeek":1,"startTime":"00:00","endTime":"00:00","byNotam":false,"sunrise":false,"sunset":false,"publicHolidaysExcluded":false},{"dayOfWeek":2,"startTime":"00:00","endTime":"00:00","byNotam":false,"sunrise":false,"sunset":false,"publicHolidaysExcluded":false},{"dayOfWeek":3,"startTime":"00:00","endTime":"00:00","byNotam":false,"sunrise":false,"sunset":false,"publicHolidaysExcluded":false},{"dayOfWeek":4,"startTime":"00:00","endTime":"00:00","byNotam":false,"sunrise":false,"sunset":false,"publicHolidaysExcluded":false},{"dayOfWeek":5,"startTime":"00:00","endTime":"00:00","byNotam":false,"sunrise":false,"sunset":false,"publicHolidaysExcluded":false},{"dayOfWeek":6,"startTime":"00:00","endTime":"00:00","byNotam":false,"sunrise":false,"sunset":false,"publicHolidaysExcluded":false}]},"deletable":true},"geometry":{"type":"Polygon","coordinates":[[[14.63333,47.1],[14.63333,47.13333],[14.51972,47.13333],[14.50694,47.125],[14.55417,47.06833],[14.63333,47.1]]]}}, {"type":"Feature","id":37,"properties":{"_id":"677d59be13e31af480aca720","createdBy":"OPONcQnzWGOLiJSceNaf8pvx1fA2","createdAt":"2025-01-07T16:43:42.757Z","updatedBy":"OPONcQnzWGOLiJSceNaf8pvx1fA2","updatedAt":"2025-01-07T16:45:08.225Z","name":"LOR6 (ALLENTSTEIG)","dataIngestion":true,"type":1,"icaoClass":8,"activity":0,"onDemand":false,"onRequest":false,"byNotam":false,"specialAgreement":false,"requestCompliance":false,"country":"AT","upperLimit":{"value":125,"unit":6,"referenceDatum":2},"lowerLimit":{"value":0,"unit":1,"referenceDatum":0},"hoursOfOperation":{"operatingHours":[{"dayOfWeek":0,"startTime":"00:00","endTime":"00:00","byNotam":false,"sunrise":false,"sunset":false,"publicHolidaysExcluded":false},{"dayOfWeek":1,"startTime":"00:00","endTime":"00:00","byNotam":false,"sunrise":false,"sunset":false,"publicHolidaysExcluded":false},{"dayOfWeek":2,"startTime":"00:00","endTime":"00:00","byNotam":false,"sunrise":false,"sunset":false,"publicHolidaysExcluded":false},{"dayOfWeek":3,"startTime":"00:00","endTime":"00:00","byNotam":false,"sunrise":false,"sunset":false,"publicHolidaysExcluded":false},{"dayOfWeek":4,"startTime":"00:00","endTime":"00:00","byNotam":false,"sunrise":false,"sunset":false,"publicHolidaysExcluded":false},{"dayOfWeek":5,"startTime":"00:00","endTime":"00:00","byNotam":false,"sunrise":false,"sunset":false,"publicHolidaysExcluded":false},{"dayOfWeek":6,"startTime":"00:00","endTime":"00:00","byNotam":false,"sunrise":false,"sunset":false,"publicHolidaysExcluded":false}]},"deletable":true},"geometry":{"type":"Polygon","coordinates":[[[15.18333,48.75833],[15.08333,48.725],[15.16667,48.60833],[15.45,48.59167],[15.56528,48.625],[15.52361,48.69306],[15.36667,48.74167],[15.18333,48.75833]]]}}, {"type":"Feature","id":38,"properties":{"_id":"677d59be13e31af480aca723","createdBy":"OPONcQnzWGOLiJSceNaf8pvx1fA2","createdAt":"2025-01-07T16:43:42.770Z","updatedBy":"OPONcQnzWGOLiJSceNaf8pvx1fA2","updatedAt":"2025-01-07T16:45:08.329Z","name":"LOR7 (LIZUM)","dataIngestion":true,"type":1,"icaoClass":8,"activity":0,"onDemand":false,"onRequest":false,"byNotam":false,"specialAgreement":false,"requestCompliance":false,"country":"AT","upperLimit":{"value":125,"unit":6,"referenceDatum":2},"lowerLimit":{"value":0,"unit":1,"referenceDatum":0},"hoursOfOperation":{"operatingHours":[{"dayOfWeek":0,"startTime":"00:00","endTime":"00:00","byNotam":false,"sunrise":false,"sunset":false,"publicHolidaysExcluded":false},{"dayOfWeek":1,"startTime":"00:00","endTime":"00:00","byNotam":false,"sunrise":false,"sunset":false,"publicHolidaysExcluded":false},{"dayOfWeek":2,"startTime":"00:00","endTime":"00:00","byNotam":false,"sunrise":false,"sunset":false,"publicHolidaysExcluded":false},{"dayOfWeek":3,"startTime":"00:00","endTime":"00:00","byNotam":false,"sunrise":false,"sunset":false,"publicHolidaysExcluded":false},{"dayOfWeek":4,"startTime":"00:00","endTime":"00:00","byNotam":false,"sunrise":false,"sunset":false,"publicHolidaysExcluded":false},{"dayOfWeek":5,"startTime":"00:00","endTime":"00:00","byNotam":false,"sunrise":false,"sunset":false,"publicHolidaysExcluded":false},{"dayOfWeek":6,"startTime":"00:00","endTime":"00:00","byNotam":false,"sunrise":false,"sunset":false,"publicHolidaysExcluded":false}]},"deletable":true},"geometry":{"type":"Polygon","coordinates":[[[11.61667,47.225],[11.58889,47.2],[11.575,47.17222],[11.6,47.13333],[11.65,47.125],[11.69167,47.15833],[11.66667,47.21667],[11.61667,47.225]]]}}, {"type":"Feature","id":39,"properties":{"_id":"677d59be13e31af480aca726","createdBy":"OPONcQnzWGOLiJSceNaf8pvx1fA2","createdAt":"2025-01-07T16:43:42.781Z","updatedBy":"OPONcQnzWGOLiJSceNaf8pvx1fA2","updatedAt":"2025-01-07T16:45:08.433Z","name":"LOR8 (HOCHFILZEN)","dataIngestion":true,"type":1,"icaoClass":8,"activity":0,"onDemand":false,"onRequest":false,"byNotam":false,"specialAgreement":false,"requestCompliance":false,"country":"AT","upperLimit":{"value":125,"unit":6,"referenceDatum":2},"lowerLimit":{"value":0,"unit":1,"referenceDatum":0},"hoursOfOperation":{"operatingHours":[{"dayOfWeek":0,"startTime":"00:00","endTime":"00:00","byNotam":false,"sunrise":false,"sunset":false,"publicHolidaysExcluded":false},{"dayOfWeek":1,"startTime":"00:00","endTime":"00:00","byNotam":false,"sunrise":false,"sunset":false,"publicHolidaysExcluded":false},{"dayOfWeek":2,"startTime":"00:00","endTime":"00:00","byNotam":false,"sunrise":false,"sunset":false,"publicHolidaysExcluded":false},{"dayOfWeek":3,"startTime":"00:00","endTime":"00:00","byNotam":false,"sunrise":false,"sunset":false,"publicHolidaysExcluded":false},{"dayOfWeek":4,"startTime":"00:00","endTime":"00:00","byNotam":false,"sunrise":false,"sunset":false,"publicHolidaysExcluded":false},{"dayOfWeek":5,"startTime":"00:00","endTime":"00:00","byNotam":false,"sunrise":false,"sunset":false,"publicHolidaysExcluded":false},{"dayOfWeek":6,"startTime":"00:00","endTime":"00:00","byNotam":false,"sunrise":false,"sunset":false,"publicHolidaysExcluded":false}]},"deletable":true},"geometry":{"type":"Polygon","coordinates":[[[12.6,47.525],[12.625,47.475],[12.69167,47.45],[12.72222,47.5],[12.6,47.525]]]}}, {"type":"Feature","id":40,"properties":{"_id":"677d59be13e31af480aca729","createdBy":"OPONcQnzWGOLiJSceNaf8pvx1fA2","createdAt":"2025-01-07T16:43:42.793Z","updatedBy":"OPONcQnzWGOLiJSceNaf8pvx1fA2","updatedAt":"2025-01-07T16:45:08.536Z","name":"LOR9 (STEINALPL)","dataIngestion":true,"type":1,"icaoClass":8,"activity":0,"onDemand":false,"onRequest":false,"byNotam":false,"specialAgreement":false,"requestCompliance":false,"country":"AT","upperLimit":{"value":7500,"unit":1,"referenceDatum":1},"lowerLimit":{"value":0,"unit":1,"referenceDatum":0},"hoursOfOperation":{"operatingHours":[{"dayOfWeek":0,"startTime":"00:00","endTime":"00:00","byNotam":false,"sunrise":false,"sunset":false,"publicHolidaysExcluded":false},{"dayOfWeek":1,"startTime":"00:00","endTime":"00:00","byNotam":false,"sunrise":false,"sunset":false,"publicHolidaysExcluded":false},{"dayOfWeek":2,"startTime":"00:00","endTime":"00:00","byNotam":false,"sunrise":false,"sunset":false,"publicHolidaysExcluded":false},{"dayOfWeek":3,"startTime":"00:00","endTime":"00:00","byNotam":false,"sunrise":false,"sunset":false,"publicHolidaysExcluded":false},{"dayOfWeek":4,"startTime":"00:00","endTime":"00:00","byNotam":false,"sunrise":false,"sunset":false,"publicHolidaysExcluded":false},{"dayOfWeek":5,"startTime":"00:00","endTime":"00:00","byNotam":false,"sunrise":false,"sunset":false,"publicHolidaysExcluded":false},{"dayOfWeek":6,"startTime":"00:00","endTime":"00:00","byNotam":false,"sunrise":false,"sunset":false,"publicHolidaysExcluded":false}]},"deletable":true},"geometry":{"type":"Polygon","coordinates":[[[15.50389,47.77306],[15.49611,47.70972],[15.67389,47.71806],[15.685,47.79306],[15.50389,47.77306]]]}}, {"type":"Feature","id":41,"properties":{"_id":"677d59be13e31af480aca72c","createdBy":"OPONcQnzWGOLiJSceNaf8pvx1fA2","createdAt":"2025-01-07T16:43:42.805Z","updatedBy":"OPONcQnzWGOLiJSceNaf8pvx1fA2","updatedAt":"2025-01-07T16:45:08.665Z","name":"LOR10 (REICHERSBERG)","dataIngestion":true,"type":1,"icaoClass":8,"activity":0,"onDemand":false,"onRequest":false,"byNotam":false,"specialAgreement":false,"requestCompliance":false,"country":"AT","upperLimit":{"value":4000,"unit":1,"referenceDatum":1},"lowerLimit":{"value":0,"unit":1,"referenceDatum":0},"hoursOfOperation":{"operatingHours":[{"dayOfWeek":0,"startTime":"00:00","endTime":"00:00","byNotam":false,"sunrise":false,"sunset":false,"publicHolidaysExcluded":false},{"dayOfWeek":1,"startTime":"00:00","endTime":"00:00","byNotam":false,"sunrise":false,"sunset":false,"publicHolidaysExcluded":false},{"dayOfWeek":2,"startTime":"00:00","endTime":"00:00","byNotam":false,"sunrise":false,"sunset":false,"publicHolidaysExcluded":false},{"dayOfWeek":3,"startTime":"00:00","endTime":"00:00","byNotam":false,"sunrise":false,"sunset":false,"publicHolidaysExcluded":false},{"dayOfWeek":4,"startTime":"00:00","endTime":"00:00","byNotam":false,"sunrise":false,"sunset":false,"publicHolidaysExcluded":false},{"dayOfWeek":5,"startTime":"00:00","endTime":"00:00","byNotam":false,"sunrise":false,"sunset":false,"publicHolidaysExcluded":false},{"dayOfWeek":6,"startTime":"00:00","endTime":"00:00","byNotam":false,"sunrise":false,"sunset":false,"publicHolidaysExcluded":false}]},"deletable":true},"geometry":{"type":"Polygon","coordinates":[[[13.41778,48.31894],[13.41583,48.31874],[13.41404,48.31819],[13.41257,48.31731],[13.41144,48.31601],[13.41103,48.31472],[13.41106,48.31397],[13.41127,48.31323],[13.41207,48.31203],[13.41358,48.31092],[13.41477,48.31041],[13.41637,48.31004],[13.41806,48.30995],[13.41973,48.31014],[13.42128,48.31059],[13.42261,48.31129],[13.42364,48.31219],[13.42421,48.31305],[13.42453,48.31416],[13.42442,48.31528],[13.4239,48.31635],[13.42317,48.31716],[13.42198,48.31796],[13.42079,48.31847],[13.41919,48.31884],[13.41778,48.31894]]]}}, {"type":"Feature","id":42,"properties":{"_id":"677d59be13e31af480aca72f","createdBy":"OPONcQnzWGOLiJSceNaf8pvx1fA2","createdAt":"2025-01-07T16:43:42.845Z","updatedBy":"OPONcQnzWGOLiJSceNaf8pvx1fA2","updatedAt":"2025-01-07T16:45:08.794Z","name":"LOR11 (FRAUSCHERECK)","dataIngestion":true,"type":1,"icaoClass":8,"activity":0,"onDemand":false,"onRequest":false,"byNotam":false,"specialAgreement":false,"requestCompliance":false,"country":"AT","upperLimit":{"value":3500,"unit":1,"referenceDatum":1},"lowerLimit":{"value":0,"unit":1,"referenceDatum":0},"hoursOfOperation":{"operatingHours":[{"dayOfWeek":0,"startTime":"00:00","endTime":"00:00","byNotam":false,"sunrise":false,"sunset":false,"publicHolidaysExcluded":false},{"dayOfWeek":1,"startTime":"00:00","endTime":"00:00","byNotam":false,"sunrise":false,"sunset":false,"publicHolidaysExcluded":false},{"dayOfWeek":2,"startTime":"00:00","endTime":"00:00","byNotam":false,"sunrise":false,"sunset":false,"publicHolidaysExcluded":false},{"dayOfWeek":3,"startTime":"00:00","endTime":"00:00","byNotam":false,"sunrise":false,"sunset":false,"publicHolidaysExcluded":false},{"dayOfWeek":4,"startTime":"00:00","endTime":"00:00","byNotam":false,"sunrise":false,"sunset":false,"publicHolidaysExcluded":false},{"dayOfWeek":5,"startTime":"00:00","endTime":"00:00","byNotam":false,"sunrise":false,"sunset":false,"publicHolidaysExcluded":false},{"dayOfWeek":6,"startTime":"00:00","endTime":"00:00","byNotam":false,"sunrise":false,"sunset":false,"publicHolidaysExcluded":false}]},"deletable":true},"geometry":{"type":"Polygon","coordinates":[[[13.43,48.02278],[13.33611,48.08667],[13.16667,48.10639],[13.16667,48.08333],[13.21389,48.0225],[13.43,48.02278]]]}}, {"type":"Feature","id":43,"properties":{"_id":"677d59be13e31af480aca732","createdBy":"OPONcQnzWGOLiJSceNaf8pvx1fA2","createdAt":"2025-01-07T16:43:42.870Z","updatedBy":"OPONcQnzWGOLiJSceNaf8pvx1fA2","updatedAt":"2025-01-07T16:45:08.929Z","name":"LOR12 (HOCHKAR)","dataIngestion":true,"type":1,"icaoClass":8,"activity":0,"onDemand":false,"onRequest":false,"byNotam":false,"specialAgreement":false,"requestCompliance":false,"country":"AT","upperLimit":{"value":7500,"unit":1,"referenceDatum":1},"lowerLimit":{"value":0,"unit":1,"referenceDatum":0},"hoursOfOperation":{"operatingHours":[{"dayOfWeek":0,"startTime":"00:00","endTime":"00:00","byNotam":false,"sunrise":false,"sunset":false,"publicHolidaysExcluded":false},{"dayOfWeek":1,"startTime":"00:00","endTime":"00:00","byNotam":false,"sunrise":false,"sunset":false,"publicHolidaysExcluded":false},{"dayOfWeek":2,"startTime":"00:00","endTime":"00:00","byNotam":false,"sunrise":false,"sunset":false,"publicHolidaysExcluded":false},{"dayOfWeek":3,"startTime":"00:00","endTime":"00:00","byNotam":false,"sunrise":false,"sunset":false,"publicHolidaysExcluded":false},{"dayOfWeek":4,"startTime":"00:00","endTime":"00:00","byNotam":false,"sunrise":false,"sunset":false,"publicHolidaysExcluded":false},{"dayOfWeek":5,"startTime":"00:00","endTime":"00:00","byNotam":false,"sunrise":false,"sunset":false,"publicHolidaysExcluded":false},{"dayOfWeek":6,"startTime":"00:00","endTime":"00:00","byNotam":false,"sunrise":false,"sunset":false,"publicHolidaysExcluded":false}]},"deletable":true},"geometry":{"type":"Polygon","coordinates":[[[14.77028,47.68472],[14.82278,47.64306],[14.93056,47.67889],[14.8625,47.71056],[14.80306,47.71028],[14.77028,47.68472]]]}}, {"type":"Feature","id":44,"properties":{"_id":"677d59be13e31af480aca735","createdBy":"OPONcQnzWGOLiJSceNaf8pvx1fA2","createdAt":"2025-01-07T16:43:42.883Z","updatedBy":"OPONcQnzWGOLiJSceNaf8pvx1fA2","updatedAt":"2025-01-07T16:45:09.043Z","name":"LOR15 (WIEN)","dataIngestion":true,"type":1,"icaoClass":8,"activity":0,"onDemand":false,"onRequest":false,"byNotam":false,"specialAgreement":false,"requestCompliance":false,"country":"AT","upperLimit":{"value":10000,"unit":1,"referenceDatum":1},"lowerLimit":{"value":0,"unit":1,"referenceDatum":0},"hoursOfOperation":{"operatingHours":[{"dayOfWeek":0,"startTime":"00:00","endTime":"00:00","byNotam":false,"sunrise":false,"sunset":false,"publicHolidaysExcluded":false},{"dayOfWeek":1,"startTime":"00:00","endTime":"00:00","byNotam":false,"sunrise":false,"sunset":false,"publicHolidaysExcluded":false},{"dayOfWeek":2,"startTime":"00:00","endTime":"00:00","byNotam":false,"sunrise":false,"sunset":false,"publicHolidaysExcluded":false},{"dayOfWeek":3,"startTime":"00:00","endTime":"00:00","byNotam":false,"sunrise":false,"sunset":false,"publicHolidaysExcluded":false},{"dayOfWeek":4,"startTime":"00:00","endTime":"00:00","byNotam":false,"sunrise":false,"sunset":false,"publicHolidaysExcluded":false},{"dayOfWeek":5,"startTime":"00:00","endTime":"00:00","byNotam":false,"sunrise":false,"sunset":false,"publicHolidaysExcluded":false},{"dayOfWeek":6,"startTime":"00:00","endTime":"00:00","byNotam":false,"sunrise":false,"sunset":false,"publicHolidaysExcluded":false}]},"deletable":true},"geometry":{"type":"Polygon","coordinates":[[[16.29444,48.27222],[16.21667,48.15833],[16.40556,48.1375],[16.49583,48.16667],[16.55,48.2],[16.48333,48.28333],[16.38333,48.28333],[16.29444,48.27222]]]}}, {"type":"Feature","id":45,"properties":{"_id":"677d59be13e31af480aca738","createdBy":"OPONcQnzWGOLiJSceNaf8pvx1fA2","createdAt":"2025-01-07T16:43:42.896Z","updatedBy":"OPONcQnzWGOLiJSceNaf8pvx1fA2","updatedAt":"2025-01-07T16:45:09.144Z","name":"LOR16 (NEUSIEDLER-SEE)","dataIngestion":true,"type":1,"icaoClass":8,"activity":0,"onDemand":false,"onRequest":false,"byNotam":false,"specialAgreement":false,"requestCompliance":false,"country":"AT","upperLimit":{"value":1500,"unit":1,"referenceDatum":1},"lowerLimit":{"value":0,"unit":1,"referenceDatum":0},"hoursOfOperation":{"operatingHours":[{"dayOfWeek":0,"startTime":"00:00","endTime":"00:00","byNotam":false,"sunrise":false,"sunset":false,"publicHolidaysExcluded":false},{"dayOfWeek":1,"startTime":"00:00","endTime":"00:00","byNotam":false,"sunrise":false,"sunset":false,"publicHolidaysExcluded":false},{"dayOfWeek":2,"startTime":"00:00","endTime":"00:00","byNotam":false,"sunrise":false,"sunset":false,"publicHolidaysExcluded":false},{"dayOfWeek":3,"startTime":"00:00","endTime":"00:00","byNotam":false,"sunrise":false,"sunset":false,"publicHolidaysExcluded":false},{"dayOfWeek":4,"startTime":"00:00","endTime":"00:00","byNotam":false,"sunrise":false,"sunset":false,"publicHolidaysExcluded":false},{"dayOfWeek":5,"startTime":"00:00","endTime":"00:00","byNotam":false,"sunrise":false,"sunset":false,"publicHolidaysExcluded":false},{"dayOfWeek":6,"startTime":"00:00","endTime":"00:00","byNotam":false,"sunrise":false,"sunset":false,"publicHolidaysExcluded":false}]},"deletable":true},"geometry":{"type":"Polygon","coordinates":[[[16.82639,47.95833],[16.74306,47.93889],[16.66667,47.89167],[16.66694,47.74139],[16.67167,47.74056],[16.72139,47.7225],[16.74889,47.68139],[16.83222,47.68806],[16.84111,47.70583],[16.86889,47.72139],[16.87528,47.68833],[16.91278,47.68778],[16.93611,47.725],[16.94167,47.88056],[16.82639,47.95833]]]}}, {"type":"Feature","id":46,"properties":{"_id":"677d59be13e31af480aca73b","createdBy":"OPONcQnzWGOLiJSceNaf8pvx1fA2","createdAt":"2025-01-07T16:43:42.909Z","updatedBy":"OPONcQnzWGOLiJSceNaf8pvx1fA2","updatedAt":"2025-01-07T16:45:09.266Z","name":"LOR18 (RHEINDELTA)","dataIngestion":true,"type":1,"icaoClass":8,"activity":0,"onDemand":false,"onRequest":false,"byNotam":false,"specialAgreement":false,"requestCompliance":false,"country":"AT","upperLimit":{"value":3300,"unit":1,"referenceDatum":1},"lowerLimit":{"value":0,"unit":1,"referenceDatum":0},"hoursOfOperation":{"operatingHours":[{"dayOfWeek":0,"startTime":"00:00","endTime":"00:00","byNotam":false,"sunrise":false,"sunset":false,"publicHolidaysExcluded":false},{"dayOfWeek":1,"startTime":"00:00","endTime":"00:00","byNotam":false,"sunrise":false,"sunset":false,"publicHolidaysExcluded":false},{"dayOfWeek":2,"startTime":"00:00","endTime":"00:00","byNotam":false,"sunrise":false,"sunset":false,"publicHolidaysExcluded":false},{"dayOfWeek":3,"startTime":"00:00","endTime":"00:00","byNotam":false,"sunrise":false,"sunset":false,"publicHolidaysExcluded":false},{"dayOfWeek":4,"startTime":"00:00","endTime":"00:00","byNotam":false,"sunrise":false,"sunset":false,"publicHolidaysExcluded":false},{"dayOfWeek":5,"startTime":"00:00","endTime":"00:00","byNotam":false,"sunrise":false,"sunset":false,"publicHolidaysExcluded":false},{"dayOfWeek":6,"startTime":"00:00","endTime":"00:00","byNotam":false,"sunrise":false,"sunset":false,"publicHolidaysExcluded":false}]},"deletable":true},"geometry":{"type":"Polygon","coordinates":[[[9.56139,47.5],[9.5625,47.49556],[9.58333,47.48111],[9.60889,47.47056],[9.62694,47.45667],[9.65806,47.44778],[9.65889,47.44694],[9.67083,47.47056],[9.67194,47.49194],[9.66333,47.51111],[9.64611,47.52583],[9.56139,47.5]]]}}, {"type":"Feature","id":47,"properties":{"_id":"677d59be13e31af480aca741","createdBy":"OPONcQnzWGOLiJSceNaf8pvx1fA2","createdAt":"2025-01-07T16:43:42.933Z","updatedBy":"eBT9qSrxquPVguazo7MwJzzaf2p1","updatedAt":"2025-07-07T07:57:12.469Z","name":"RMZ WIENER NEUSTADT","dataIngestion":true,"type":6,"icaoClass":8,"activity":0,"onDemand":false,"onRequest":false,"byNotam":false,"specialAgreement":false,"requestCompliance":false,"country":"AT","upperLimit":{"value":3000,"unit":1,"referenceDatum":1},"lowerLimit":{"value":0,"unit":1,"referenceDatum":0},"frequencies":[{"value":"122.655","primary":true,"unit":2,"name":"WIENER NEUSTADT/OST RADIO","_id":"686b7dc02f818095bfbfc374"},{"value":"130.005","primary":false,"unit":2,"name":"WIENER NEUSTADT/OST RADIO","_id":"686b7dc02f818095bfbfc375"}],"hoursOfOperation":{"operatingHours":[{"dayOfWeek":0,"startTime":"00:00","endTime":"00:00","byNotam":false,"sunrise":false,"sunset":false,"publicHolidaysExcluded":false},{"dayOfWeek":1,"startTime":"00:00","endTime":"00:00","byNotam":false,"sunrise":false,"sunset":false,"publicHolidaysExcluded":false},{"dayOfWeek":2,"startTime":"00:00","endTime":"00:00","byNotam":false,"sunrise":false,"sunset":false,"publicHolidaysExcluded":false},{"dayOfWeek":3,"startTime":"00:00","endTime":"00:00","byNotam":false,"sunrise":false,"sunset":false,"publicHolidaysExcluded":false},{"dayOfWeek":4,"startTime":"00:00","endTime":"00:00","byNotam":false,"sunrise":false,"sunset":false,"publicHolidaysExcluded":false},{"dayOfWeek":5,"startTime":"00:00","endTime":"00:00","byNotam":false,"sunrise":false,"sunset":false,"publicHolidaysExcluded":false},{"dayOfWeek":6,"startTime":"00:00","endTime":"00:00","byNotam":false,"sunrise":false,"sunset":false,"publicHolidaysExcluded":false}]},"deletable":true},"geometry":{"type":"Polygon","coordinates":[[[16.23361,47.80889],[16.25833,47.79667],[16.31944,47.78333],[16.3325,47.80778],[16.36444,47.83194],[16.37222,47.86389],[16.28861,47.87667],[16.24667,47.86778],[16.24417,47.86028],[16.23361,47.80889]]]}}, {"type":"Feature","id":48,"properties":{"_id":"677d59be13e31af480aca745","createdBy":"OPONcQnzWGOLiJSceNaf8pvx1fA2","createdAt":"2025-01-07T16:43:42.950Z","updatedBy":"OPONcQnzWGOLiJSceNaf8pvx1fA2","updatedAt":"2025-04-07T06:29:17.005Z","name":"RMZ VOESLAU","dataIngestion":true,"type":6,"icaoClass":8,"activity":0,"onDemand":false,"onRequest":false,"byNotam":false,"specialAgreement":false,"requestCompliance":false,"country":"AT","upperLimit":{"value":3000,"unit":1,"referenceDatum":1},"lowerLimit":{"value":0,"unit":1,"referenceDatum":0},"frequencies":[{"value":"118.605","primary":true,"unit":2,"name":"VÃSLAU RADIO","_id":"67f2bd5010719d4a0a674312"}],"hoursOfOperation":{"operatingHours":[{"dayOfWeek":0,"startTime":"00:00","endTime":"00:00","byNotam":false,"sunrise":false,"sunset":false,"publicHolidaysExcluded":false},{"dayOfWeek":1,"startTime":"00:00","endTime":"00:00","byNotam":false,"sunrise":false,"sunset":false,"publicHolidaysExcluded":false},{"dayOfWeek":2,"startTime":"00:00","endTime":"00:00","byNotam":false,"sunrise":false,"sunset":false,"publicHolidaysExcluded":false},{"dayOfWeek":3,"startTime":"00:00","endTime":"00:00","byNotam":false,"sunrise":false,"sunset":false,"publicHolidaysExcluded":false},{"dayOfWeek":4,"startTime":"00:00","endTime":"00:00","byNotam":false,"sunrise":false,"sunset":false,"publicHolidaysExcluded":false},{"dayOfWeek":5,"startTime":"00:00","endTime":"00:00","byNotam":false,"sunrise":false,"sunset":false,"publicHolidaysExcluded":false},{"dayOfWeek":6,"startTime":"00:00","endTime":"00:00","byNotam":false,"sunrise":false,"sunset":false,"publicHolidaysExcluded":false}]},"deletable":true},"geometry":{"type":"Polygon","coordinates":[[[16.29583,47.91667],[16.32528,47.93139],[16.33806,47.93083],[16.3675,47.9225],[16.38889,47.94167],[16.26667,48.01806],[16.18194,48.02222],[16.15833,48.00556],[16.16667,47.96583],[16.24889,47.91],[16.29583,47.91667]]]}}, {"type":"Feature","id":49,"properties":{"_id":"677d59bf13e31af480aca80c","createdBy":"OPONcQnzWGOLiJSceNaf8pvx1fA2","createdAt":"2025-01-07T16:43:43.728Z","updatedBy":"OPONcQnzWGOLiJSceNaf8pvx1fA2","updatedAt":"2025-01-07T16:45:18.056Z","name":"MTMA LOXZ","dataIngestion":true,"type":7,"icaoClass":3,"activity":0,"onDemand":false,"onRequest":false,"byNotam":false,"specialAgreement":false,"requestCompliance":false,"country":"AT","upperLimit":{"value":125,"unit":6,"referenceDatum":2},"lowerLimit":{"value":6500,"unit":1,"referenceDatum":1},"hoursOfOperation":{"operatingHours":[{"dayOfWeek":0,"startTime":"00:00","endTime":"00:00","byNotam":false,"sunrise":false,"sunset":false,"publicHolidaysExcluded":false},{"dayOfWeek":1,"startTime":"00:00","endTime":"00:00","byNotam":false,"sunrise":false,"sunset":false,"publicHolidaysExcluded":false},{"dayOfWeek":2,"startTime":"00:00","endTime":"00:00","byNotam":false,"sunrise":false,"sunset":false,"publicHolidaysExcluded":false},{"dayOfWeek":3,"startTime":"00:00","endTime":"00:00","byNotam":false,"sunrise":false,"sunset":false,"publicHolidaysExcluded":false},{"dayOfWeek":4,"startTime":"00:00","endTime":"00:00","byNotam":false,"sunrise":false,"sunset":false,"publicHolidaysExcluded":false},{"dayOfWeek":5,"startTime":"00:00","endTime":"00:00","byNotam":false,"sunrise":false,"sunset":false,"publicHolidaysExcluded":false},{"dayOfWeek":6,"startTime":"00:00","endTime":"00:00","byNotam":false,"sunrise":false,"sunset":false,"publicHolidaysExcluded":false}]},"deletable":true},"geometry":{"type":"Polygon","coordinates":[[[14.93556,47.39278],[14.86167,47.33417],[14.78083,47.325],[14.49806,47.2925],[14.31139,47.27083],[14.36944,47.04083],[14.66556,47.07528],[15,47.11333],[15.21083,47.13667],[15.18667,47.275],[15.245,47.31056],[15.2825,47.31528],[15.25611,47.42833],[15.12417,47.41389],[14.93556,47.39278]]]}}, {"type":"Feature","id":50,"properties":{"_id":"677d59bf13e31af480aca80f","createdBy":"OPONcQnzWGOLiJSceNaf8pvx1fA2","createdAt":"2025-01-07T16:43:43.740Z","updatedBy":"OPONcQnzWGOLiJSceNaf8pvx1fA2","updatedAt":"2025-01-07T16:45:18.153Z","name":"MTMA LOXZ","dataIngestion":true,"type":7,"icaoClass":3,"activity":0,"onDemand":false,"onRequest":false,"byNotam":false,"specialAgreement":false,"requestCompliance":false,"country":"AT","upperLimit":{"value":125,"unit":6,"referenceDatum":2},"lowerLimit":{"value":7500,"unit":1,"referenceDatum":1},"hoursOfOperation":{"operatingHours":[{"dayOfWeek":0,"startTime":"00:00","endTime":"00:00","byNotam":false,"sunrise":false,"sunset":false,"publicHolidaysExcluded":false},{"dayOfWeek":1,"startTime":"00:00","endTime":"00:00","byNotam":false,"sunrise":false,"sunset":false,"publicHolidaysExcluded":false},{"dayOfWeek":2,"startTime":"00:00","endTime":"00:00","byNotam":false,"sunrise":false,"sunset":false,"publicHolidaysExcluded":false},{"dayOfWeek":3,"startTime":"00:00","endTime":"00:00","byNotam":false,"sunrise":false,"sunset":false,"publicHolidaysExcluded":false},{"dayOfWeek":4,"startTime":"00:00","endTime":"00:00","byNotam":false,"sunrise":false,"sunset":false,"publicHolidaysExcluded":false},{"dayOfWeek":5,"startTime":"00:00","endTime":"00:00","byNotam":false,"sunrise":false,"sunset":false,"publicHolidaysExcluded":false},{"dayOfWeek":6,"startTime":"00:00","endTime":"00:00","byNotam":false,"sunrise":false,"sunset":false,"publicHolidaysExcluded":false}]},"deletable":true},"geometry":{"type":"Polygon","coordinates":[[[14.31139,47.27083],[14.0425,47.12],[14.2125,46.98333],[14.44417,46.79556],[14.49833,46.78444],[14.55917,46.77222],[15.18861,46.98222],[15.18611,46.995],[15.16667,47.08333],[15.17472,47.08778],[15.21528,47.11111],[15.21083,47.13667],[15,47.11333],[14.66556,47.07528],[14.36944,47.04083],[14.31139,47.27083]]]}}, {"type":"Feature","id":51,"properties":{"_id":"677d59bf13e31af480aca812","createdBy":"OPONcQnzWGOLiJSceNaf8pvx1fA2","createdAt":"2025-01-07T16:43:43.750Z","updatedBy":"OPONcQnzWGOLiJSceNaf8pvx1fA2","updatedAt":"2025-01-07T16:45:18.241Z","name":"MTMA LOXZ","dataIngestion":true,"type":7,"icaoClass":3,"activity":0,"onDemand":false,"onRequest":false,"byNotam":false,"specialAgreement":false,"requestCompliance":false,"country":"AT","upperLimit":{"value":125,"unit":6,"referenceDatum":2},"lowerLimit":{"value":8500,"unit":1,"referenceDatum":1},"hoursOfOperation":{"operatingHours":[{"dayOfWeek":0,"startTime":"00:00","endTime":"00:00","byNotam":false,"sunrise":false,"sunset":false,"publicHolidaysExcluded":false},{"dayOfWeek":1,"startTime":"00:00","endTime":"00:00","byNotam":false,"sunrise":false,"sunset":false,"publicHolidaysExcluded":false},{"dayOfWeek":2,"startTime":"00:00","endTime":"00:00","byNotam":false,"sunrise":false,"sunset":false,"publicHolidaysExcluded":false},{"dayOfWeek":3,"startTime":"00:00","endTime":"00:00","byNotam":false,"sunrise":false,"sunset":false,"publicHolidaysExcluded":false},{"dayOfWeek":4,"startTime":"00:00","endTime":"00:00","byNotam":false,"sunrise":false,"sunset":false,"publicHolidaysExcluded":false},{"dayOfWeek":5,"startTime":"00:00","endTime":"00:00","byNotam":false,"sunrise":false,"sunset":false,"publicHolidaysExcluded":false},{"dayOfWeek":6,"startTime":"00:00","endTime":"00:00","byNotam":false,"sunrise":false,"sunset":false,"publicHolidaysExcluded":false}]},"deletable":true},"geometry":{"type":"Polygon","coordinates":[[[14.76056,47.40722],[14.78083,47.325],[14.86167,47.33417],[14.93556,47.39278],[15.12417,47.41389],[15.42028,47.44611],[15.4125,47.47917],[15.08806,47.44389],[14.76056,47.40722]]]}}, {"type":"Feature","id":52,"properties":{"_id":"677d59bf13e31af480aca815","createdBy":"OPONcQnzWGOLiJSceNaf8pvx1fA2","createdAt":"2025-01-07T16:43:43.760Z","updatedBy":"OPONcQnzWGOLiJSceNaf8pvx1fA2","updatedAt":"2025-01-07T16:45:18.341Z","name":"MTMA LOXZ","dataIngestion":true,"type":7,"icaoClass":3,"activity":0,"onDemand":false,"onRequest":false,"byNotam":false,"specialAgreement":false,"requestCompliance":false,"country":"AT","upperLimit":{"value":125,"unit":6,"referenceDatum":2},"lowerLimit":{"value":9500,"unit":1,"referenceDatum":1},"hoursOfOperation":{"operatingHours":[{"dayOfWeek":0,"startTime":"00:00","endTime":"00:00","byNotam":false,"sunrise":false,"sunset":false,"publicHolidaysExcluded":false},{"dayOfWeek":1,"startTime":"00:00","endTime":"00:00","byNotam":false,"sunrise":false,"sunset":false,"publicHolidaysExcluded":false},{"dayOfWeek":2,"startTime":"00:00","endTime":"00:00","byNotam":false,"sunrise":false,"sunset":false,"publicHolidaysExcluded":false},{"dayOfWeek":3,"startTime":"00:00","endTime":"00:00","byNotam":false,"sunrise":false,"sunset":false,"publicHolidaysExcluded":false},{"dayOfWeek":4,"startTime":"00:00","endTime":"00:00","byNotam":false,"sunrise":false,"sunset":false,"publicHolidaysExcluded":false},{"dayOfWeek":5,"startTime":"00:00","endTime":"00:00","byNotam":false,"sunrise":false,"sunset":false,"publicHolidaysExcluded":false},{"dayOfWeek":6,"startTime":"00:00","endTime":"00:00","byNotam":false,"sunrise":false,"sunset":false,"publicHolidaysExcluded":false}]},"deletable":true},"geometry":{"type":"Polygon","coordinates":[[[13.96944,47.18194],[14.02361,47.13528],[14.0425,47.12],[14.31139,47.27083],[14.49806,47.2925],[14.78083,47.325],[14.76056,47.40722],[15.08806,47.44389],[15.4125,47.47917],[15.40083,47.52861],[15.095,47.49528],[14.77722,47.45972],[14.465,47.42417],[14.35667,47.41139],[14.00083,47.2225],[13.96944,47.18194]]]}}, {"type":"Feature","id":53,"properties":{"_id":"677d59bf13e31af480aca818","createdBy":"OPONcQnzWGOLiJSceNaf8pvx1fA2","createdAt":"2025-01-07T16:43:43.771Z","updatedBy":"OPONcQnzWGOLiJSceNaf8pvx1fA2","updatedAt":"2025-04-07T06:29:17.130Z","name":"TMZ LOWI E","dataIngestion":true,"type":5,"icaoClass":8,"activity":0,"onDemand":false,"onRequest":false,"byNotam":false,"specialAgreement":false,"requestCompliance":false,"country":"AT","upperLimit":{"value":125,"unit":6,"referenceDatum":2},"lowerLimit":{"value":11000,"unit":1,"referenceDatum":1},"hoursOfOperation":{"operatingHours":[{"dayOfWeek":0,"startTime":"00:00","endTime":"00:00","byNotam":false,"sunrise":false,"sunset":false,"publicHolidaysExcluded":false},{"dayOfWeek":1,"startTime":"00:00","endTime":"00:00","byNotam":false,"sunrise":false,"sunset":false,"publicHolidaysExcluded":false},{"dayOfWeek":2,"startTime":"00:00","endTime":"00:00","byNotam":false,"sunrise":false,"sunset":false,"publicHolidaysExcluded":false},{"dayOfWeek":3,"startTime":"00:00","endTime":"00:00","byNotam":false,"sunrise":false,"sunset":false,"publicHolidaysExcluded":false},{"dayOfWeek":4,"startTime":"00:00","endTime":"00:00","byNotam":false,"sunrise":false,"sunset":false,"publicHolidaysExcluded":false},{"dayOfWeek":5,"startTime":"00:00","endTime":"00:00","byNotam":false,"sunrise":false,"sunset":false,"publicHolidaysExcluded":false},{"dayOfWeek":6,"startTime":"00:00","endTime":"00:00","byNotam":false,"sunrise":false,"sunset":false,"publicHolidaysExcluded":false}]},"deletable":true},"geometry":{"type":"Polygon","coordinates":[[[12.44,47.69528],[12.21667,47.58889],[12.12806,47.37028],[11.80278,47.30556],[11.44583,47.20833],[11.49306,47.12778],[12.09722,47.29167],[12.28833,47.31333],[12.44,47.69528]]]}}, {"type":"Feature","id":54,"properties":{"_id":"677d59bf13e31af480aca81b","createdBy":"OPONcQnzWGOLiJSceNaf8pvx1fA2","createdAt":"2025-01-07T16:43:43.781Z","updatedBy":"OPONcQnzWGOLiJSceNaf8pvx1fA2","updatedAt":"2025-04-07T06:29:16.897Z","name":"TMZ LOWI W","dataIngestion":true,"type":5,"icaoClass":8,"activity":0,"onDemand":false,"onRequest":false,"byNotam":false,"specialAgreement":false,"requestCompliance":false,"country":"AT","upperLimit":{"value":125,"unit":6,"referenceDatum":2},"lowerLimit":{"value":11000,"unit":1,"referenceDatum":1},"hoursOfOperation":{"operatingHours":[{"dayOfWeek":0,"startTime":"00:00","endTime":"00:00","byNotam":false,"sunrise":false,"sunset":false,"publicHolidaysExcluded":false},{"dayOfWeek":1,"startTime":"00:00","endTime":"00:00","byNotam":false,"sunrise":false,"sunset":false,"publicHolidaysExcluded":false},{"dayOfWeek":2,"startTime":"00:00","endTime":"00:00","byNotam":false,"sunrise":false,"sunset":false,"publicHolidaysExcluded":false},{"dayOfWeek":3,"startTime":"00:00","endTime":"00:00","byNotam":false,"sunrise":false,"sunset":false,"publicHolidaysExcluded":false},{"dayOfWeek":4,"startTime":"00:00","endTime":"00:00","byNotam":false,"sunrise":false,"sunset":false,"publicHolidaysExcluded":false},{"dayOfWeek":5,"startTime":"00:00","endTime":"00:00","byNotam":false,"sunrise":false,"sunset":false,"publicHolidaysExcluded":false},{"dayOfWeek":6,"startTime":"00:00","endTime":"00:00","byNotam":false,"sunrise":false,"sunset":false,"publicHolidaysExcluded":false}]},"deletable":true},"geometry":{"type":"Polygon","coordinates":[[[11.29944,47.43056],[11.29194,47.42111],[11.28472,47.40278],[11.255,47.39861],[11.225,47.39528],[11.23472,47.41306],[11.23667,47.43222],[11.20556,47.43389],[11.17639,47.42417],[11.15056,47.41944],[11.12417,47.40833],[11.10028,47.39444],[11.07333,47.39611],[11.04583,47.39444],[11.01833,47.39667],[10.98833,47.39556],[10.96889,47.41194],[10.98361,47.43],[10.96056,47.44861],[10.93944,47.4625],[10.92528,47.4825],[10.895,47.48278],[10.87111,47.49083],[10.88694,47.50583],[10.90083,47.52111],[10.88694,47.53694],[10.85306,47.53333],[10.82444,47.5275],[10.8125,47.52],[10.57083,47.28556],[11.0125,47.17778],[11.04444,47.25333],[11.01389,47.26333],[10.87556,47.28306],[10.795,47.28278],[10.69278,47.28222],[10.67667,47.29],[10.69583,47.30083],[10.75417,47.30306],[10.79278,47.30639],[10.8875,47.315],[11.02361,47.32139],[11.075,47.325],[11.22056,47.28972],[11.28944,47.30694],[11.29944,47.43056]]]}}, {"type":"Feature","id":55,"properties":{"_id":"677d59bf13e31af480aca81e","createdBy":"OPONcQnzWGOLiJSceNaf8pvx1fA2","createdAt":"2025-01-07T16:43:43.794Z","updatedBy":"eBT9qSrxquPVguazo7MwJzzaf2p1","updatedAt":"2025-04-01T07:41:31.171Z","name":"TMZ LOWW","dataIngestion":true,"type":5,"icaoClass":8,"activity":0,"onDemand":false,"onRequest":false,"byNotam":false,"specialAgreement":false,"requestCompliance":false,"country":"AT","upperLimit":{"value":4500,"unit":1,"referenceDatum":1},"lowerLimit":{"value":0,"unit":1,"referenceDatum":0},"hoursOfOperation":{"operatingHours":[{"dayOfWeek":0,"startTime":"00:00","endTime":"00:00","byNotam":false,"sunrise":false,"sunset":false,"publicHolidaysExcluded":false},{"dayOfWeek":1,"startTime":"00:00","endTime":"00:00","byNotam":false,"sunrise":false,"sunset":false,"publicHolidaysExcluded":false},{"dayOfWeek":2,"startTime":"00:00","endTime":"00:00","byNotam":false,"sunrise":false,"sunset":false,"publicHolidaysExcluded":false},{"dayOfWeek":3,"startTime":"00:00","endTime":"00:00","byNotam":false,"sunrise":false,"sunset":false,"publicHolidaysExcluded":false},{"dayOfWeek":4,"startTime":"00:00","endTime":"00:00","byNotam":false,"sunrise":false,"sunset":false,"publicHolidaysExcluded":false},{"dayOfWeek":5,"startTime":"00:00","endTime":"00:00","byNotam":false,"sunrise":false,"sunset":false,"publicHolidaysExcluded":false},{"dayOfWeek":6,"startTime":"00:00","endTime":"00:00","byNotam":false,"sunrise":false,"sunset":false,"publicHolidaysExcluded":false}]},"deletable":true},"geometry":{"type":"Polygon","coordinates":[[[16.63111,48.47611],[16.52833,48.45667],[16.28083,48.40944],[16.325,48.31056],[16.31944,48.30861],[16.25444,48.30389],[16.18056,48.28083],[16.07667,48.12944],[16.11556,48.11333],[16.16861,47.91306],[16.24417,47.86028],[16.23361,47.80889],[16.42306,47.66639],[16.435,47.67028],[16.46028,47.68389],[16.48444,47.69139],[16.50528,47.70444],[16.53083,47.71083],[16.55222,47.7225],[16.5375,47.74],[16.56639,47.75167],[16.58306,47.755],[16.5925,47.75917],[16.62278,47.75722],[16.64528,47.74556],[16.67167,47.74056],[16.72139,47.7225],[16.74889,47.68139],[16.83222,47.68806],[16.84111,47.70583],[16.86889,47.72139],[16.87528,47.68833],[16.91278,47.68778],[16.93611,48.05],[16.86667,48.13333],[16.63111,48.47611]]]}}, {"type":"Feature","id":56,"properties":{"_id":"677d59bf13e31af480aca821","createdBy":"OPONcQnzWGOLiJSceNaf8pvx1fA2","createdAt":"2025-01-07T16:43:43.806Z","updatedBy":"OPONcQnzWGOLiJSceNaf8pvx1fA2","updatedAt":"2025-01-07T16:45:18.755Z","name":"TRA ACRO WELS","dataIngestion":true,"type":8,"icaoClass":8,"activity":0,"onDemand":false,"onRequest":false,"byNotam":false,"specialAgreement":false,"requestCompliance":false,"country":"AT","upperLimit":{"value":6000,"unit":1,"referenceDatum":1},"lowerLimit":{"value":2500,"unit":1,"referenceDatum":1},"hoursOfOperation":{"operatingHours":[{"dayOfWeek":0,"startTime":"00:00","endTime":"00:00","byNotam":false,"sunrise":false,"sunset":false,"publicHolidaysExcluded":false},{"dayOfWeek":1,"startTime":"00:00","endTime":"00:00","byNotam":false,"sunrise":false,"sunset":false,"publicHolidaysExcluded":false},{"dayOfWeek":2,"startTime":"00:00","endTime":"00:00","byNotam":false,"sunrise":false,"sunset":false,"publicHolidaysExcluded":false},{"dayOfWeek":3,"startTime":"00:00","endTime":"00:00","byNotam":false,"sunrise":false,"sunset":false,"publicHolidaysExcluded":false},{"dayOfWeek":4,"startTime":"00:00","endTime":"00:00","byNotam":false,"sunrise":false,"sunset":false,"publicHolidaysExcluded":false},{"dayOfWeek":5,"startTime":"00:00","endTime":"00:00","byNotam":false,"sunrise":false,"sunset":false,"publicHolidaysExcluded":false},{"dayOfWeek":6,"startTime":"00:00","endTime":"00:00","byNotam":false,"sunrise":false,"sunset":false,"publicHolidaysExcluded":false}]},"deletable":true},"geometry":{"type":"Polygon","coordinates":[[[13.97444,48.1975],[13.97722,48.16111],[14.07444,48.165],[14.07139,48.20139],[14.01389,48.20139],[13.97444,48.1975]]]}}, {"type":"Feature","id":57,"properties":{"_id":"677d59bf13e31af480aca824","createdBy":"OPONcQnzWGOLiJSceNaf8pvx1fA2","createdAt":"2025-01-07T16:43:43.817Z","updatedBy":"OPONcQnzWGOLiJSceNaf8pvx1fA2","updatedAt":"2025-11-17T09:22:04.959Z","name":"TRA ALMENLAND","dataIngestion":true,"type":8,"icaoClass":8,"activity":0,"onDemand":false,"onRequest":false,"byNotam":false,"specialAgreement":false,"requestCompliance":false,"country":"AT","upperLimit":{"value":9500,"unit":1,"referenceDatum":1},"lowerLimit":{"value":7500,"unit":1,"referenceDatum":1},"hoursOfOperation":{"operatingHours":[{"dayOfWeek":0,"startTime":"00:00","endTime":"00:00","byNotam":false,"sunrise":false,"sunset":false,"publicHolidaysExcluded":false},{"dayOfWeek":1,"startTime":"00:00","endTime":"00:00","byNotam":false,"sunrise":false,"sunset":false,"publicHolidaysExcluded":false},{"dayOfWeek":2,"startTime":"00:00","endTime":"00:00","byNotam":false,"sunrise":false,"sunset":false,"publicHolidaysExcluded":false},{"dayOfWeek":3,"startTime":"00:00","endTime":"00:00","byNotam":false,"sunrise":false,"sunset":false,"publicHolidaysExcluded":false},{"dayOfWeek":4,"startTime":"00:00","endTime":"00:00","byNotam":false,"sunrise":false,"sunset":false,"publicHolidaysExcluded":false},{"dayOfWeek":5,"startTime":"00:00","endTime":"00:00","byNotam":false,"sunrise":false,"sunset":false,"publicHolidaysExcluded":false},{"dayOfWeek":6,"startTime":"00:00","endTime":"00:00","byNotam":false,"sunrise":false,"sunset":false,"publicHolidaysExcluded":false}]},"deletable":true},"geometry":{"type":"Polygon","coordinates":[[[15.63278,47.46889],[15.42028,47.44611],[15.25611,47.42833],[15.26306,47.39806],[15.38667,47.32833],[15.44639,47.33583],[15.52056,47.32111],[15.56639,47.15778],[15.69639,47.24083],[15.63278,47.46889]]]}}, {"type":"Feature","id":58,"properties":{"_id":"677d59bf13e31af480aca82a","createdBy":"OPONcQnzWGOLiJSceNaf8pvx1fA2","createdAt":"2025-01-07T16:43:43.838Z","updatedBy":"OPONcQnzWGOLiJSceNaf8pvx1fA2","updatedAt":"2025-09-12T06:58:44.891Z","name":"TRA BRUCK","dataIngestion":true,"type":8,"icaoClass":8,"activity":0,"onDemand":false,"onRequest":false,"byNotam":false,"specialAgreement":false,"requestCompliance":false,"country":"AT","upperLimit":{"value":9500,"unit":1,"referenceDatum":1},"lowerLimit":{"value":8500,"unit":1,"referenceDatum":1},"hoursOfOperation":{"operatingHours":[{"dayOfWeek":0,"startTime":"00:00","endTime":"00:00","byNotam":false,"sunrise":false,"sunset":false,"publicHolidaysExcluded":false},{"dayOfWeek":1,"startTime":"00:00","endTime":"00:00","byNotam":false,"sunrise":false,"sunset":false,"publicHolidaysExcluded":false},{"dayOfWeek":2,"startTime":"00:00","endTime":"00:00","byNotam":false,"sunrise":false,"sunset":false,"publicHolidaysExcluded":false},{"dayOfWeek":3,"startTime":"00:00","endTime":"00:00","byNotam":false,"sunrise":false,"sunset":false,"publicHolidaysExcluded":false},{"dayOfWeek":4,"startTime":"00:00","endTime":"00:00","byNotam":false,"sunrise":false,"sunset":false,"publicHolidaysExcluded":false},{"dayOfWeek":5,"startTime":"00:00","endTime":"00:00","byNotam":false,"sunrise":false,"sunset":false,"publicHolidaysExcluded":false},{"dayOfWeek":6,"startTime":"00:00","endTime":"00:00","byNotam":false,"sunrise":false,"sunset":false,"publicHolidaysExcluded":false}]},"deletable":true},"geometry":{"type":"Polygon","coordinates":[[[15.08806,47.44389],[15.12417,47.41389],[15.42028,47.44611],[15.4125,47.47917],[15.08806,47.44389]]]}}, {"type":"Feature","id":59,"properties":{"_id":"677d59bf13e31af480aca82d","createdBy":"OPONcQnzWGOLiJSceNaf8pvx1fA2","createdAt":"2025-01-07T16:43:43.849Z","updatedBy":"OPONcQnzWGOLiJSceNaf8pvx1fA2","updatedAt":"2025-01-07T16:45:19.163Z","name":"TRA FELDKIRCHEN","dataIngestion":true,"type":8,"icaoClass":8,"activity":0,"onDemand":false,"onRequest":false,"byNotam":false,"specialAgreement":false,"requestCompliance":false,"country":"AT","upperLimit":{"value":6500,"unit":1,"referenceDatum":1},"lowerLimit":{"value":3500,"unit":1,"referenceDatum":1},"hoursOfOperation":{"operatingHours":[{"dayOfWeek":0,"startTime":"00:00","endTime":"00:00","byNotam":false,"sunrise":false,"sunset":false,"publicHolidaysExcluded":false},{"dayOfWeek":1,"startTime":"00:00","endTime":"00:00","byNotam":false,"sunrise":false,"sunset":false,"publicHolidaysExcluded":false},{"dayOfWeek":2,"startTime":"00:00","endTime":"00:00","byNotam":false,"sunrise":false,"sunset":false,"publicHolidaysExcluded":false},{"dayOfWeek":3,"startTime":"00:00","endTime":"00:00","byNotam":false,"sunrise":false,"sunset":false,"publicHolidaysExcluded":false},{"dayOfWeek":4,"startTime":"00:00","endTime":"00:00","byNotam":false,"sunrise":false,"sunset":false,"publicHolidaysExcluded":false},{"dayOfWeek":5,"startTime":"00:00","endTime":"00:00","byNotam":false,"sunrise":false,"sunset":false,"publicHolidaysExcluded":false},{"dayOfWeek":6,"startTime":"00:00","endTime":"00:00","byNotam":false,"sunrise":false,"sunset":false,"publicHolidaysExcluded":false}]},"deletable":true},"geometry":{"type":"Polygon","coordinates":[[[14.09417,46.74667],[14.07194,46.69972],[13.98111,46.66639],[14.1175,46.6375],[14.12889,46.66694],[14.09333,46.67389],[14.12167,46.74083],[14.09417,46.74667]]]}}, {"type":"Feature","id":60,"properties":{"_id":"677d59bf13e31af480aca830","createdBy":"OPONcQnzWGOLiJSceNaf8pvx1fA2","createdAt":"2025-01-07T16:43:43.860Z","updatedBy":"OPONcQnzWGOLiJSceNaf8pvx1fA2","updatedAt":"2025-04-07T06:29:17.044Z","name":"TRA GAISBERG","dataIngestion":true,"type":8,"icaoClass":8,"activity":0,"onDemand":false,"onRequest":false,"byNotam":false,"specialAgreement":false,"requestCompliance":false,"country":"AT","upperLimit":{"value":5000,"unit":1,"referenceDatum":1},"lowerLimit":{"value":0,"unit":1,"referenceDatum":0},"hoursOfOperation":{"operatingHours":[{"dayOfWeek":0,"startTime":"00:00","endTime":"00:00","byNotam":false,"sunrise":false,"sunset":false,"publicHolidaysExcluded":false},{"dayOfWeek":1,"startTime":"00:00","endTime":"00:00","byNotam":false,"sunrise":false,"sunset":false,"publicHolidaysExcluded":false},{"dayOfWeek":2,"startTime":"00:00","endTime":"00:00","byNotam":false,"sunrise":false,"sunset":false,"publicHolidaysExcluded":false},{"dayOfWeek":3,"startTime":"00:00","endTime":"00:00","byNotam":false,"sunrise":false,"sunset":false,"publicHolidaysExcluded":false},{"dayOfWeek":4,"startTime":"00:00","endTime":"00:00","byNotam":false,"sunrise":false,"sunset":false,"publicHolidaysExcluded":false},{"dayOfWeek":5,"startTime":"00:00","endTime":"00:00","byNotam":false,"sunrise":false,"sunset":false,"publicHolidaysExcluded":false},{"dayOfWeek":6,"startTime":"00:00","endTime":"00:00","byNotam":false,"sunrise":false,"sunset":false,"publicHolidaysExcluded":false}]},"deletable":true},"geometry":{"type":"Polygon","coordinates":[[[13.09833,47.82111],[13.09444,47.80389],[13.10417,47.78111],[13.15028,47.79],[13.13444,47.82611],[13.09833,47.82111]]]}}, {"type":"Feature","id":61,"properties":{"_id":"677d59bf13e31af480aca833","createdBy":"OPONcQnzWGOLiJSceNaf8pvx1fA2","createdAt":"2025-01-07T16:43:43.870Z","updatedBy":"OPONcQnzWGOLiJSceNaf8pvx1fA2","updatedAt":"2025-01-07T16:45:19.360Z","name":"TRA GERLITZEN","dataIngestion":true,"type":8,"icaoClass":8,"activity":0,"onDemand":false,"onRequest":false,"byNotam":false,"specialAgreement":false,"requestCompliance":false,"country":"AT","upperLimit":{"value":9500,"unit":1,"referenceDatum":1},"lowerLimit":{"value":6500,"unit":1,"referenceDatum":1},"hoursOfOperation":{"operatingHours":[{"dayOfWeek":0,"startTime":"00:00","endTime":"00:00","byNotam":false,"sunrise":false,"sunset":false,"publicHolidaysExcluded":false},{"dayOfWeek":1,"startTime":"00:00","endTime":"00:00","byNotam":false,"sunrise":false,"sunset":false,"publicHolidaysExcluded":false},{"dayOfWeek":2,"startTime":"00:00","endTime":"00:00","byNotam":false,"sunrise":false,"sunset":false,"publicHolidaysExcluded":false},{"dayOfWeek":3,"startTime":"00:00","endTime":"00:00","byNotam":false,"sunrise":false,"sunset":false,"publicHolidaysExcluded":false},{"dayOfWeek":4,"startTime":"00:00","endTime":"00:00","byNotam":false,"sunrise":false,"sunset":false,"publicHolidaysExcluded":false},{"dayOfWeek":5,"startTime":"00:00","endTime":"00:00","byNotam":false,"sunrise":false,"sunset":false,"publicHolidaysExcluded":false},{"dayOfWeek":6,"startTime":"00:00","endTime":"00:00","byNotam":false,"sunrise":false,"sunset":false,"publicHolidaysExcluded":false}]},"deletable":true},"geometry":{"type":"Polygon","coordinates":[[[13.875,46.79306],[13.83333,46.69722],[13.98111,46.66639],[14.07194,46.69972],[14.09417,46.74667],[13.875,46.79306]]]}}, {"type":"Feature","id":62,"properties":{"_id":"677d59bf13e31af480aca836","createdBy":"OPONcQnzWGOLiJSceNaf8pvx1fA2","createdAt":"2025-01-07T16:43:43.882Z","updatedBy":"OPONcQnzWGOLiJSceNaf8pvx1fA2","updatedAt":"2025-01-07T16:45:19.465Z","name":"TRA GRADEN","dataIngestion":true,"type":8,"icaoClass":8,"activity":0,"onDemand":false,"onRequest":false,"byNotam":false,"specialAgreement":false,"requestCompliance":false,"country":"AT","upperLimit":{"value":7000,"unit":1,"referenceDatum":1},"lowerLimit":{"value":0,"unit":1,"referenceDatum":0},"hoursOfOperation":{"operatingHours":[{"dayOfWeek":0,"startTime":"00:00","endTime":"00:00","byNotam":false,"sunrise":false,"sunset":false,"publicHolidaysExcluded":false},{"dayOfWeek":1,"startTime":"00:00","endTime":"00:00","byNotam":false,"sunrise":false,"sunset":false,"publicHolidaysExcluded":false},{"dayOfWeek":2,"startTime":"00:00","endTime":"00:00","byNotam":false,"sunrise":false,"sunset":false,"publicHolidaysExcluded":false},{"dayOfWeek":3,"startTime":"00:00","endTime":"00:00","byNotam":false,"sunrise":false,"sunset":false,"publicHolidaysExcluded":false},{"dayOfWeek":4,"startTime":"00:00","endTime":"00:00","byNotam":false,"sunrise":false,"sunset":false,"publicHolidaysExcluded":false},{"dayOfWeek":5,"startTime":"00:00","endTime":"00:00","byNotam":false,"sunrise":false,"sunset":false,"publicHolidaysExcluded":false},{"dayOfWeek":6,"startTime":"00:00","endTime":"00:00","byNotam":false,"sunrise":false,"sunset":false,"publicHolidaysExcluded":false}]},"deletable":true},"geometry":{"type":"Polygon","coordinates":[[[14.98278,47.18389],[14.95139,47.14167],[15.11556,47.16],[15.11194,47.17528],[14.98278,47.18389]]]}}, {"type":"Feature","id":63,"properties":{"_id":"677d59bf13e31af480aca839","createdBy":"OPONcQnzWGOLiJSceNaf8pvx1fA2","createdAt":"2025-01-07T16:43:43.894Z","updatedBy":"OPONcQnzWGOLiJSceNaf8pvx1fA2","updatedAt":"2025-01-07T16:45:19.570Z","name":"TRA GRADEN","dataIngestion":true,"type":8,"icaoClass":8,"activity":0,"onDemand":false,"onRequest":false,"byNotam":false,"specialAgreement":false,"requestCompliance":false,"country":"AT","upperLimit":{"value":7000,"unit":1,"referenceDatum":1},"lowerLimit":{"value":6500,"unit":1,"referenceDatum":1},"hoursOfOperation":{"operatingHours":[{"dayOfWeek":0,"startTime":"00:00","endTime":"00:00","byNotam":false,"sunrise":false,"sunset":false,"publicHolidaysExcluded":false},{"dayOfWeek":1,"startTime":"00:00","endTime":"00:00","byNotam":false,"sunrise":false,"sunset":false,"publicHolidaysExcluded":false},{"dayOfWeek":2,"startTime":"00:00","endTime":"00:00","byNotam":false,"sunrise":false,"sunset":false,"publicHolidaysExcluded":false},{"dayOfWeek":3,"startTime":"00:00","endTime":"00:00","byNotam":false,"sunrise":false,"sunset":false,"publicHolidaysExcluded":false},{"dayOfWeek":4,"startTime":"00:00","endTime":"00:00","byNotam":false,"sunrise":false,"sunset":false,"publicHolidaysExcluded":false},{"dayOfWeek":5,"startTime":"00:00","endTime":"00:00","byNotam":false,"sunrise":false,"sunset":false,"publicHolidaysExcluded":false},{"dayOfWeek":6,"startTime":"00:00","endTime":"00:00","byNotam":false,"sunrise":false,"sunset":false,"publicHolidaysExcluded":false}]},"deletable":true},"geometry":{"type":"Polygon","coordinates":[[[14.95139,47.14167],[14.92389,47.10472],[15.21083,47.13667],[15.20556,47.16722],[15.11556,47.16],[14.95139,47.14167]]]}}, {"type":"Feature","id":64,"properties":{"_id":"677d59bf13e31af480aca83c","createdBy":"OPONcQnzWGOLiJSceNaf8pvx1fA2","createdAt":"2025-01-07T16:43:43.905Z","updatedBy":"OPONcQnzWGOLiJSceNaf8pvx1fA2","updatedAt":"2025-01-07T16:45:19.672Z","name":"TRA GREIM","dataIngestion":true,"type":8,"icaoClass":8,"activity":0,"onDemand":false,"onRequest":false,"byNotam":false,"specialAgreement":false,"requestCompliance":false,"country":"AT","upperLimit":{"value":11500,"unit":1,"referenceDatum":1},"lowerLimit":{"value":9500,"unit":1,"referenceDatum":1},"hoursOfOperation":{"operatingHours":[{"dayOfWeek":0,"startTime":"00:00","endTime":"00:00","byNotam":false,"sunrise":false,"sunset":false,"publicHolidaysExcluded":false},{"dayOfWeek":1,"startTime":"00:00","endTime":"00:00","byNotam":false,"sunrise":false,"sunset":false,"publicHolidaysExcluded":false},{"dayOfWeek":2,"startTime":"00:00","endTime":"00:00","byNotam":false,"sunrise":false,"sunset":false,"publicHolidaysExcluded":false},{"dayOfWeek":3,"startTime":"00:00","endTime":"00:00","byNotam":false,"sunrise":false,"sunset":false,"publicHolidaysExcluded":false},{"dayOfWeek":4,"startTime":"00:00","endTime":"00:00","byNotam":false,"sunrise":false,"sunset":false,"publicHolidaysExcluded":false},{"dayOfWeek":5,"startTime":"00:00","endTime":"00:00","byNotam":false,"sunrise":false,"sunset":false,"publicHolidaysExcluded":false},{"dayOfWeek":6,"startTime":"00:00","endTime":"00:00","byNotam":false,"sunrise":false,"sunset":false,"publicHolidaysExcluded":false}]},"deletable":true},"geometry":{"type":"Polygon","coordinates":[[[14.00083,47.2225],[13.96944,47.18194],[14.12556,47.19361],[14.30361,47.31389],[14.48861,47.33889],[14.465,47.42417],[14.35667,47.41139],[14.00083,47.2225]]]}}, {"type":"Feature","id":65,"properties":{"_id":"677d59bf13e31af480aca83f","createdBy":"OPONcQnzWGOLiJSceNaf8pvx1fA2","createdAt":"2025-01-07T16:43:43.917Z","updatedBy":"OPONcQnzWGOLiJSceNaf8pvx1fA2","updatedAt":"2025-01-07T16:45:19.775Z","name":"TRA HOCHALM","dataIngestion":true,"type":8,"icaoClass":8,"activity":0,"onDemand":false,"onRequest":false,"byNotam":false,"specialAgreement":false,"requestCompliance":false,"country":"AT","upperLimit":{"value":8000,"unit":1,"referenceDatum":1},"lowerLimit":{"value":0,"unit":1,"referenceDatum":0},"hoursOfOperation":{"operatingHours":[{"dayOfWeek":0,"startTime":"00:00","endTime":"00:00","byNotam":false,"sunrise":false,"sunset":false,"publicHolidaysExcluded":false},{"dayOfWeek":1,"startTime":"00:00","endTime":"00:00","byNotam":false,"sunrise":false,"sunset":false,"publicHolidaysExcluded":false},{"dayOfWeek":2,"startTime":"00:00","endTime":"00:00","byNotam":false,"sunrise":false,"sunset":false,"publicHolidaysExcluded":false},{"dayOfWeek":3,"startTime":"00:00","endTime":"00:00","byNotam":false,"sunrise":false,"sunset":false,"publicHolidaysExcluded":false},{"dayOfWeek":4,"startTime":"00:00","endTime":"00:00","byNotam":false,"sunrise":false,"sunset":false,"publicHolidaysExcluded":false},{"dayOfWeek":5,"startTime":"00:00","endTime":"00:00","byNotam":false,"sunrise":false,"sunset":false,"publicHolidaysExcluded":false},{"dayOfWeek":6,"startTime":"00:00","endTime":"00:00","byNotam":false,"sunrise":false,"sunset":false,"publicHolidaysExcluded":false}]},"deletable":true},"geometry":{"type":"Polygon","coordinates":[[[14.84611,47.29861],[14.73167,47.28556],[14.7406,47.28128],[14.74613,47.27915],[14.75191,47.27735],[14.75488,47.27657],[14.76094,47.27527],[14.76714,47.27431],[14.77028,47.27397],[14.77662,47.27355],[14.77979,47.27347],[14.78615,47.2736],[14.79247,47.27408],[14.79871,47.27492],[14.80179,47.27547],[14.80782,47.27683],[14.81077,47.27764],[14.81651,47.2795],[14.81929,47.28056],[14.82464,47.28289],[14.82968,47.28553],[14.83207,47.28695],[14.83659,47.28999],[14.84072,47.29327],[14.84262,47.295],[14.84611,47.29861]]]}}, {"type":"Feature","id":66,"properties":{"_id":"677d59bf13e31af480aca842","createdBy":"OPONcQnzWGOLiJSceNaf8pvx1fA2","createdAt":"2025-01-07T16:43:43.930Z","updatedBy":"OPONcQnzWGOLiJSceNaf8pvx1fA2","updatedAt":"2025-01-07T16:45:19.883Z","name":"TRA HOCHALM","dataIngestion":true,"type":8,"icaoClass":8,"activity":0,"onDemand":false,"onRequest":false,"byNotam":false,"specialAgreement":false,"requestCompliance":false,"country":"AT","upperLimit":{"value":8000,"unit":1,"referenceDatum":1},"lowerLimit":{"value":6500,"unit":1,"referenceDatum":1},"hoursOfOperation":{"operatingHours":[{"dayOfWeek":0,"startTime":"00:00","endTime":"00:00","byNotam":false,"sunrise":false,"sunset":false,"publicHolidaysExcluded":false},{"dayOfWeek":1,"startTime":"00:00","endTime":"00:00","byNotam":false,"sunrise":false,"sunset":false,"publicHolidaysExcluded":false},{"dayOfWeek":2,"startTime":"00:00","endTime":"00:00","byNotam":false,"sunrise":false,"sunset":false,"publicHolidaysExcluded":false},{"dayOfWeek":3,"startTime":"00:00","endTime":"00:00","byNotam":false,"sunrise":false,"sunset":false,"publicHolidaysExcluded":false},{"dayOfWeek":4,"startTime":"00:00","endTime":"00:00","byNotam":false,"sunrise":false,"sunset":false,"publicHolidaysExcluded":false},{"dayOfWeek":5,"startTime":"00:00","endTime":"00:00","byNotam":false,"sunrise":false,"sunset":false,"publicHolidaysExcluded":false},{"dayOfWeek":6,"startTime":"00:00","endTime":"00:00","byNotam":false,"sunrise":false,"sunset":false,"publicHolidaysExcluded":false}]},"deletable":true},"geometry":{"type":"Polygon","coordinates":[[[14.85583,47.33361],[14.70583,47.31639],[14.70616,47.31479],[14.70686,47.31268],[14.70768,47.31059],[14.70972,47.30649],[14.71226,47.30252],[14.71527,47.29871],[14.71875,47.29509],[14.72266,47.29167],[14.72698,47.28849],[14.73167,47.28556],[14.84611,47.29861],[14.84748,47.30017],[14.85031,47.30404],[14.85266,47.30806],[14.8545,47.31219],[14.85582,47.31641],[14.85662,47.3207],[14.85689,47.32501],[14.85663,47.32933],[14.85583,47.33361]]]}}, {"type":"Feature","id":67,"properties":{"_id":"677d59bf13e31af480aca845","createdBy":"OPONcQnzWGOLiJSceNaf8pvx1fA2","createdAt":"2025-01-07T16:43:43.950Z","updatedBy":"OPONcQnzWGOLiJSceNaf8pvx1fA2","updatedAt":"2025-01-07T16:45:19.994Z","name":"TRA LINDBERG 1","dataIngestion":true,"type":8,"icaoClass":8,"activity":0,"onDemand":false,"onRequest":false,"byNotam":false,"specialAgreement":false,"requestCompliance":false,"country":"AT","upperLimit":{"value":6500,"unit":1,"referenceDatum":1},"lowerLimit":{"value":0,"unit":1,"referenceDatum":0},"hoursOfOperation":{"operatingHours":[{"dayOfWeek":0,"startTime":"00:00","endTime":"00:00","byNotam":false,"sunrise":false,"sunset":false,"publicHolidaysExcluded":false},{"dayOfWeek":1,"startTime":"00:00","endTime":"00:00","byNotam":false,"sunrise":false,"sunset":false,"publicHolidaysExcluded":false},{"dayOfWeek":2,"startTime":"00:00","endTime":"00:00","byNotam":false,"sunrise":false,"sunset":false,"publicHolidaysExcluded":false},{"dayOfWeek":3,"startTime":"00:00","endTime":"00:00","byNotam":false,"sunrise":false,"sunset":false,"publicHolidaysExcluded":false},{"dayOfWeek":4,"startTime":"00:00","endTime":"00:00","byNotam":false,"sunrise":false,"sunset":false,"publicHolidaysExcluded":false},{"dayOfWeek":5,"startTime":"00:00","endTime":"00:00","byNotam":false,"sunrise":false,"sunset":false,"publicHolidaysExcluded":false},{"dayOfWeek":6,"startTime":"00:00","endTime":"00:00","byNotam":false,"sunrise":false,"sunset":false,"publicHolidaysExcluded":false}]},"deletable":true},"geometry":{"type":"Polygon","coordinates":[[[14.39194,47.14889],[14.40667,47.15528],[14.40806,47.17306],[14.40778,47.18056],[14.40222,47.19056],[14.39667,47.20389],[14.39111,47.24639],[14.36806,47.24361],[14.39194,47.14889]]]}}, {"type":"Feature","id":68,"properties":{"_id":"677d59bf13e31af480aca848","createdBy":"OPONcQnzWGOLiJSceNaf8pvx1fA2","createdAt":"2025-01-07T16:43:43.962Z","updatedBy":"OPONcQnzWGOLiJSceNaf8pvx1fA2","updatedAt":"2025-01-07T16:45:20.106Z","name":"TRA LINDBERG 2","dataIngestion":true,"type":8,"icaoClass":8,"activity":0,"onDemand":false,"onRequest":false,"byNotam":false,"specialAgreement":false,"requestCompliance":false,"country":"AT","upperLimit":{"value":8500,"unit":1,"referenceDatum":1},"lowerLimit":{"value":6500,"unit":1,"referenceDatum":1},"hoursOfOperation":{"operatingHours":[{"dayOfWeek":0,"startTime":"00:00","endTime":"00:00","byNotam":false,"sunrise":false,"sunset":false,"publicHolidaysExcluded":false},{"dayOfWeek":1,"startTime":"00:00","endTime":"00:00","byNotam":false,"sunrise":false,"sunset":false,"publicHolidaysExcluded":false},{"dayOfWeek":2,"startTime":"00:00","endTime":"00:00","byNotam":false,"sunrise":false,"sunset":false,"publicHolidaysExcluded":false},{"dayOfWeek":3,"startTime":"00:00","endTime":"00:00","byNotam":false,"sunrise":false,"sunset":false,"publicHolidaysExcluded":false},{"dayOfWeek":4,"startTime":"00:00","endTime":"00:00","byNotam":false,"sunrise":false,"sunset":false,"publicHolidaysExcluded":false},{"dayOfWeek":5,"startTime":"00:00","endTime":"00:00","byNotam":false,"sunrise":false,"sunset":false,"publicHolidaysExcluded":false},{"dayOfWeek":6,"startTime":"00:00","endTime":"00:00","byNotam":false,"sunrise":false,"sunset":false,"publicHolidaysExcluded":false}]},"deletable":true},"geometry":{"type":"Polygon","coordinates":[[[14.39194,47.14889],[14.40667,47.15528],[14.40806,47.17306],[14.40778,47.18056],[14.40222,47.19056],[14.39667,47.20389],[14.39111,47.24639],[14.38639,47.27972],[14.31139,47.27083],[14.32917,47.20028],[14.3775,47.20583],[14.39194,47.14889]]]}}, {"type":"Feature","id":69,"properties":{"_id":"677d59bf13e31af480aca84b","createdBy":"OPONcQnzWGOLiJSceNaf8pvx1fA2","createdAt":"2025-01-07T16:43:43.974Z","updatedBy":"OPONcQnzWGOLiJSceNaf8pvx1fA2","updatedAt":"2025-01-07T16:45:20.195Z","name":"TRA LINZ-OST","dataIngestion":true,"type":8,"icaoClass":8,"activity":0,"onDemand":false,"onRequest":false,"byNotam":false,"specialAgreement":false,"requestCompliance":false,"country":"AT","upperLimit":{"value":7000,"unit":1,"referenceDatum":1},"lowerLimit":{"value":4500,"unit":1,"referenceDatum":1},"hoursOfOperation":{"operatingHours":[{"dayOfWeek":0,"startTime":"00:00","endTime":"00:00","byNotam":false,"sunrise":false,"sunset":false,"publicHolidaysExcluded":false},{"dayOfWeek":1,"startTime":"00:00","endTime":"00:00","byNotam":false,"sunrise":false,"sunset":false,"publicHolidaysExcluded":false},{"dayOfWeek":2,"startTime":"00:00","endTime":"00:00","byNotam":false,"sunrise":false,"sunset":false,"publicHolidaysExcluded":false},{"dayOfWeek":3,"startTime":"00:00","endTime":"00:00","byNotam":false,"sunrise":false,"sunset":false,"publicHolidaysExcluded":false},{"dayOfWeek":4,"startTime":"00:00","endTime":"00:00","byNotam":false,"sunrise":false,"sunset":false,"publicHolidaysExcluded":false},{"dayOfWeek":5,"startTime":"00:00","endTime":"00:00","byNotam":false,"sunrise":false,"sunset":false,"publicHolidaysExcluded":false},{"dayOfWeek":6,"startTime":"00:00","endTime":"00:00","byNotam":false,"sunrise":false,"sunset":false,"publicHolidaysExcluded":false}]},"deletable":true},"geometry":{"type":"Polygon","coordinates":[[[14.62722,48.36972],[14.14694,48.35528],[14.14917,48.32056],[14.34083,48.28861],[14.63306,48.29778],[14.62722,48.36972]]]}}, {"type":"Feature","id":70,"properties":{"_id":"677d59bf13e31af480aca84e","createdBy":"OPONcQnzWGOLiJSceNaf8pvx1fA2","createdAt":"2025-01-07T16:43:43.986Z","updatedBy":"OPONcQnzWGOLiJSceNaf8pvx1fA2","updatedAt":"2025-01-07T16:45:20.313Z","name":"TRA EFERDING","dataIngestion":true,"type":8,"icaoClass":8,"activity":0,"onDemand":false,"onRequest":false,"byNotam":false,"specialAgreement":false,"requestCompliance":false,"country":"AT","upperLimit":{"value":7000,"unit":1,"referenceDatum":1},"lowerLimit":{"value":4500,"unit":1,"referenceDatum":1},"hoursOfOperation":{"operatingHours":[{"dayOfWeek":0,"startTime":"00:00","endTime":"00:00","byNotam":false,"sunrise":false,"sunset":false,"publicHolidaysExcluded":false},{"dayOfWeek":1,"startTime":"00:00","endTime":"00:00","byNotam":false,"sunrise":false,"sunset":false,"publicHolidaysExcluded":false},{"dayOfWeek":2,"startTime":"00:00","endTime":"00:00","byNotam":false,"sunrise":false,"sunset":false,"publicHolidaysExcluded":false},{"dayOfWeek":3,"startTime":"00:00","endTime":"00:00","byNotam":false,"sunrise":false,"sunset":false,"publicHolidaysExcluded":false},{"dayOfWeek":4,"startTime":"00:00","endTime":"00:00","byNotam":false,"sunrise":false,"sunset":false,"publicHolidaysExcluded":false},{"dayOfWeek":5,"startTime":"00:00","endTime":"00:00","byNotam":false,"sunrise":false,"sunset":false,"publicHolidaysExcluded":false},{"dayOfWeek":6,"startTime":"00:00","endTime":"00:00","byNotam":false,"sunrise":false,"sunset":false,"publicHolidaysExcluded":false}]},"deletable":true},"geometry":{"type":"Polygon","coordinates":[[[14.14694,48.35528],[13.87,48.34583],[13.90444,48.31333],[14.14917,48.32056],[14.14694,48.35528]]]}}, {"type":"Feature","id":71,"properties":{"_id":"677d59bf13e31af480aca851","createdBy":"OPONcQnzWGOLiJSceNaf8pvx1fA2","createdAt":"2025-01-07T16:43:43.997Z","updatedBy":"OPONcQnzWGOLiJSceNaf8pvx1fA2","updatedAt":"2025-01-07T16:45:20.412Z","name":"TRA LOWI C","dataIngestion":true,"type":8,"icaoClass":8,"activity":0,"onDemand":false,"onRequest":false,"byNotam":false,"specialAgreement":false,"requestCompliance":false,"country":"AT","upperLimit":{"value":11000,"unit":1,"referenceDatum":1},"lowerLimit":{"value":0,"unit":1,"referenceDatum":0},"hoursOfOperation":{"operatingHours":[{"dayOfWeek":0,"startTime":"00:00","endTime":"00:00","byNotam":false,"sunrise":false,"sunset":false,"publicHolidaysExcluded":false},{"dayOfWeek":1,"startTime":"00:00","endTime":"00:00","byNotam":false,"sunrise":false,"sunset":false,"publicHolidaysExcluded":false},{"dayOfWeek":2,"startTime":"00:00","endTime":"00:00","byNotam":false,"sunrise":false,"sunset":false,"publicHolidaysExcluded":false},{"dayOfWeek":3,"startTime":"00:00","endTime":"00:00","byNotam":false,"sunrise":false,"sunset":false,"publicHolidaysExcluded":false},{"dayOfWeek":4,"startTime":"00:00","endTime":"00:00","byNotam":false,"sunrise":false,"sunset":false,"publicHolidaysExcluded":false},{"dayOfWeek":5,"startTime":"00:00","endTime":"00:00","byNotam":false,"sunrise":false,"sunset":false,"publicHolidaysExcluded":false},{"dayOfWeek":6,"startTime":"00:00","endTime":"00:00","byNotam":false,"sunrise":false,"sunset":false,"publicHolidaysExcluded":false}]},"deletable":true},"geometry":{"type":"Polygon","coordinates":[[[11.22056,47.28972],[11.25111,47.27528],[11.29361,47.2675],[11.32194,47.27056],[11.56389,47.32556],[11.67306,47.35889],[11.70944,47.37944],[11.75111,47.39444],[11.73889,47.41667],[11.48,47.35361],[11.22056,47.28972]]]}}, {"type":"Feature","id":72,"properties":{"_id":"677d59c013e31af480aca854","createdBy":"OPONcQnzWGOLiJSceNaf8pvx1fA2","createdAt":"2025-01-07T16:43:44.010Z","updatedBy":"OPONcQnzWGOLiJSceNaf8pvx1fA2","updatedAt":"2025-01-07T16:45:20.514Z","name":"TRA LOWI L","dataIngestion":true,"type":8,"icaoClass":8,"activity":0,"onDemand":false,"onRequest":false,"byNotam":false,"specialAgreement":false,"requestCompliance":false,"country":"AT","upperLimit":{"value":4500,"unit":1,"referenceDatum":1},"lowerLimit":{"value":0,"unit":1,"referenceDatum":0},"hoursOfOperation":{"operatingHours":[{"dayOfWeek":0,"startTime":"00:00","endTime":"00:00","byNotam":false,"sunrise":false,"sunset":false,"publicHolidaysExcluded":false},{"dayOfWeek":1,"startTime":"00:00","endTime":"00:00","byNotam":false,"sunrise":false,"sunset":false,"publicHolidaysExcluded":false},{"dayOfWeek":2,"startTime":"00:00","endTime":"00:00","byNotam":false,"sunrise":false,"sunset":false,"publicHolidaysExcluded":false},{"dayOfWeek":3,"startTime":"00:00","endTime":"00:00","byNotam":false,"sunrise":false,"sunset":false,"publicHolidaysExcluded":false},{"dayOfWeek":4,"startTime":"00:00","endTime":"00:00","byNotam":false,"sunrise":false,"sunset":false,"publicHolidaysExcluded":false},{"dayOfWeek":5,"startTime":"00:00","endTime":"00:00","byNotam":false,"sunrise":false,"sunset":false,"publicHolidaysExcluded":false},{"dayOfWeek":6,"startTime":"00:00","endTime":"00:00","byNotam":false,"sunrise":false,"sunset":false,"publicHolidaysExcluded":false}]},"deletable":true},"geometry":{"type":"Polygon","coordinates":[[[11.3975,47.28778],[11.32194,47.27056],[11.29361,47.2675],[11.32389,47.26583],[11.32833,47.26278],[11.3325,47.26194],[11.35694,47.26389],[11.3975,47.28778]]]}}, {"type":"Feature","id":73,"properties":{"_id":"677d59c013e31af480aca857","createdBy":"OPONcQnzWGOLiJSceNaf8pvx1fA2","createdAt":"2025-01-07T16:43:44.022Z","updatedBy":"OPONcQnzWGOLiJSceNaf8pvx1fA2","updatedAt":"2025-01-07T16:45:20.622Z","name":"TRA LOWS N","dataIngestion":true,"type":8,"icaoClass":8,"activity":0,"onDemand":false,"onRequest":false,"byNotam":false,"specialAgreement":false,"requestCompliance":false,"country":"AT","upperLimit":{"value":5000,"unit":1,"referenceDatum":1},"lowerLimit":{"value":3500,"unit":1,"referenceDatum":1},"hoursOfOperation":{"operatingHours":[{"dayOfWeek":0,"startTime":"00:00","endTime":"00:00","byNotam":false,"sunrise":false,"sunset":false,"publicHolidaysExcluded":false},{"dayOfWeek":1,"startTime":"00:00","endTime":"00:00","byNotam":false,"sunrise":false,"sunset":false,"publicHolidaysExcluded":false},{"dayOfWeek":2,"startTime":"00:00","endTime":"00:00","byNotam":false,"sunrise":false,"sunset":false,"publicHolidaysExcluded":false},{"dayOfWeek":3,"startTime":"00:00","endTime":"00:00","byNotam":false,"sunrise":false,"sunset":false,"publicHolidaysExcluded":false},{"dayOfWeek":4,"startTime":"00:00","endTime":"00:00","byNotam":false,"sunrise":false,"sunset":false,"publicHolidaysExcluded":false},{"dayOfWeek":5,"startTime":"00:00","endTime":"00:00","byNotam":false,"sunrise":false,"sunset":false,"publicHolidaysExcluded":false},{"dayOfWeek":6,"startTime":"00:00","endTime":"00:00","byNotam":false,"sunrise":false,"sunset":false,"publicHolidaysExcluded":false}]},"deletable":true},"geometry":{"type":"Polygon","coordinates":[[[13.16639,48.29139],[13.11333,48.27722],[13.08,48.27694],[13.055,48.26528],[13.00944,48.24972],[12.99444,48.23417],[12.94667,48.20694],[12.90167,48.20417],[12.87278,48.20222],[12.86028,48.18444],[12.84611,48.16639],[13.16667,48.16722],[13.16639,48.29139]]]}}, {"type":"Feature","id":74,"properties":{"_id":"677d59c013e31af480aca85a","createdBy":"OPONcQnzWGOLiJSceNaf8pvx1fA2","createdAt":"2025-01-07T16:43:44.032Z","updatedBy":"OPONcQnzWGOLiJSceNaf8pvx1fA2","updatedAt":"2025-01-07T16:45:20.727Z","name":"TRA LOXT 1","dataIngestion":true,"type":8,"icaoClass":8,"activity":0,"onDemand":false,"onRequest":false,"byNotam":false,"specialAgreement":false,"requestCompliance":false,"country":"AT","upperLimit":{"value":3500,"unit":1,"referenceDatum":1},"lowerLimit":{"value":0,"unit":1,"referenceDatum":0},"hoursOfOperation":{"operatingHours":[{"dayOfWeek":0,"startTime":"00:00","endTime":"00:00","byNotam":false,"sunrise":false,"sunset":false,"publicHolidaysExcluded":false},{"dayOfWeek":1,"startTime":"00:00","endTime":"00:00","byNotam":false,"sunrise":false,"sunset":false,"publicHolidaysExcluded":false},{"dayOfWeek":2,"startTime":"00:00","endTime":"00:00","byNotam":false,"sunrise":false,"sunset":false,"publicHolidaysExcluded":false},{"dayOfWeek":3,"startTime":"00:00","endTime":"00:00","byNotam":false,"sunrise":false,"sunset":false,"publicHolidaysExcluded":false},{"dayOfWeek":4,"startTime":"00:00","endTime":"00:00","byNotam":false,"sunrise":false,"sunset":false,"publicHolidaysExcluded":false},{"dayOfWeek":5,"startTime":"00:00","endTime":"00:00","byNotam":false,"sunrise":false,"sunset":false,"publicHolidaysExcluded":false},{"dayOfWeek":6,"startTime":"00:00","endTime":"00:00","byNotam":false,"sunrise":false,"sunset":false,"publicHolidaysExcluded":false}]},"deletable":true},"geometry":{"type":"Polygon","coordinates":[[[16.11806,48.31806],[16.07222,48.25333],[16.09,48.25278],[16.16389,48.27583],[16.16389,48.32111],[16.11806,48.31806]]]}}, {"type":"Feature","id":75,"properties":{"_id":"677d59c013e31af480aca85d","createdBy":"OPONcQnzWGOLiJSceNaf8pvx1fA2","createdAt":"2025-01-07T16:43:44.044Z","updatedBy":"OPONcQnzWGOLiJSceNaf8pvx1fA2","updatedAt":"2025-01-07T16:45:20.827Z","name":"TRA LOXT 2","dataIngestion":true,"type":8,"icaoClass":8,"activity":0,"onDemand":false,"onRequest":false,"byNotam":false,"specialAgreement":false,"requestCompliance":false,"country":"AT","upperLimit":{"value":4500,"unit":1,"referenceDatum":1},"lowerLimit":{"value":0,"unit":1,"referenceDatum":0},"hoursOfOperation":{"operatingHours":[{"dayOfWeek":0,"startTime":"00:00","endTime":"00:00","byNotam":false,"sunrise":false,"sunset":false,"publicHolidaysExcluded":false},{"dayOfWeek":1,"startTime":"00:00","endTime":"00:00","byNotam":false,"sunrise":false,"sunset":false,"publicHolidaysExcluded":false},{"dayOfWeek":2,"startTime":"00:00","endTime":"00:00","byNotam":false,"sunrise":false,"sunset":false,"publicHolidaysExcluded":false},{"dayOfWeek":3,"startTime":"00:00","endTime":"00:00","byNotam":false,"sunrise":false,"sunset":false,"publicHolidaysExcluded":false},{"dayOfWeek":4,"startTime":"00:00","endTime":"00:00","byNotam":false,"sunrise":false,"sunset":false,"publicHolidaysExcluded":false},{"dayOfWeek":5,"startTime":"00:00","endTime":"00:00","byNotam":false,"sunrise":false,"sunset":false,"publicHolidaysExcluded":false},{"dayOfWeek":6,"startTime":"00:00","endTime":"00:00","byNotam":false,"sunrise":false,"sunset":false,"publicHolidaysExcluded":false}]},"deletable":true},"geometry":{"type":"Polygon","coordinates":[[[16.05694,48.31333],[16.05694,48.25389],[16.07222,48.25333],[16.11806,48.31806],[16.05694,48.31333]]]}}, {"type":"Feature","id":76,"properties":{"_id":"677d59c013e31af480aca860","createdBy":"OPONcQnzWGOLiJSceNaf8pvx1fA2","createdAt":"2025-01-07T16:43:44.055Z","updatedBy":"OPONcQnzWGOLiJSceNaf8pvx1fA2","updatedAt":"2025-01-07T16:45:20.933Z","name":"TRA LOXT 3","dataIngestion":true,"type":8,"icaoClass":8,"activity":0,"onDemand":false,"onRequest":false,"byNotam":false,"specialAgreement":false,"requestCompliance":false,"country":"AT","upperLimit":{"value":2000,"unit":1,"referenceDatum":1},"lowerLimit":{"value":0,"unit":1,"referenceDatum":0},"hoursOfOperation":{"operatingHours":[{"dayOfWeek":0,"startTime":"00:00","endTime":"00:00","byNotam":false,"sunrise":false,"sunset":false,"publicHolidaysExcluded":false},{"dayOfWeek":1,"startTime":"00:00","endTime":"00:00","byNotam":false,"sunrise":false,"sunset":false,"publicHolidaysExcluded":false},{"dayOfWeek":2,"startTime":"00:00","endTime":"00:00","byNotam":false,"sunrise":false,"sunset":false,"publicHolidaysExcluded":false},{"dayOfWeek":3,"startTime":"00:00","endTime":"00:00","byNotam":false,"sunrise":false,"sunset":false,"publicHolidaysExcluded":false},{"dayOfWeek":4,"startTime":"00:00","endTime":"00:00","byNotam":false,"sunrise":false,"sunset":false,"publicHolidaysExcluded":false},{"dayOfWeek":5,"startTime":"00:00","endTime":"00:00","byNotam":false,"sunrise":false,"sunset":false,"publicHolidaysExcluded":false},{"dayOfWeek":6,"startTime":"00:00","endTime":"00:00","byNotam":false,"sunrise":false,"sunset":false,"publicHolidaysExcluded":false}]},"deletable":true},"geometry":{"type":"Polygon","coordinates":[[[15.86972,48.26],[16.05694,48.25389],[16.05694,48.29222],[16.01306,48.29361],[15.98667,48.28667],[15.98278,48.29583],[15.9325,48.29583],[15.86972,48.27222],[15.86972,48.26]]]}}, {"type":"Feature","id":77,"properties":{"_id":"677d59c013e31af480aca863","createdBy":"OPONcQnzWGOLiJSceNaf8pvx1fA2","createdAt":"2025-01-07T16:43:44.066Z","updatedBy":"OPONcQnzWGOLiJSceNaf8pvx1fA2","updatedAt":"2025-01-07T16:45:21.050Z","name":"TRA MARCHFELD","dataIngestion":true,"type":8,"icaoClass":8,"activity":0,"onDemand":false,"onRequest":false,"byNotam":false,"specialAgreement":false,"requestCompliance":false,"country":"AT","upperLimit":{"value":850,"unit":1,"referenceDatum":1},"lowerLimit":{"value":0,"unit":1,"referenceDatum":0},"hoursOfOperation":{"operatingHours":[{"dayOfWeek":0,"startTime":"00:00","endTime":"00:00","byNotam":false,"sunrise":false,"sunset":false,"publicHolidaysExcluded":false},{"dayOfWeek":1,"startTime":"00:00","endTime":"00:00","byNotam":false,"sunrise":false,"sunset":false,"publicHolidaysExcluded":false},{"dayOfWeek":2,"startTime":"00:00","endTime":"00:00","byNotam":false,"sunrise":false,"sunset":false,"publicHolidaysExcluded":false},{"dayOfWeek":3,"startTime":"00:00","endTime":"00:00","byNotam":false,"sunrise":false,"sunset":false,"publicHolidaysExcluded":false},{"dayOfWeek":4,"startTime":"00:00","endTime":"00:00","byNotam":false,"sunrise":false,"sunset":false,"publicHolidaysExcluded":false},{"dayOfWeek":5,"startTime":"00:00","endTime":"00:00","byNotam":false,"sunrise":false,"sunset":false,"publicHolidaysExcluded":false},{"dayOfWeek":6,"startTime":"00:00","endTime":"00:00","byNotam":false,"sunrise":false,"sunset":false,"publicHolidaysExcluded":false}]},"deletable":true},"geometry":{"type":"Polygon","coordinates":[[[16.63861,48.27222],[16.63333,48.18889],[16.70556,48.13333],[16.78361,48.13306],[16.63861,48.27222]]]}}, {"type":"Feature","id":78,"properties":{"_id":"677d59c013e31af480aca866","createdBy":"OPONcQnzWGOLiJSceNaf8pvx1fA2","createdAt":"2025-01-07T16:43:44.078Z","updatedBy":"eBT9qSrxquPVguazo7MwJzzaf2p1","updatedAt":"2026-06-02T20:29:31.596Z","name":"TRA NORDPARK","dataIngestion":true,"type":8,"icaoClass":8,"activity":0,"onDemand":false,"onRequest":true,"byNotam":false,"specialAgreement":false,"requestCompliance":false,"country":"AT","upperLimit":{"value":8000,"unit":1,"referenceDatum":1},"lowerLimit":{"value":0,"unit":1,"referenceDatum":0},"hoursOfOperation":{"operatingHours":[{"dayOfWeek":0,"startTime":"00:00","endTime":"00:00","byNotam":false,"sunrise":false,"sunset":false,"publicHolidaysExcluded":false},{"dayOfWeek":1,"startTime":"00:00","endTime":"00:00","byNotam":false,"sunrise":false,"sunset":false,"publicHolidaysExcluded":false},{"dayOfWeek":2,"startTime":"00:00","endTime":"00:00","byNotam":false,"sunrise":false,"sunset":false,"publicHolidaysExcluded":false},{"dayOfWeek":3,"startTime":"00:00","endTime":"00:00","byNotam":false,"sunrise":false,"sunset":false,"publicHolidaysExcluded":false},{"dayOfWeek":4,"startTime":"00:00","endTime":"00:00","byNotam":false,"sunrise":false,"sunset":false,"publicHolidaysExcluded":false},{"dayOfWeek":5,"startTime":"00:00","endTime":"00:00","byNotam":false,"sunrise":false,"sunset":false,"publicHolidaysExcluded":false},{"dayOfWeek":6,"startTime":"00:00","endTime":"00:00","byNotam":false,"sunrise":false,"sunset":false,"publicHolidaysExcluded":false}],"remarks":"https://innsbruckergleitschirmfliegerverein.org/index.php/fluggebiete/ctr\nhttps://tra.airspace.at/"},"deletable":true},"geometry":{"type":"Polygon","coordinates":[[[11.22056,47.28972],[11.25111,47.27528],[11.29361,47.2675],[11.32194,47.27056],[11.56389,47.32556],[11.60417,47.33778],[11.48,47.35361],[11.22056,47.28972]]]}}, {"type":"Feature","id":79,"properties":{"_id":"677d59c013e31af480aca869","createdBy":"OPONcQnzWGOLiJSceNaf8pvx1fA2","createdAt":"2025-01-07T16:43:44.089Z","updatedBy":"OPONcQnzWGOLiJSceNaf8pvx1fA2","updatedAt":"2025-01-07T16:45:21.563Z","name":"TRA PINKAFELD","dataIngestion":true,"type":8,"icaoClass":8,"activity":0,"onDemand":false,"onRequest":false,"byNotam":false,"specialAgreement":false,"requestCompliance":false,"country":"AT","upperLimit":{"value":7500,"unit":1,"referenceDatum":1},"lowerLimit":{"value":6500,"unit":1,"referenceDatum":1},"hoursOfOperation":{"operatingHours":[{"dayOfWeek":0,"startTime":"00:00","endTime":"00:00","byNotam":false,"sunrise":false,"sunset":false,"publicHolidaysExcluded":false},{"dayOfWeek":1,"startTime":"00:00","endTime":"00:00","byNotam":false,"sunrise":false,"sunset":false,"publicHolidaysExcluded":false},{"dayOfWeek":2,"startTime":"00:00","endTime":"00:00","byNotam":false,"sunrise":false,"sunset":false,"publicHolidaysExcluded":false},{"dayOfWeek":3,"startTime":"00:00","endTime":"00:00","byNotam":false,"sunrise":false,"sunset":false,"publicHolidaysExcluded":false},{"dayOfWeek":4,"startTime":"00:00","endTime":"00:00","byNotam":false,"sunrise":false,"sunset":false,"publicHolidaysExcluded":false},{"dayOfWeek":5,"startTime":"00:00","endTime":"00:00","byNotam":false,"sunrise":false,"sunset":false,"publicHolidaysExcluded":false},{"dayOfWeek":6,"startTime":"00:00","endTime":"00:00","byNotam":false,"sunrise":false,"sunset":false,"publicHolidaysExcluded":false}]},"deletable":true},"geometry":{"type":"Polygon","coordinates":[[[16.4075,47.45611],[16.35889,47.50278],[16.05028,47.50278],[16.10472,47.45111],[16.26833,47.29389],[16.4425,47.23694],[16.44278,47.23361],[16.45417,47.25361],[16.47861,47.26278],[16.4875,47.28361],[16.47889,47.30139],[16.46861,47.325],[16.45056,47.33861],[16.44361,47.35611],[16.45667,47.37222],[16.45056,47.39306],[16.45806,47.41306],[16.485,47.40861],[16.50361,47.39333],[16.51806,47.41],[16.54889,47.40528],[16.57444,47.41222],[16.58306,47.42],[16.4075,47.45611]]]}}, {"type":"Feature","id":80,"properties":{"_id":"677d59c013e31af480aca86c","createdBy":"OPONcQnzWGOLiJSceNaf8pvx1fA2","createdAt":"2025-01-07T16:43:44.101Z","updatedBy":"OPONcQnzWGOLiJSceNaf8pvx1fA2","updatedAt":"2025-01-07T16:45:21.649Z","name":"TRA POELS","dataIngestion":true,"type":8,"icaoClass":8,"activity":0,"onDemand":false,"onRequest":false,"byNotam":false,"specialAgreement":false,"requestCompliance":false,"country":"AT","upperLimit":{"value":8000,"unit":1,"referenceDatum":1},"lowerLimit":{"value":0,"unit":1,"referenceDatum":0},"hoursOfOperation":{"operatingHours":[{"dayOfWeek":0,"startTime":"00:00","endTime":"00:00","byNotam":false,"sunrise":false,"sunset":false,"publicHolidaysExcluded":false},{"dayOfWeek":1,"startTime":"00:00","endTime":"00:00","byNotam":false,"sunrise":false,"sunset":false,"publicHolidaysExcluded":false},{"dayOfWeek":2,"startTime":"00:00","endTime":"00:00","byNotam":false,"sunrise":false,"sunset":false,"publicHolidaysExcluded":false},{"dayOfWeek":3,"startTime":"00:00","endTime":"00:00","byNotam":false,"sunrise":false,"sunset":false,"publicHolidaysExcluded":false},{"dayOfWeek":4,"startTime":"00:00","endTime":"00:00","byNotam":false,"sunrise":false,"sunset":false,"publicHolidaysExcluded":false},{"dayOfWeek":5,"startTime":"00:00","endTime":"00:00","byNotam":false,"sunrise":false,"sunset":false,"publicHolidaysExcluded":false},{"dayOfWeek":6,"startTime":"00:00","endTime":"00:00","byNotam":false,"sunrise":false,"sunset":false,"publicHolidaysExcluded":false}]},"deletable":true},"geometry":{"type":"Polygon","coordinates":[[[14.53694,47.26333],[14.59194,47.22167],[14.68139,47.24556],[14.73167,47.28556],[14.53694,47.26333]]]}}, {"type":"Feature","id":81,"properties":{"_id":"677d59c013e31af480aca86f","createdBy":"OPONcQnzWGOLiJSceNaf8pvx1fA2","createdAt":"2025-01-07T16:43:44.112Z","updatedBy":"OPONcQnzWGOLiJSceNaf8pvx1fA2","updatedAt":"2025-01-07T16:45:21.761Z","name":"TRA POELS","dataIngestion":true,"type":8,"icaoClass":8,"activity":0,"onDemand":false,"onRequest":false,"byNotam":false,"specialAgreement":false,"requestCompliance":false,"country":"AT","upperLimit":{"value":8000,"unit":1,"referenceDatum":1},"lowerLimit":{"value":6500,"unit":1,"referenceDatum":1},"hoursOfOperation":{"operatingHours":[{"dayOfWeek":0,"startTime":"00:00","endTime":"00:00","byNotam":false,"sunrise":false,"sunset":false,"publicHolidaysExcluded":false},{"dayOfWeek":1,"startTime":"00:00","endTime":"00:00","byNotam":false,"sunrise":false,"sunset":false,"publicHolidaysExcluded":false},{"dayOfWeek":2,"startTime":"00:00","endTime":"00:00","byNotam":false,"sunrise":false,"sunset":false,"publicHolidaysExcluded":false},{"dayOfWeek":3,"startTime":"00:00","endTime":"00:00","byNotam":false,"sunrise":false,"sunset":false,"publicHolidaysExcluded":false},{"dayOfWeek":4,"startTime":"00:00","endTime":"00:00","byNotam":false,"sunrise":false,"sunset":false,"publicHolidaysExcluded":false},{"dayOfWeek":5,"startTime":"00:00","endTime":"00:00","byNotam":false,"sunrise":false,"sunset":false,"publicHolidaysExcluded":false},{"dayOfWeek":6,"startTime":"00:00","endTime":"00:00","byNotam":false,"sunrise":false,"sunset":false,"publicHolidaysExcluded":false}]},"deletable":true},"geometry":{"type":"Polygon","coordinates":[[[14.49806,47.2925],[14.53694,47.26333],[14.73167,47.28556],[14.78083,47.325],[14.49806,47.2925]]]}}, {"type":"Feature","id":82,"properties":{"_id":"677d59c013e31af480aca872","createdBy":"OPONcQnzWGOLiJSceNaf8pvx1fA2","createdAt":"2025-01-07T16:43:44.122Z","updatedBy":"OPONcQnzWGOLiJSceNaf8pvx1fA2","updatedAt":"2025-11-17T09:22:05.098Z","name":"TRA SCHOECKL","dataIngestion":true,"type":8,"icaoClass":8,"activity":0,"onDemand":false,"onRequest":false,"byNotam":false,"specialAgreement":false,"requestCompliance":false,"country":"AT","upperLimit":{"value":9500,"unit":1,"referenceDatum":1},"lowerLimit":{"value":7000,"unit":1,"referenceDatum":1},"hoursOfOperation":{"operatingHours":[{"dayOfWeek":0,"startTime":"00:00","endTime":"00:00","byNotam":false,"sunrise":false,"sunset":false,"publicHolidaysExcluded":false},{"dayOfWeek":1,"startTime":"00:00","endTime":"00:00","byNotam":false,"sunrise":false,"sunset":false,"publicHolidaysExcluded":false},{"dayOfWeek":2,"startTime":"00:00","endTime":"00:00","byNotam":false,"sunrise":false,"sunset":false,"publicHolidaysExcluded":false},{"dayOfWeek":3,"startTime":"00:00","endTime":"00:00","byNotam":false,"sunrise":false,"sunset":false,"publicHolidaysExcluded":false},{"dayOfWeek":4,"startTime":"00:00","endTime":"00:00","byNotam":false,"sunrise":false,"sunset":false,"publicHolidaysExcluded":false},{"dayOfWeek":5,"startTime":"00:00","endTime":"00:00","byNotam":false,"sunrise":false,"sunset":false,"publicHolidaysExcluded":false},{"dayOfWeek":6,"startTime":"00:00","endTime":"00:00","byNotam":false,"sunrise":false,"sunset":false,"publicHolidaysExcluded":false}]},"deletable":true},"geometry":{"type":"Polygon","coordinates":[[[15.38667,47.32833],[15.38944,47.3175],[15.42417,47.1925],[15.42833,47.16472],[15.52,47.13889],[15.56639,47.15778],[15.52056,47.32111],[15.44639,47.33583],[15.38667,47.32833]]]}}, {"type":"Feature","id":83,"properties":{"_id":"677d59c013e31af480aca875","createdBy":"OPONcQnzWGOLiJSceNaf8pvx1fA2","createdAt":"2025-01-07T16:43:44.132Z","updatedBy":"OPONcQnzWGOLiJSceNaf8pvx1fA2","updatedAt":"2025-04-07T06:29:17.032Z","name":"TRA SCHWARZENBERG A","dataIngestion":true,"type":8,"icaoClass":8,"activity":0,"onDemand":false,"onRequest":false,"byNotam":false,"specialAgreement":false,"requestCompliance":false,"country":"AT","upperLimit":{"value":7000,"unit":1,"referenceDatum":1},"lowerLimit":{"value":0,"unit":1,"referenceDatum":0},"hoursOfOperation":{"operatingHours":[{"dayOfWeek":0,"startTime":"00:00","endTime":"00:00","byNotam":false,"sunrise":false,"sunset":false,"publicHolidaysExcluded":false},{"dayOfWeek":1,"startTime":"00:00","endTime":"00:00","byNotam":false,"sunrise":false,"sunset":false,"publicHolidaysExcluded":false},{"dayOfWeek":2,"startTime":"00:00","endTime":"00:00","byNotam":false,"sunrise":false,"sunset":false,"publicHolidaysExcluded":false},{"dayOfWeek":3,"startTime":"00:00","endTime":"00:00","byNotam":false,"sunrise":false,"sunset":false,"publicHolidaysExcluded":false},{"dayOfWeek":4,"startTime":"00:00","endTime":"00:00","byNotam":false,"sunrise":false,"sunset":false,"publicHolidaysExcluded":false},{"dayOfWeek":5,"startTime":"00:00","endTime":"00:00","byNotam":false,"sunrise":false,"sunset":false,"publicHolidaysExcluded":false},{"dayOfWeek":6,"startTime":"00:00","endTime":"00:00","byNotam":false,"sunrise":false,"sunset":false,"publicHolidaysExcluded":false}]},"deletable":true},"geometry":{"type":"Polygon","coordinates":[[[13.13444,47.82611],[13.09833,47.82111],[13.09444,47.80389],[13.11222,47.7625],[13.18278,47.71444],[13.15278,47.78389],[13.15028,47.79],[13.13444,47.82611]]]}}, {"type":"Feature","id":84,"properties":{"_id":"677d59c013e31af480aca878","createdBy":"OPONcQnzWGOLiJSceNaf8pvx1fA2","createdAt":"2025-01-07T16:43:44.143Z","updatedBy":"OPONcQnzWGOLiJSceNaf8pvx1fA2","updatedAt":"2025-04-07T06:29:17.216Z","name":"TRA SCHWARZENBERG B","dataIngestion":true,"type":8,"icaoClass":8,"activity":0,"onDemand":false,"onRequest":false,"byNotam":false,"specialAgreement":false,"requestCompliance":false,"country":"AT","upperLimit":{"value":7000,"unit":1,"referenceDatum":1},"lowerLimit":{"value":3500,"unit":1,"referenceDatum":1},"hoursOfOperation":{"operatingHours":[{"dayOfWeek":0,"startTime":"00:00","endTime":"00:00","byNotam":false,"sunrise":false,"sunset":false,"publicHolidaysExcluded":false},{"dayOfWeek":1,"startTime":"00:00","endTime":"00:00","byNotam":false,"sunrise":false,"sunset":false,"publicHolidaysExcluded":false},{"dayOfWeek":2,"startTime":"00:00","endTime":"00:00","byNotam":false,"sunrise":false,"sunset":false,"publicHolidaysExcluded":false},{"dayOfWeek":3,"startTime":"00:00","endTime":"00:00","byNotam":false,"sunrise":false,"sunset":false,"publicHolidaysExcluded":false},{"dayOfWeek":4,"startTime":"00:00","endTime":"00:00","byNotam":false,"sunrise":false,"sunset":false,"publicHolidaysExcluded":false},{"dayOfWeek":5,"startTime":"00:00","endTime":"00:00","byNotam":false,"sunrise":false,"sunset":false,"publicHolidaysExcluded":false},{"dayOfWeek":6,"startTime":"00:00","endTime":"00:00","byNotam":false,"sunrise":false,"sunset":false,"publicHolidaysExcluded":false}]},"deletable":true},"geometry":{"type":"Polygon","coordinates":[[[13.13444,47.82611],[13.15028,47.79],[13.15278,47.78389],[13.27833,47.79861],[13.15639,47.82917],[13.13444,47.82611]]]}}, {"type":"Feature","id":85,"properties":{"_id":"677d59c013e31af480aca87b","createdBy":"OPONcQnzWGOLiJSceNaf8pvx1fA2","createdAt":"2025-01-07T16:43:44.153Z","updatedBy":"OPONcQnzWGOLiJSceNaf8pvx1fA2","updatedAt":"2025-01-07T16:45:22.211Z","name":"TRA SPITZERBERG","dataIngestion":true,"type":8,"icaoClass":8,"activity":0,"onDemand":false,"onRequest":false,"byNotam":false,"specialAgreement":false,"requestCompliance":false,"country":"AT","upperLimit":{"value":4500,"unit":1,"referenceDatum":1},"lowerLimit":{"value":2500,"unit":1,"referenceDatum":1},"hoursOfOperation":{"operatingHours":[{"dayOfWeek":0,"startTime":"00:00","endTime":"00:00","byNotam":false,"sunrise":false,"sunset":false,"publicHolidaysExcluded":false},{"dayOfWeek":1,"startTime":"00:00","endTime":"00:00","byNotam":false,"sunrise":false,"sunset":false,"publicHolidaysExcluded":false},{"dayOfWeek":2,"startTime":"00:00","endTime":"00:00","byNotam":false,"sunrise":false,"sunset":false,"publicHolidaysExcluded":false},{"dayOfWeek":3,"startTime":"00:00","endTime":"00:00","byNotam":false,"sunrise":false,"sunset":false,"publicHolidaysExcluded":false},{"dayOfWeek":4,"startTime":"00:00","endTime":"00:00","byNotam":false,"sunrise":false,"sunset":false,"publicHolidaysExcluded":false},{"dayOfWeek":5,"startTime":"00:00","endTime":"00:00","byNotam":false,"sunrise":false,"sunset":false,"publicHolidaysExcluded":false},{"dayOfWeek":6,"startTime":"00:00","endTime":"00:00","byNotam":false,"sunrise":false,"sunset":false,"publicHolidaysExcluded":false}]},"deletable":true},"geometry":{"type":"Polygon","coordinates":[[[16.90639,48.29083],[16.86667,48.13333],[16.93611,48.05],[17.01278,47.95472],[17.09083,47.93444],[17.10278,47.94528],[17.11694,47.96083],[17.11333,47.98028],[17.13417,47.99389],[17.16083,48.00667],[17.13889,48.02167],[17.11333,48.03],[17.08944,48.02056],[17.07417,48.03639],[17.06833,48.05528],[17.07444,48.07306],[17.09306,48.09139],[17.07917,48.10778],[17.06778,48.12694],[17.05722,48.14361],[17.02861,48.14056],[17.00889,48.15528],[16.98444,48.16778],[16.97667,48.18556],[16.96694,48.20528],[16.95806,48.22611],[16.94833,48.24556],[16.95667,48.26417],[16.9275,48.27111],[16.91056,48.28556],[16.90639,48.29083]]]}}, {"type":"Feature","id":86,"properties":{"_id":"677d59c013e31af480aca87e","createdBy":"OPONcQnzWGOLiJSceNaf8pvx1fA2","createdAt":"2025-01-07T16:43:44.164Z","updatedBy":"OPONcQnzWGOLiJSceNaf8pvx1fA2","updatedAt":"2025-01-07T16:45:22.318Z","name":"TRA SPITZERBERG HIGH","dataIngestion":true,"type":8,"icaoClass":8,"activity":0,"onDemand":false,"onRequest":false,"byNotam":false,"specialAgreement":false,"requestCompliance":false,"country":"AT","upperLimit":{"value":6500,"unit":1,"referenceDatum":1},"lowerLimit":{"value":4500,"unit":1,"referenceDatum":1},"hoursOfOperation":{"operatingHours":[{"dayOfWeek":0,"startTime":"00:00","endTime":"00:00","byNotam":false,"sunrise":false,"sunset":false,"publicHolidaysExcluded":false},{"dayOfWeek":1,"startTime":"00:00","endTime":"00:00","byNotam":false,"sunrise":false,"sunset":false,"publicHolidaysExcluded":false},{"dayOfWeek":2,"startTime":"00:00","endTime":"00:00","byNotam":false,"sunrise":false,"sunset":false,"publicHolidaysExcluded":false},{"dayOfWeek":3,"startTime":"00:00","endTime":"00:00","byNotam":false,"sunrise":false,"sunset":false,"publicHolidaysExcluded":false},{"dayOfWeek":4,"startTime":"00:00","endTime":"00:00","byNotam":false,"sunrise":false,"sunset":false,"publicHolidaysExcluded":false},{"dayOfWeek":5,"startTime":"00:00","endTime":"00:00","byNotam":false,"sunrise":false,"sunset":false,"publicHolidaysExcluded":false},{"dayOfWeek":6,"startTime":"00:00","endTime":"00:00","byNotam":false,"sunrise":false,"sunset":false,"publicHolidaysExcluded":false}]},"deletable":true},"geometry":{"type":"Polygon","coordinates":[[[16.90639,48.29083],[16.86667,48.13333],[16.93611,48.05],[17.01278,47.95472],[17.09083,47.93444],[17.10278,47.94528],[17.11694,47.96083],[17.11333,47.98028],[17.13417,47.99389],[17.16083,48.00667],[17.13889,48.02167],[17.11333,48.03],[17.08944,48.02056],[17.07417,48.03639],[17.06833,48.05528],[17.07444,48.07306],[17.09306,48.09139],[17.07917,48.10778],[17.06778,48.12694],[17.05722,48.14361],[17.02861,48.14056],[17.00889,48.15528],[16.98444,48.16778],[16.97667,48.18556],[16.96694,48.20528],[16.95806,48.22611],[16.94833,48.24556],[16.95667,48.26417],[16.9275,48.27111],[16.91056,48.28556],[16.90639,48.29083]]]}}, {"type":"Feature","id":87,"properties":{"_id":"677d59c013e31af480aca881","createdBy":"OPONcQnzWGOLiJSceNaf8pvx1fA2","createdAt":"2025-01-07T16:43:44.175Z","updatedBy":"OPONcQnzWGOLiJSceNaf8pvx1fA2","updatedAt":"2025-01-07T16:45:22.441Z","name":"TRA SPITZERBERG NORD 1","dataIngestion":true,"type":8,"icaoClass":8,"activity":0,"onDemand":false,"onRequest":false,"byNotam":false,"specialAgreement":false,"requestCompliance":false,"country":"AT","upperLimit":{"value":4500,"unit":1,"referenceDatum":1},"lowerLimit":{"value":2500,"unit":1,"referenceDatum":1},"hoursOfOperation":{"operatingHours":[{"dayOfWeek":0,"startTime":"00:00","endTime":"00:00","byNotam":false,"sunrise":false,"sunset":false,"publicHolidaysExcluded":false},{"dayOfWeek":1,"startTime":"00:00","endTime":"00:00","byNotam":false,"sunrise":false,"sunset":false,"publicHolidaysExcluded":false},{"dayOfWeek":2,"startTime":"00:00","endTime":"00:00","byNotam":false,"sunrise":false,"sunset":false,"publicHolidaysExcluded":false},{"dayOfWeek":3,"startTime":"00:00","endTime":"00:00","byNotam":false,"sunrise":false,"sunset":false,"publicHolidaysExcluded":false},{"dayOfWeek":4,"startTime":"00:00","endTime":"00:00","byNotam":false,"sunrise":false,"sunset":false,"publicHolidaysExcluded":false},{"dayOfWeek":5,"startTime":"00:00","endTime":"00:00","byNotam":false,"sunrise":false,"sunset":false,"publicHolidaysExcluded":false},{"dayOfWeek":6,"startTime":"00:00","endTime":"00:00","byNotam":false,"sunrise":false,"sunset":false,"publicHolidaysExcluded":false}]},"deletable":true},"geometry":{"type":"Polygon","coordinates":[[[16.87528,48.46944],[16.66278,48.43028],[16.86667,48.13333],[16.90639,48.29083],[16.89833,48.30528],[16.90917,48.32389],[16.88639,48.33361],[16.8675,48.34778],[16.84278,48.35611],[16.83778,48.37472],[16.85083,48.39111],[16.85056,48.41028],[16.85417,48.43056],[16.85361,48.45139],[16.87278,48.46667],[16.87528,48.46944]]]}}, {"type":"Feature","id":88,"properties":{"_id":"677d59c013e31af480aca884","createdBy":"OPONcQnzWGOLiJSceNaf8pvx1fA2","createdAt":"2025-01-07T16:43:44.185Z","updatedBy":"OPONcQnzWGOLiJSceNaf8pvx1fA2","updatedAt":"2025-01-07T16:45:22.541Z","name":"TRA SPITZERBERG NORD 1 HIGH","dataIngestion":true,"type":8,"icaoClass":8,"activity":0,"onDemand":false,"onRequest":false,"byNotam":false,"specialAgreement":false,"requestCompliance":false,"country":"AT","upperLimit":{"value":6500,"unit":1,"referenceDatum":1},"lowerLimit":{"value":4500,"unit":1,"referenceDatum":1},"hoursOfOperation":{"operatingHours":[{"dayOfWeek":0,"startTime":"00:00","endTime":"00:00","byNotam":false,"sunrise":false,"sunset":false,"publicHolidaysExcluded":false},{"dayOfWeek":1,"startTime":"00:00","endTime":"00:00","byNotam":false,"sunrise":false,"sunset":false,"publicHolidaysExcluded":false},{"dayOfWeek":2,"startTime":"00:00","endTime":"00:00","byNotam":false,"sunrise":false,"sunset":false,"publicHolidaysExcluded":false},{"dayOfWeek":3,"startTime":"00:00","endTime":"00:00","byNotam":false,"sunrise":false,"sunset":false,"publicHolidaysExcluded":false},{"dayOfWeek":4,"startTime":"00:00","endTime":"00:00","byNotam":false,"sunrise":false,"sunset":false,"publicHolidaysExcluded":false},{"dayOfWeek":5,"startTime":"00:00","endTime":"00:00","byNotam":false,"sunrise":false,"sunset":false,"publicHolidaysExcluded":false},{"dayOfWeek":6,"startTime":"00:00","endTime":"00:00","byNotam":false,"sunrise":false,"sunset":false,"publicHolidaysExcluded":false}]},"deletable":true},"geometry":{"type":"Polygon","coordinates":[[[16.87528,48.46944],[16.66278,48.43028],[16.86667,48.13333],[16.90639,48.29083],[16.89833,48.30528],[16.90917,48.32389],[16.88639,48.33361],[16.8675,48.34778],[16.84278,48.35611],[16.83778,48.37472],[16.85083,48.39111],[16.85056,48.41028],[16.85417,48.43056],[16.85361,48.45139],[16.87278,48.46667],[16.87528,48.46944]]]}}, {"type":"Feature","id":89,"properties":{"_id":"677d59c013e31af480aca887","createdBy":"OPONcQnzWGOLiJSceNaf8pvx1fA2","createdAt":"2025-01-07T16:43:44.196Z","updatedBy":"OPONcQnzWGOLiJSceNaf8pvx1fA2","updatedAt":"2025-01-07T16:45:22.658Z","name":"TRA SPITZERBERG NORD 2","dataIngestion":true,"type":8,"icaoClass":8,"activity":0,"onDemand":false,"onRequest":false,"byNotam":false,"specialAgreement":false,"requestCompliance":false,"country":"AT","upperLimit":{"value":4500,"unit":1,"referenceDatum":1},"lowerLimit":{"value":3500,"unit":1,"referenceDatum":1},"hoursOfOperation":{"operatingHours":[{"dayOfWeek":0,"startTime":"00:00","endTime":"00:00","byNotam":false,"sunrise":false,"sunset":false,"publicHolidaysExcluded":false},{"dayOfWeek":1,"startTime":"00:00","endTime":"00:00","byNotam":false,"sunrise":false,"sunset":false,"publicHolidaysExcluded":false},{"dayOfWeek":2,"startTime":"00:00","endTime":"00:00","byNotam":false,"sunrise":false,"sunset":false,"publicHolidaysExcluded":false},{"dayOfWeek":3,"startTime":"00:00","endTime":"00:00","byNotam":false,"sunrise":false,"sunset":false,"publicHolidaysExcluded":false},{"dayOfWeek":4,"startTime":"00:00","endTime":"00:00","byNotam":false,"sunrise":false,"sunset":false,"publicHolidaysExcluded":false},{"dayOfWeek":5,"startTime":"00:00","endTime":"00:00","byNotam":false,"sunrise":false,"sunset":false,"publicHolidaysExcluded":false},{"dayOfWeek":6,"startTime":"00:00","endTime":"00:00","byNotam":false,"sunrise":false,"sunset":false,"publicHolidaysExcluded":false}]},"deletable":true},"geometry":{"type":"Polygon","coordinates":[[[16.94972,48.53528],[16.63111,48.47611],[16.66278,48.43028],[16.87528,48.46944],[16.89083,48.48167],[16.91472,48.49444],[16.91583,48.51306],[16.94111,48.52083],[16.94972,48.53528]]]}}, {"type":"Feature","id":90,"properties":{"_id":"677d59c013e31af480aca88a","createdBy":"OPONcQnzWGOLiJSceNaf8pvx1fA2","createdAt":"2025-01-07T16:43:44.207Z","updatedBy":"OPONcQnzWGOLiJSceNaf8pvx1fA2","updatedAt":"2025-01-07T16:45:22.775Z","name":"TRA SPITZERBERG NORD 2 HIGH","dataIngestion":true,"type":8,"icaoClass":8,"activity":0,"onDemand":false,"onRequest":false,"byNotam":false,"specialAgreement":false,"requestCompliance":false,"country":"AT","upperLimit":{"value":6500,"unit":1,"referenceDatum":1},"lowerLimit":{"value":4500,"unit":1,"referenceDatum":1},"hoursOfOperation":{"operatingHours":[{"dayOfWeek":0,"startTime":"00:00","endTime":"00:00","byNotam":false,"sunrise":false,"sunset":false,"publicHolidaysExcluded":false},{"dayOfWeek":1,"startTime":"00:00","endTime":"00:00","byNotam":false,"sunrise":false,"sunset":false,"publicHolidaysExcluded":false},{"dayOfWeek":2,"startTime":"00:00","endTime":"00:00","byNotam":false,"sunrise":false,"sunset":false,"publicHolidaysExcluded":false},{"dayOfWeek":3,"startTime":"00:00","endTime":"00:00","byNotam":false,"sunrise":false,"sunset":false,"publicHolidaysExcluded":false},{"dayOfWeek":4,"startTime":"00:00","endTime":"00:00","byNotam":false,"sunrise":false,"sunset":false,"publicHolidaysExcluded":false},{"dayOfWeek":5,"startTime":"00:00","endTime":"00:00","byNotam":false,"sunrise":false,"sunset":false,"publicHolidaysExcluded":false},{"dayOfWeek":6,"startTime":"00:00","endTime":"00:00","byNotam":false,"sunrise":false,"sunset":false,"publicHolidaysExcluded":false}]},"deletable":true},"geometry":{"type":"Polygon","coordinates":[[[16.94972,48.53528],[16.63111,48.47611],[16.66278,48.43028],[16.87528,48.46944],[16.89083,48.48167],[16.91472,48.49444],[16.91583,48.51306],[16.94111,48.52083],[16.94972,48.53528]]]}}, {"type":"Feature","id":91,"properties":{"_id":"677d59c013e31af480aca88d","createdBy":"OPONcQnzWGOLiJSceNaf8pvx1fA2","createdAt":"2025-01-07T16:43:44.218Z","updatedBy":"OPONcQnzWGOLiJSceNaf8pvx1fA2","updatedAt":"2025-01-07T16:45:22.873Z","name":"TRA STOCKERAU","dataIngestion":true,"type":8,"icaoClass":8,"activity":0,"onDemand":false,"onRequest":false,"byNotam":false,"specialAgreement":false,"requestCompliance":false,"country":"AT","upperLimit":{"value":5500,"unit":1,"referenceDatum":1},"lowerLimit":{"value":4500,"unit":1,"referenceDatum":1},"hoursOfOperation":{"operatingHours":[{"dayOfWeek":0,"startTime":"00:00","endTime":"00:00","byNotam":false,"sunrise":false,"sunset":false,"publicHolidaysExcluded":false},{"dayOfWeek":1,"startTime":"00:00","endTime":"00:00","byNotam":false,"sunrise":false,"sunset":false,"publicHolidaysExcluded":false},{"dayOfWeek":2,"startTime":"00:00","endTime":"00:00","byNotam":false,"sunrise":false,"sunset":false,"publicHolidaysExcluded":false},{"dayOfWeek":3,"startTime":"00:00","endTime":"00:00","byNotam":false,"sunrise":false,"sunset":false,"publicHolidaysExcluded":false},{"dayOfWeek":4,"startTime":"00:00","endTime":"00:00","byNotam":false,"sunrise":false,"sunset":false,"publicHolidaysExcluded":false},{"dayOfWeek":5,"startTime":"00:00","endTime":"00:00","byNotam":false,"sunrise":false,"sunset":false,"publicHolidaysExcluded":false},{"dayOfWeek":6,"startTime":"00:00","endTime":"00:00","byNotam":false,"sunrise":false,"sunset":false,"publicHolidaysExcluded":false}]},"deletable":true},"geometry":{"type":"Polygon","coordinates":[[[16.28083,48.40944],[16.30389,48.41389],[16.26361,48.52778],[16.0475,48.48611],[15.94306,48.33917],[16.13,48.33472],[16.17167,48.38861],[16.28083,48.40944]]]}}, {"type":"Feature","id":92,"properties":{"_id":"677d59c013e31af480aca890","createdBy":"OPONcQnzWGOLiJSceNaf8pvx1fA2","createdAt":"2025-01-07T16:43:44.229Z","updatedBy":"OPONcQnzWGOLiJSceNaf8pvx1fA2","updatedAt":"2025-01-07T16:45:22.985Z","name":"TRA WELS 1","dataIngestion":true,"type":8,"icaoClass":8,"activity":0,"onDemand":false,"onRequest":false,"byNotam":false,"specialAgreement":false,"requestCompliance":false,"country":"AT","upperLimit":{"value":7000,"unit":1,"referenceDatum":1},"lowerLimit":{"value":2500,"unit":1,"referenceDatum":1},"hoursOfOperation":{"operatingHours":[{"dayOfWeek":0,"startTime":"00:00","endTime":"00:00","byNotam":false,"sunrise":false,"sunset":false,"publicHolidaysExcluded":false},{"dayOfWeek":1,"startTime":"00:00","endTime":"00:00","byNotam":false,"sunrise":false,"sunset":false,"publicHolidaysExcluded":false},{"dayOfWeek":2,"startTime":"00:00","endTime":"00:00","byNotam":false,"sunrise":false,"sunset":false,"publicHolidaysExcluded":false},{"dayOfWeek":3,"startTime":"00:00","endTime":"00:00","byNotam":false,"sunrise":false,"sunset":false,"publicHolidaysExcluded":false},{"dayOfWeek":4,"startTime":"00:00","endTime":"00:00","byNotam":false,"sunrise":false,"sunset":false,"publicHolidaysExcluded":false},{"dayOfWeek":5,"startTime":"00:00","endTime":"00:00","byNotam":false,"sunrise":false,"sunset":false,"publicHolidaysExcluded":false},{"dayOfWeek":6,"startTime":"00:00","endTime":"00:00","byNotam":false,"sunrise":false,"sunset":false,"publicHolidaysExcluded":false}]},"deletable":true},"geometry":{"type":"Polygon","coordinates":[[[13.74722,48.1],[14.07306,48.11222],[14.06833,48.18194],[14.01528,48.18111],[13.74444,48.13472],[13.74722,48.1]]]}}, {"type":"Feature","id":93,"properties":{"_id":"677d59c013e31af480aca893","createdBy":"OPONcQnzWGOLiJSceNaf8pvx1fA2","createdAt":"2025-01-07T16:43:44.240Z","updatedBy":"OPONcQnzWGOLiJSceNaf8pvx1fA2","updatedAt":"2025-01-07T16:45:23.103Z","name":"TRA WELS 2","dataIngestion":true,"type":8,"icaoClass":8,"activity":0,"onDemand":false,"onRequest":false,"byNotam":false,"specialAgreement":false,"requestCompliance":false,"country":"AT","upperLimit":{"value":7000,"unit":1,"referenceDatum":1},"lowerLimit":{"value":3500,"unit":1,"referenceDatum":1},"hoursOfOperation":{"operatingHours":[{"dayOfWeek":0,"startTime":"00:00","endTime":"00:00","byNotam":false,"sunrise":false,"sunset":false,"publicHolidaysExcluded":false},{"dayOfWeek":1,"startTime":"00:00","endTime":"00:00","byNotam":false,"sunrise":false,"sunset":false,"publicHolidaysExcluded":false},{"dayOfWeek":2,"startTime":"00:00","endTime":"00:00","byNotam":false,"sunrise":false,"sunset":false,"publicHolidaysExcluded":false},{"dayOfWeek":3,"startTime":"00:00","endTime":"00:00","byNotam":false,"sunrise":false,"sunset":false,"publicHolidaysExcluded":false},{"dayOfWeek":4,"startTime":"00:00","endTime":"00:00","byNotam":false,"sunrise":false,"sunset":false,"publicHolidaysExcluded":false},{"dayOfWeek":5,"startTime":"00:00","endTime":"00:00","byNotam":false,"sunrise":false,"sunset":false,"publicHolidaysExcluded":false},{"dayOfWeek":6,"startTime":"00:00","endTime":"00:00","byNotam":false,"sunrise":false,"sunset":false,"publicHolidaysExcluded":false}]},"deletable":true},"geometry":{"type":"Polygon","coordinates":[[[13.74722,48.1],[13.75194,48.03139],[14.07778,48.04361],[14.07306,48.11222],[13.74722,48.1]]]}}, {"type":"Feature","id":94,"properties":{"_id":"677d59c013e31af480aca896","createdBy":"OPONcQnzWGOLiJSceNaf8pvx1fA2","createdAt":"2025-01-07T16:43:44.251Z","updatedBy":"OPONcQnzWGOLiJSceNaf8pvx1fA2","updatedAt":"2025-01-07T16:45:23.205Z","name":"TRA WIENERWALD-OST","dataIngestion":true,"type":8,"icaoClass":8,"activity":0,"onDemand":false,"onRequest":false,"byNotam":false,"specialAgreement":false,"requestCompliance":false,"country":"AT","upperLimit":{"value":5500,"unit":1,"referenceDatum":1},"lowerLimit":{"value":3500,"unit":1,"referenceDatum":1},"hoursOfOperation":{"operatingHours":[{"dayOfWeek":0,"startTime":"00:00","endTime":"00:00","byNotam":false,"sunrise":false,"sunset":false,"publicHolidaysExcluded":false},{"dayOfWeek":1,"startTime":"00:00","endTime":"00:00","byNotam":false,"sunrise":false,"sunset":false,"publicHolidaysExcluded":false},{"dayOfWeek":2,"startTime":"00:00","endTime":"00:00","byNotam":false,"sunrise":false,"sunset":false,"publicHolidaysExcluded":false},{"dayOfWeek":3,"startTime":"00:00","endTime":"00:00","byNotam":false,"sunrise":false,"sunset":false,"publicHolidaysExcluded":false},{"dayOfWeek":4,"startTime":"00:00","endTime":"00:00","byNotam":false,"sunrise":false,"sunset":false,"publicHolidaysExcluded":false},{"dayOfWeek":5,"startTime":"00:00","endTime":"00:00","byNotam":false,"sunrise":false,"sunset":false,"publicHolidaysExcluded":false},{"dayOfWeek":6,"startTime":"00:00","endTime":"00:00","byNotam":false,"sunrise":false,"sunset":false,"publicHolidaysExcluded":false}]},"deletable":true},"geometry":{"type":"Polygon","coordinates":[[[16.07222,48.25333],[16.06639,48.24528],[16.00667,48.15889],[16.07667,48.12944],[16.21611,48.33278],[16.13,48.33472],[16.11806,48.31806],[16.07222,48.25333]]]}}, {"type":"Feature","id":95,"properties":{"_id":"677d59c013e31af480aca899","createdBy":"OPONcQnzWGOLiJSceNaf8pvx1fA2","createdAt":"2025-01-07T16:43:44.261Z","updatedBy":"OPONcQnzWGOLiJSceNaf8pvx1fA2","updatedAt":"2025-01-07T16:45:23.303Z","name":"TRA WIENERWALD-WEST","dataIngestion":true,"type":8,"icaoClass":8,"activity":0,"onDemand":false,"onRequest":false,"byNotam":false,"specialAgreement":false,"requestCompliance":false,"country":"AT","upperLimit":{"value":6500,"unit":1,"referenceDatum":1},"lowerLimit":{"value":4500,"unit":1,"referenceDatum":1},"hoursOfOperation":{"operatingHours":[{"dayOfWeek":0,"startTime":"00:00","endTime":"00:00","byNotam":false,"sunrise":false,"sunset":false,"publicHolidaysExcluded":false},{"dayOfWeek":1,"startTime":"00:00","endTime":"00:00","byNotam":false,"sunrise":false,"sunset":false,"publicHolidaysExcluded":false},{"dayOfWeek":2,"startTime":"00:00","endTime":"00:00","byNotam":false,"sunrise":false,"sunset":false,"publicHolidaysExcluded":false},{"dayOfWeek":3,"startTime":"00:00","endTime":"00:00","byNotam":false,"sunrise":false,"sunset":false,"publicHolidaysExcluded":false},{"dayOfWeek":4,"startTime":"00:00","endTime":"00:00","byNotam":false,"sunrise":false,"sunset":false,"publicHolidaysExcluded":false},{"dayOfWeek":5,"startTime":"00:00","endTime":"00:00","byNotam":false,"sunrise":false,"sunset":false,"publicHolidaysExcluded":false},{"dayOfWeek":6,"startTime":"00:00","endTime":"00:00","byNotam":false,"sunrise":false,"sunset":false,"publicHolidaysExcluded":false}]},"deletable":true},"geometry":{"type":"Polygon","coordinates":[[[15.94306,48.33917],[15.85139,48.21222],[16.02278,48.05056],[16.07667,48.12944],[16.00667,48.15889],[16.06639,48.24528],[16.13,48.33472],[15.94306,48.33917]]]}}, {"type":"Feature","id":96,"properties":{"_id":"677d59c013e31af480aca89c","createdBy":"OPONcQnzWGOLiJSceNaf8pvx1fA2","createdAt":"2025-01-07T16:43:44.271Z","updatedBy":"OPONcQnzWGOLiJSceNaf8pvx1fA2","updatedAt":"2025-01-07T16:45:23.416Z","name":"MTA HOCHSCHWAB-HOCH","dataIngestion":true,"type":25,"icaoClass":8,"activity":0,"onDemand":false,"onRequest":false,"byNotam":false,"specialAgreement":false,"requestCompliance":false,"country":"AT","upperLimit":{"value":265,"unit":6,"referenceDatum":2},"lowerLimit":{"value":125,"unit":6,"referenceDatum":2},"hoursOfOperation":{"operatingHours":[{"dayOfWeek":0,"startTime":"00:00","endTime":"00:00","byNotam":false,"sunrise":false,"sunset":false,"publicHolidaysExcluded":false},{"dayOfWeek":1,"startTime":"00:00","endTime":"00:00","byNotam":false,"sunrise":false,"sunset":false,"publicHolidaysExcluded":false},{"dayOfWeek":2,"startTime":"00:00","endTime":"00:00","byNotam":false,"sunrise":false,"sunset":false,"publicHolidaysExcluded":false},{"dayOfWeek":3,"startTime":"00:00","endTime":"00:00","byNotam":false,"sunrise":false,"sunset":false,"publicHolidaysExcluded":false},{"dayOfWeek":4,"startTime":"00:00","endTime":"00:00","byNotam":false,"sunrise":false,"sunset":false,"publicHolidaysExcluded":false},{"dayOfWeek":5,"startTime":"00:00","endTime":"00:00","byNotam":false,"sunrise":false,"sunset":false,"publicHolidaysExcluded":false},{"dayOfWeek":6,"startTime":"00:00","endTime":"00:00","byNotam":false,"sunrise":false,"sunset":false,"publicHolidaysExcluded":false}]},"deletable":true},"geometry":{"type":"Polygon","coordinates":[[[14.40917,47.86139],[14.88667,47.41139],[15.0575,47.45056],[15.40083,47.52861],[15.57667,47.8175],[15.51222,47.83361],[14.70917,47.85722],[14.61333,47.85889],[14.40917,47.86139]]]}}, {"type":"Feature","id":97,"properties":{"_id":"677d59c013e31af480aca89f","createdBy":"OPONcQnzWGOLiJSceNaf8pvx1fA2","createdAt":"2025-01-07T16:43:44.283Z","updatedBy":"OPONcQnzWGOLiJSceNaf8pvx1fA2","updatedAt":"2025-01-07T16:45:23.527Z","name":"MTA HOCHSCHWAB","dataIngestion":true,"type":25,"icaoClass":8,"activity":0,"onDemand":false,"onRequest":false,"byNotam":false,"specialAgreement":false,"requestCompliance":false,"country":"AT","upperLimit":{"value":245,"unit":6,"referenceDatum":2},"lowerLimit":{"value":7500,"unit":1,"referenceDatum":1},"hoursOfOperation":{"operatingHours":[{"dayOfWeek":0,"startTime":"00:00","endTime":"00:00","byNotam":false,"sunrise":false,"sunset":false,"publicHolidaysExcluded":false},{"dayOfWeek":1,"startTime":"00:00","endTime":"00:00","byNotam":false,"sunrise":false,"sunset":false,"publicHolidaysExcluded":false},{"dayOfWeek":2,"startTime":"00:00","endTime":"00:00","byNotam":false,"sunrise":false,"sunset":false,"publicHolidaysExcluded":false},{"dayOfWeek":3,"startTime":"00:00","endTime":"00:00","byNotam":false,"sunrise":false,"sunset":false,"publicHolidaysExcluded":false},{"dayOfWeek":4,"startTime":"00:00","endTime":"00:00","byNotam":false,"sunrise":false,"sunset":false,"publicHolidaysExcluded":false},{"dayOfWeek":5,"startTime":"00:00","endTime":"00:00","byNotam":false,"sunrise":false,"sunset":false,"publicHolidaysExcluded":false},{"dayOfWeek":6,"startTime":"00:00","endTime":"00:00","byNotam":false,"sunrise":false,"sunset":false,"publicHolidaysExcluded":false}]},"deletable":true},"geometry":{"type":"Polygon","coordinates":[[[14.70917,47.85722],[14.65306,47.8125],[14.97611,47.53],[15.0575,47.45056],[15.40083,47.52861],[15.57667,47.8175],[15.51222,47.83361],[14.70917,47.85722]]]}}, {"type":"Feature","id":98,"properties":{"_id":"677d59c013e31af480aca8a2","createdBy":"OPONcQnzWGOLiJSceNaf8pvx1fA2","createdAt":"2025-01-07T16:43:44.293Z","updatedBy":"OPONcQnzWGOLiJSceNaf8pvx1fA2","updatedAt":"2025-01-07T16:45:23.653Z","name":"MTA ISCHL","dataIngestion":true,"type":25,"icaoClass":8,"activity":0,"onDemand":false,"onRequest":false,"byNotam":false,"specialAgreement":false,"requestCompliance":false,"country":"AT","upperLimit":{"value":660,"unit":6,"referenceDatum":2},"lowerLimit":{"value":125,"unit":6,"referenceDatum":2},"hoursOfOperation":{"operatingHours":[{"dayOfWeek":0,"startTime":"00:00","endTime":"00:00","byNotam":false,"sunrise":false,"sunset":false,"publicHolidaysExcluded":false},{"dayOfWeek":1,"startTime":"00:00","endTime":"00:00","byNotam":false,"sunrise":false,"sunset":false,"publicHolidaysExcluded":false},{"dayOfWeek":2,"startTime":"00:00","endTime":"00:00","byNotam":false,"sunrise":false,"sunset":false,"publicHolidaysExcluded":false},{"dayOfWeek":3,"startTime":"00:00","endTime":"00:00","byNotam":false,"sunrise":false,"sunset":false,"publicHolidaysExcluded":false},{"dayOfWeek":4,"startTime":"00:00","endTime":"00:00","byNotam":false,"sunrise":false,"sunset":false,"publicHolidaysExcluded":false},{"dayOfWeek":5,"startTime":"00:00","endTime":"00:00","byNotam":false,"sunrise":false,"sunset":false,"publicHolidaysExcluded":false},{"dayOfWeek":6,"startTime":"00:00","endTime":"00:00","byNotam":false,"sunrise":false,"sunset":false,"publicHolidaysExcluded":false}]},"deletable":true},"geometry":{"type":"Polygon","coordinates":[[[13.5,47.86306],[13.32444,47.80389],[13.31778,47.77444],[13.29667,47.67639],[13.42556,47.54139],[14.77944,47.38972],[14.88667,47.41139],[14.40917,47.86139],[14.30778,47.8625],[13.5,47.86306]]]}}, {"type":"Feature","id":99,"properties":{"_id":"677d59c013e31af480aca8a5","createdBy":"OPONcQnzWGOLiJSceNaf8pvx1fA2","createdAt":"2025-01-07T16:43:44.304Z","updatedBy":"OPONcQnzWGOLiJSceNaf8pvx1fA2","updatedAt":"2025-01-07T16:45:23.774Z","name":"MTA OBDACH","dataIngestion":true,"type":25,"icaoClass":8,"activity":0,"onDemand":false,"onRequest":false,"byNotam":false,"specialAgreement":false,"requestCompliance":false,"country":"AT","upperLimit":{"value":285,"unit":6,"referenceDatum":2},"lowerLimit":{"value":125,"unit":6,"referenceDatum":2},"hoursOfOperation":{"operatingHours":[{"dayOfWeek":0,"startTime":"00:00","endTime":"00:00","byNotam":false,"sunrise":false,"sunset":false,"publicHolidaysExcluded":false},{"dayOfWeek":1,"startTime":"00:00","endTime":"00:00","byNotam":false,"sunrise":false,"sunset":false,"publicHolidaysExcluded":false},{"dayOfWeek":2,"startTime":"00:00","endTime":"00:00","byNotam":false,"sunrise":false,"sunset":false,"publicHolidaysExcluded":false},{"dayOfWeek":3,"startTime":"00:00","endTime":"00:00","byNotam":false,"sunrise":false,"sunset":false,"publicHolidaysExcluded":false},{"dayOfWeek":4,"startTime":"00:00","endTime":"00:00","byNotam":false,"sunrise":false,"sunset":false,"publicHolidaysExcluded":false},{"dayOfWeek":5,"startTime":"00:00","endTime":"00:00","byNotam":false,"sunrise":false,"sunset":false,"publicHolidaysExcluded":false},{"dayOfWeek":6,"startTime":"00:00","endTime":"00:00","byNotam":false,"sunrise":false,"sunset":false,"publicHolidaysExcluded":false}]},"deletable":true},"geometry":{"type":"Polygon","coordinates":[[[14.78806,47.28722],[14.02833,47.13139],[14.19333,46.99889],[14.46056,46.78222],[14.66472,46.615],[14.83222,46.54833],[14.83806,46.56889],[14.85556,46.58556],[14.86722,46.60444],[14.89528,46.61056],[14.92167,46.61417],[14.94444,46.62306],[14.97111,46.62472],[14.98,46.60194],[15.00944,46.63306],[15.03,46.64528],[15.05778,46.65222],[15.08611,46.64944],[15.11056,46.65972],[15.13361,46.65639],[15.33,46.90889],[15.08333,47.17222],[14.99778,47.26222],[14.78806,47.28722]]]}}, {"type":"Feature","id":100,"properties":{"_id":"677d59c013e31af480aca8a8","createdBy":"OPONcQnzWGOLiJSceNaf8pvx1fA2","createdAt":"2025-01-07T16:43:44.315Z","updatedBy":"OPONcQnzWGOLiJSceNaf8pvx1fA2","updatedAt":"2025-01-07T16:45:23.891Z","name":"MTA PYHRN","dataIngestion":true,"type":25,"icaoClass":8,"activity":0,"onDemand":false,"onRequest":false,"byNotam":false,"specialAgreement":false,"requestCompliance":false,"country":"AT","upperLimit":{"value":660,"unit":6,"referenceDatum":2},"lowerLimit":{"value":125,"unit":6,"referenceDatum":2},"hoursOfOperation":{"operatingHours":[{"dayOfWeek":0,"startTime":"00:00","endTime":"00:00","byNotam":false,"sunrise":false,"sunset":false,"publicHolidaysExcluded":false},{"dayOfWeek":1,"startTime":"00:00","endTime":"00:00","byNotam":false,"sunrise":false,"sunset":false,"publicHolidaysExcluded":false},{"dayOfWeek":2,"startTime":"00:00","endTime":"00:00","byNotam":false,"sunrise":false,"sunset":false,"publicHolidaysExcluded":false},{"dayOfWeek":3,"startTime":"00:00","endTime":"00:00","byNotam":false,"sunrise":false,"sunset":false,"publicHolidaysExcluded":false},{"dayOfWeek":4,"startTime":"00:00","endTime":"00:00","byNotam":false,"sunrise":false,"sunset":false,"publicHolidaysExcluded":false},{"dayOfWeek":5,"startTime":"00:00","endTime":"00:00","byNotam":false,"sunrise":false,"sunset":false,"publicHolidaysExcluded":false},{"dayOfWeek":6,"startTime":"00:00","endTime":"00:00","byNotam":false,"sunrise":false,"sunset":false,"publicHolidaysExcluded":false}]},"deletable":true},"geometry":{"type":"Polygon","coordinates":[[[13.5,47.86306],[13.32444,47.80389],[13.31778,47.77444],[13.29667,47.67639],[13.42556,47.54139],[13.44,47.52611],[13.55722,47.43889],[13.72306,47.3475],[14.26778,47.28556],[14.77944,47.38972],[14.88667,47.41139],[14.40917,47.86139],[14.30778,47.8625],[13.5,47.86306]]]}}, {"type":"Feature","id":101,"properties":{"_id":"677d59c013e31af480aca8ab","createdBy":"OPONcQnzWGOLiJSceNaf8pvx1fA2","createdAt":"2025-01-07T16:43:44.325Z","updatedBy":"OPONcQnzWGOLiJSceNaf8pvx1fA2","updatedAt":"2025-01-07T16:45:23.992Z","name":"MTA SCHOBER-NORD","dataIngestion":true,"type":25,"icaoClass":8,"activity":0,"onDemand":false,"onRequest":false,"byNotam":false,"specialAgreement":false,"requestCompliance":false,"country":"AT","upperLimit":{"value":245,"unit":6,"referenceDatum":2},"lowerLimit":{"value":7500,"unit":1,"referenceDatum":1},"hoursOfOperation":{"operatingHours":[{"dayOfWeek":0,"startTime":"00:00","endTime":"00:00","byNotam":false,"sunrise":false,"sunset":false,"publicHolidaysExcluded":false},{"dayOfWeek":1,"startTime":"00:00","endTime":"00:00","byNotam":false,"sunrise":false,"sunset":false,"publicHolidaysExcluded":false},{"dayOfWeek":2,"startTime":"00:00","endTime":"00:00","byNotam":false,"sunrise":false,"sunset":false,"publicHolidaysExcluded":false},{"dayOfWeek":3,"startTime":"00:00","endTime":"00:00","byNotam":false,"sunrise":false,"sunset":false,"publicHolidaysExcluded":false},{"dayOfWeek":4,"startTime":"00:00","endTime":"00:00","byNotam":false,"sunrise":false,"sunset":false,"publicHolidaysExcluded":false},{"dayOfWeek":5,"startTime":"00:00","endTime":"00:00","byNotam":false,"sunrise":false,"sunset":false,"publicHolidaysExcluded":false},{"dayOfWeek":6,"startTime":"00:00","endTime":"00:00","byNotam":false,"sunrise":false,"sunset":false,"publicHolidaysExcluded":false}]},"deletable":true},"geometry":{"type":"Polygon","coordinates":[[[13.5,47.86306],[13.32444,47.80389],[13.31778,47.77444],[13.3125,47.75],[13.35472,47.70861],[13.405,47.66361],[13.49472,47.58],[13.60556,47.475],[13.94722,47.2],[13.96944,47.18194],[14.00083,47.2225],[14.35667,47.41139],[14.77722,47.45972],[14.73333,47.5],[14.53333,47.69167],[14.39944,47.81472],[14.30778,47.8625],[13.5,47.86306]]]}}, {"type":"Feature","id":102,"properties":{"_id":"677d59c013e31af480aca8ae","createdBy":"OPONcQnzWGOLiJSceNaf8pvx1fA2","createdAt":"2025-01-07T16:43:44.336Z","updatedBy":"OPONcQnzWGOLiJSceNaf8pvx1fA2","updatedAt":"2025-01-07T16:45:24.126Z","name":"MTA SCHOBER","dataIngestion":true,"type":25,"icaoClass":8,"activity":0,"onDemand":false,"onRequest":false,"byNotam":false,"specialAgreement":false,"requestCompliance":false,"country":"AT","upperLimit":{"value":245,"unit":6,"referenceDatum":2},"lowerLimit":{"value":7500,"unit":1,"referenceDatum":1},"hoursOfOperation":{"operatingHours":[{"dayOfWeek":0,"startTime":"00:00","endTime":"00:00","byNotam":false,"sunrise":false,"sunset":false,"publicHolidaysExcluded":false},{"dayOfWeek":1,"startTime":"00:00","endTime":"00:00","byNotam":false,"sunrise":false,"sunset":false,"publicHolidaysExcluded":false},{"dayOfWeek":2,"startTime":"00:00","endTime":"00:00","byNotam":false,"sunrise":false,"sunset":false,"publicHolidaysExcluded":false},{"dayOfWeek":3,"startTime":"00:00","endTime":"00:00","byNotam":false,"sunrise":false,"sunset":false,"publicHolidaysExcluded":false},{"dayOfWeek":4,"startTime":"00:00","endTime":"00:00","byNotam":false,"sunrise":false,"sunset":false,"publicHolidaysExcluded":false},{"dayOfWeek":5,"startTime":"00:00","endTime":"00:00","byNotam":false,"sunrise":false,"sunset":false,"publicHolidaysExcluded":false},{"dayOfWeek":6,"startTime":"00:00","endTime":"00:00","byNotam":false,"sunrise":false,"sunset":false,"publicHolidaysExcluded":false}]},"deletable":true},"geometry":{"type":"Polygon","coordinates":[[[13.5,47.86306],[13.32444,47.80389],[13.31778,47.77444],[13.3125,47.75],[13.35472,47.70861],[13.405,47.66361],[13.49472,47.58],[13.60556,47.475],[13.94722,47.2],[13.96944,47.18194],[14.02833,47.13139],[14.19333,46.99889],[14.44417,46.79556],[14.49833,46.78444],[14.61972,46.79194],[15.14167,46.96667],[15.16667,47.08333],[15.08333,47.17222],[14.97778,47.28333],[14.79722,47.44167],[14.77722,47.45972],[14.73333,47.5],[14.53333,47.69167],[14.39944,47.81472],[14.30778,47.8625],[13.5,47.86306]]]}}, {"type":"Feature","id":103,"properties":{"_id":"677d59c013e31af480aca8b1","createdBy":"OPONcQnzWGOLiJSceNaf8pvx1fA2","createdAt":"2025-01-07T16:43:44.350Z","updatedBy":"OPONcQnzWGOLiJSceNaf8pvx1fA2","updatedAt":"2025-01-07T16:45:24.245Z","name":"MTA SCHOBER-SUED","dataIngestion":true,"type":25,"icaoClass":8,"activity":0,"onDemand":false,"onRequest":false,"byNotam":false,"specialAgreement":false,"requestCompliance":false,"country":"AT","upperLimit":{"value":245,"unit":6,"referenceDatum":2},"lowerLimit":{"value":7500,"unit":1,"referenceDatum":1},"hoursOfOperation":{"operatingHours":[{"dayOfWeek":0,"startTime":"00:00","endTime":"00:00","byNotam":false,"sunrise":false,"sunset":false,"publicHolidaysExcluded":false},{"dayOfWeek":1,"startTime":"00:00","endTime":"00:00","byNotam":false,"sunrise":false,"sunset":false,"publicHolidaysExcluded":false},{"dayOfWeek":2,"startTime":"00:00","endTime":"00:00","byNotam":false,"sunrise":false,"sunset":false,"publicHolidaysExcluded":false},{"dayOfWeek":3,"startTime":"00:00","endTime":"00:00","byNotam":false,"sunrise":false,"sunset":false,"publicHolidaysExcluded":false},{"dayOfWeek":4,"startTime":"00:00","endTime":"00:00","byNotam":false,"sunrise":false,"sunset":false,"publicHolidaysExcluded":false},{"dayOfWeek":5,"startTime":"00:00","endTime":"00:00","byNotam":false,"sunrise":false,"sunset":false,"publicHolidaysExcluded":false},{"dayOfWeek":6,"startTime":"00:00","endTime":"00:00","byNotam":false,"sunrise":false,"sunset":false,"publicHolidaysExcluded":false}]},"deletable":true},"geometry":{"type":"Polygon","coordinates":[[[14.77722,47.45972],[14.35667,47.41139],[14.00083,47.2225],[13.96944,47.18194],[14.02833,47.13139],[14.19333,46.99889],[14.44417,46.79556],[14.49833,46.78444],[14.61972,46.79194],[15.14167,46.96667],[15.16667,47.08333],[15.08333,47.17222],[14.97778,47.28333],[14.79722,47.44167],[14.77722,47.45972]]]}}, {"type":"Feature","id":104,"properties":{"_id":"677d59c013e31af480aca8b4","createdBy":"OPONcQnzWGOLiJSceNaf8pvx1fA2","createdAt":"2025-01-07T16:43:44.362Z","updatedBy":"OPONcQnzWGOLiJSceNaf8pvx1fA2","updatedAt":"2025-01-07T16:45:24.367Z","name":"MTA TAUERN-MITTE","dataIngestion":true,"type":25,"icaoClass":8,"activity":0,"onDemand":false,"onRequest":false,"byNotam":false,"specialAgreement":false,"requestCompliance":false,"country":"AT","upperLimit":{"value":245,"unit":6,"referenceDatum":2},"lowerLimit":{"value":125,"unit":6,"referenceDatum":2},"hoursOfOperation":{"operatingHours":[{"dayOfWeek":0,"startTime":"00:00","endTime":"00:00","byNotam":false,"sunrise":false,"sunset":false,"publicHolidaysExcluded":false},{"dayOfWeek":1,"startTime":"00:00","endTime":"00:00","byNotam":false,"sunrise":false,"sunset":false,"publicHolidaysExcluded":false},{"dayOfWeek":2,"startTime":"00:00","endTime":"00:00","byNotam":false,"sunrise":false,"sunset":false,"publicHolidaysExcluded":false},{"dayOfWeek":3,"startTime":"00:00","endTime":"00:00","byNotam":false,"sunrise":false,"sunset":false,"publicHolidaysExcluded":false},{"dayOfWeek":4,"startTime":"00:00","endTime":"00:00","byNotam":false,"sunrise":false,"sunset":false,"publicHolidaysExcluded":false},{"dayOfWeek":5,"startTime":"00:00","endTime":"00:00","byNotam":false,"sunrise":false,"sunset":false,"publicHolidaysExcluded":false},{"dayOfWeek":6,"startTime":"00:00","endTime":"00:00","byNotam":false,"sunrise":false,"sunset":false,"publicHolidaysExcluded":false}]},"deletable":true},"geometry":{"type":"Polygon","coordinates":[[[14.39944,47.81472],[14.53333,47.69167],[14.73333,47.5],[14.77722,47.45972],[14.79722,47.44167],[14.97778,47.28333],[15.08333,47.17222],[15.16667,47.08333],[15.21528,47.11111],[15.32417,47.20833],[15.0575,47.45056],[14.97611,47.53],[14.65306,47.8125],[14.39944,47.81472]]]}}, {"type":"Feature","id":105,"properties":{"_id":"677d59c013e31af480aca8b7","createdBy":"OPONcQnzWGOLiJSceNaf8pvx1fA2","createdAt":"2025-01-07T16:43:44.375Z","updatedBy":"OPONcQnzWGOLiJSceNaf8pvx1fA2","updatedAt":"2025-01-07T16:45:24.493Z","name":"MTA TAUERN-NORD","dataIngestion":true,"type":25,"icaoClass":8,"activity":0,"onDemand":false,"onRequest":false,"byNotam":false,"specialAgreement":false,"requestCompliance":false,"country":"AT","upperLimit":{"value":660,"unit":6,"referenceDatum":2},"lowerLimit":{"value":185,"unit":6,"referenceDatum":2},"hoursOfOperation":{"operatingHours":[{"dayOfWeek":0,"startTime":"00:00","endTime":"00:00","byNotam":false,"sunrise":false,"sunset":false,"publicHolidaysExcluded":false},{"dayOfWeek":1,"startTime":"00:00","endTime":"00:00","byNotam":false,"sunrise":false,"sunset":false,"publicHolidaysExcluded":false},{"dayOfWeek":2,"startTime":"00:00","endTime":"00:00","byNotam":false,"sunrise":false,"sunset":false,"publicHolidaysExcluded":false},{"dayOfWeek":3,"startTime":"00:00","endTime":"00:00","byNotam":false,"sunrise":false,"sunset":false,"publicHolidaysExcluded":false},{"dayOfWeek":4,"startTime":"00:00","endTime":"00:00","byNotam":false,"sunrise":false,"sunset":false,"publicHolidaysExcluded":false},{"dayOfWeek":5,"startTime":"00:00","endTime":"00:00","byNotam":false,"sunrise":false,"sunset":false,"publicHolidaysExcluded":false},{"dayOfWeek":6,"startTime":"00:00","endTime":"00:00","byNotam":false,"sunrise":false,"sunset":false,"publicHolidaysExcluded":false}]},"deletable":true},"geometry":{"type":"Polygon","coordinates":[[[13.5,47.86306],[13.32444,47.80389],[13.31778,47.77444],[13.29667,47.67639],[13.42556,47.54139],[13.44,47.52611],[13.55722,47.43889],[13.72306,47.3475],[14.26778,47.28556],[14.77944,47.38972],[14.88667,47.41139],[14.96306,47.42889],[15.0375,47.50611],[14.93361,47.66833],[14.61333,47.85889],[14.30778,47.8625],[13.5,47.86306]]]}}, {"type":"Feature","id":106,"properties":{"_id":"677d59c013e31af480aca8ba","createdBy":"OPONcQnzWGOLiJSceNaf8pvx1fA2","createdAt":"2025-01-07T16:43:44.386Z","updatedBy":"OPONcQnzWGOLiJSceNaf8pvx1fA2","updatedAt":"2025-01-07T16:45:24.619Z","name":"MTA TULLN 1","dataIngestion":true,"type":25,"icaoClass":8,"activity":0,"onDemand":false,"onRequest":false,"byNotam":false,"specialAgreement":false,"requestCompliance":false,"country":"AT","upperLimit":{"value":3500,"unit":1,"referenceDatum":1},"lowerLimit":{"value":2500,"unit":1,"referenceDatum":1},"hoursOfOperation":{"operatingHours":[{"dayOfWeek":0,"startTime":"00:00","endTime":"00:00","byNotam":false,"sunrise":false,"sunset":false,"publicHolidaysExcluded":false},{"dayOfWeek":1,"startTime":"00:00","endTime":"00:00","byNotam":false,"sunrise":false,"sunset":false,"publicHolidaysExcluded":false},{"dayOfWeek":2,"startTime":"00:00","endTime":"00:00","byNotam":false,"sunrise":false,"sunset":false,"publicHolidaysExcluded":false},{"dayOfWeek":3,"startTime":"00:00","endTime":"00:00","byNotam":false,"sunrise":false,"sunset":false,"publicHolidaysExcluded":false},{"dayOfWeek":4,"startTime":"00:00","endTime":"00:00","byNotam":false,"sunrise":false,"sunset":false,"publicHolidaysExcluded":false},{"dayOfWeek":5,"startTime":"00:00","endTime":"00:00","byNotam":false,"sunrise":false,"sunset":false,"publicHolidaysExcluded":false},{"dayOfWeek":6,"startTime":"00:00","endTime":"00:00","byNotam":false,"sunrise":false,"sunset":false,"publicHolidaysExcluded":false}]},"deletable":true},"geometry":{"type":"Polygon","coordinates":[[[16.36528,48.37417],[16.37222,48.32889],[16.57722,48.34278],[16.54889,48.40889],[16.36528,48.37417]]]}}, {"type":"Feature","id":107,"properties":{"_id":"677d59c013e31af480aca8bd","createdBy":"OPONcQnzWGOLiJSceNaf8pvx1fA2","createdAt":"2025-01-07T16:43:44.397Z","updatedBy":"OPONcQnzWGOLiJSceNaf8pvx1fA2","updatedAt":"2025-01-07T16:45:24.735Z","name":"MTA ZELTWEG 1","dataIngestion":true,"type":25,"icaoClass":8,"activity":0,"onDemand":false,"onRequest":false,"byNotam":false,"specialAgreement":false,"requestCompliance":false,"country":"AT","upperLimit":{"value":125,"unit":6,"referenceDatum":2},"lowerLimit":{"value":7000,"unit":1,"referenceDatum":1},"hoursOfOperation":{"operatingHours":[{"dayOfWeek":0,"startTime":"00:00","endTime":"00:00","byNotam":false,"sunrise":false,"sunset":false,"publicHolidaysExcluded":false},{"dayOfWeek":1,"startTime":"00:00","endTime":"00:00","byNotam":false,"sunrise":false,"sunset":false,"publicHolidaysExcluded":false},{"dayOfWeek":2,"startTime":"00:00","endTime":"00:00","byNotam":false,"sunrise":false,"sunset":false,"publicHolidaysExcluded":false},{"dayOfWeek":3,"startTime":"00:00","endTime":"00:00","byNotam":false,"sunrise":false,"sunset":false,"publicHolidaysExcluded":false},{"dayOfWeek":4,"startTime":"00:00","endTime":"00:00","byNotam":false,"sunrise":false,"sunset":false,"publicHolidaysExcluded":false},{"dayOfWeek":5,"startTime":"00:00","endTime":"00:00","byNotam":false,"sunrise":false,"sunset":false,"publicHolidaysExcluded":false},{"dayOfWeek":6,"startTime":"00:00","endTime":"00:00","byNotam":false,"sunrise":false,"sunset":false,"publicHolidaysExcluded":false}]},"deletable":true},"geometry":{"type":"Polygon","coordinates":[[[15.18667,47.275],[15.205,47.17],[15.31361,47.18167],[15.2825,47.31528],[15.245,47.31056],[15.18667,47.275]]]}}, {"type":"Feature","id":108,"properties":{"_id":"677d59c013e31af480aca8c0","createdBy":"OPONcQnzWGOLiJSceNaf8pvx1fA2","createdAt":"2025-01-07T16:43:44.411Z","updatedBy":"OPONcQnzWGOLiJSceNaf8pvx1fA2","updatedAt":"2025-01-07T16:45:24.863Z","name":"MTA ZELTWEG 2","dataIngestion":true,"type":25,"icaoClass":8,"activity":0,"onDemand":false,"onRequest":false,"byNotam":false,"specialAgreement":false,"requestCompliance":false,"country":"AT","upperLimit":{"value":125,"unit":6,"referenceDatum":2},"lowerLimit":{"value":7500,"unit":1,"referenceDatum":1},"hoursOfOperation":{"operatingHours":[{"dayOfWeek":0,"startTime":"00:00","endTime":"00:00","byNotam":false,"sunrise":false,"sunset":false,"publicHolidaysExcluded":false},{"dayOfWeek":1,"startTime":"00:00","endTime":"00:00","byNotam":false,"sunrise":false,"sunset":false,"publicHolidaysExcluded":false},{"dayOfWeek":2,"startTime":"00:00","endTime":"00:00","byNotam":false,"sunrise":false,"sunset":false,"publicHolidaysExcluded":false},{"dayOfWeek":3,"startTime":"00:00","endTime":"00:00","byNotam":false,"sunrise":false,"sunset":false,"publicHolidaysExcluded":false},{"dayOfWeek":4,"startTime":"00:00","endTime":"00:00","byNotam":false,"sunrise":false,"sunset":false,"publicHolidaysExcluded":false},{"dayOfWeek":5,"startTime":"00:00","endTime":"00:00","byNotam":false,"sunrise":false,"sunset":false,"publicHolidaysExcluded":false},{"dayOfWeek":6,"startTime":"00:00","endTime":"00:00","byNotam":false,"sunrise":false,"sunset":false,"publicHolidaysExcluded":false}]},"deletable":true},"geometry":{"type":"Polygon","coordinates":[[[15.42028,47.44611],[15.25611,47.42833],[15.31361,47.18167],[15.205,47.17],[15.21528,47.11111],[15.17472,47.08778],[15.24889,47.09778],[15.49444,47.12972],[15.44639,47.33583],[15.42028,47.44611]]]}}, {"type":"Feature","id":109,"properties":{"_id":"6841d7dc41b06db84bc7f667","createdBy":"OPONcQnzWGOLiJSceNaf8pvx1fA2","createdAt":"2025-06-05T17:46:04.324Z","updatedBy":"OPONcQnzWGOLiJSceNaf8pvx1fA2","updatedAt":"2025-06-05T18:17:40.569Z","name":"NATIONALPARK THAYATAL","dataIngestion":false,"type":29,"icaoClass":8,"activity":0,"onDemand":false,"onRequest":false,"byNotam":false,"specialAgreement":false,"requestCompliance":false,"country":"AT","upperLimit":{"value":1640,"unit":1,"referenceDatum":0},"lowerLimit":{"value":0,"unit":1,"referenceDatum":0},"hoursOfOperation":{"operatingHours":[{"dayOfWeek":0,"startTime":"00:00","endTime":"00:00","byNotam":false,"sunrise":false,"sunset":false,"publicHolidaysExcluded":false},{"dayOfWeek":1,"startTime":"00:00","endTime":"00:00","byNotam":false,"sunrise":false,"sunset":false,"publicHolidaysExcluded":false},{"dayOfWeek":2,"startTime":"00:00","endTime":"00:00","byNotam":false,"sunrise":false,"sunset":false,"publicHolidaysExcluded":false},{"dayOfWeek":3,"startTime":"00:00","endTime":"00:00","byNotam":false,"sunrise":false,"sunset":false,"publicHolidaysExcluded":false},{"dayOfWeek":4,"startTime":"00:00","endTime":"00:00","byNotam":false,"sunrise":false,"sunset":false,"publicHolidaysExcluded":false},{"dayOfWeek":5,"startTime":"00:00","endTime":"00:00","byNotam":false,"sunrise":false,"sunset":false,"publicHolidaysExcluded":false},{"dayOfWeek":6,"startTime":"00:00","endTime":"00:00","byNotam":false,"sunrise":false,"sunset":false,"publicHolidaysExcluded":false}]},"deletable":false},"geometry":{"type":"Polygon","coordinates":[[[15.82528,48.84083],[15.82444,48.84083],[15.82389,48.84],[15.82417,48.83889],[15.82583,48.83778],[15.82833,48.83722],[15.82917,48.83722],[15.82972,48.83778],[15.83167,48.83778],[15.83222,48.83806],[15.83417,48.83722],[15.83611,48.83722],[15.83778,48.83833],[15.83917,48.83861],[15.84056,48.83861],[15.8425,48.83917],[15.84417,48.83833],[15.84667,48.83889],[15.84806,48.83722],[15.84889,48.83722],[15.85083,48.83667],[15.85278,48.83667],[15.85417,48.83806],[15.85444,48.84639],[15.85556,48.84639],[15.85694,48.84583],[15.85778,48.84611],[15.85806,48.84583],[15.85778,48.84528],[15.85806,48.845],[15.85861,48.84556],[15.85861,48.84528],[15.85917,48.84556],[15.86,48.84556],[15.86,48.84583],[15.85889,48.84694],[15.86111,48.8475],[15.86111,48.84722],[15.86028,48.84667],[15.86056,48.84639],[15.8625,48.84722],[15.86222,48.8475],[15.86389,48.84833],[15.86556,48.84722],[15.865,48.84694],[15.865,48.84667],[15.86694,48.84556],[15.86667,48.84528],[15.86583,48.84528],[15.86528,48.845],[15.86333,48.84444],[15.86333,48.84417],[15.86361,48.84389],[15.865,48.84417],[15.86583,48.84333],[15.86556,48.84444],[15.86583,48.84361],[15.86667,48.84333],[15.86694,48.84361],[15.86722,48.84333],[15.86861,48.84444],[15.86944,48.84389],[15.86972,48.84333],[15.86917,48.84306],[15.86889,48.8425],[15.86972,48.84167],[15.86917,48.84139],[15.86917,48.84111],[15.87,48.84083],[15.87,48.84056],[15.86889,48.83972],[15.86889,48.83944],[15.87111,48.83889],[15.87167,48.84],[15.87139,48.84028],[15.87167,48.84111],[15.87222,48.84111],[15.87306,48.84083],[15.875,48.84083],[15.875,48.84167],[15.87611,48.84167],[15.87611,48.84056],[15.87583,48.84056],[15.87583,48.84028],[15.87611,48.84],[15.87583,48.83861],[15.87528,48.83833],[15.87472,48.83833],[15.87472,48.83778],[15.87667,48.8375],[15.87667,48.83722],[15.87917,48.83722],[15.88028,48.83667],[15.88,48.83611],[15.88056,48.83583],[15.88083,48.83611],[15.88111,48.83583],[15.88222,48.83528],[15.88306,48.83528],[15.88361,48.835],[15.88389,48.83528],[15.885,48.83556],[15.88556,48.83611],[15.88583,48.83611],[15.88444,48.83472],[15.88444,48.83444],[15.88722,48.83389],[15.88694,48.83333],[15.88639,48.83333],[15.88639,48.83306],[15.88778,48.83278],[15.88861,48.83222],[15.88861,48.83139],[15.88694,48.83028],[15.88583,48.83083],[15.88583,48.83167],[15.88556,48.83194],[15.88556,48.83222],[15.88444,48.8325],[15.88444,48.83278],[15.88417,48.83278],[15.88417,48.83222],[15.8825,48.83278],[15.88139,48.83278],[15.88139,48.8325],[15.88278,48.83222],[15.88306,48.83194],[15.88444,48.83167],[15.88389,48.83083],[15.88278,48.83083],[15.8825,48.83028],[15.88167,48.83028],[15.88167,48.83],[15.88306,48.82972],[15.88361,48.82917],[15.88417,48.82889],[15.88389,48.82861],[15.88361,48.82861],[15.88278,48.82806],[15.88306,48.82778],[15.88222,48.82694],[15.8825,48.82667],[15.88222,48.82611],[15.88278,48.82583],[15.88417,48.82583],[15.88611,48.82639],[15.88611,48.82583],[15.88639,48.82639],[15.88694,48.82639],[15.88694,48.82611],[15.8875,48.82528],[15.88861,48.82472],[15.89194,48.82528],[15.89389,48.82528],[15.89389,48.82611],[15.89583,48.8275],[15.89639,48.82694],[15.89861,48.82778],[15.89861,48.82806],[15.89944,48.82889],[15.89917,48.82917],[15.90194,48.82917],[15.90194,48.82944],[15.90111,48.83056],[15.90194,48.83111],[15.90278,48.83139],[15.9025,48.8325],[15.90694,48.83194],[15.92083,48.83139],[15.92167,48.83083],[15.92111,48.82972],[15.92111,48.82917],[15.92056,48.82806],[15.92,48.8275],[15.91611,48.82639],[15.91556,48.82583],[15.91389,48.82528],[15.91361,48.82444],[15.91861,48.82389],[15.92389,48.82028],[15.925,48.81889],[15.925,48.81806],[15.92472,48.81722],[15.9275,48.81667],[15.92806,48.81667],[15.92944,48.81611],[15.9325,48.81556],[15.94611,48.81472],[15.94889,48.81333],[15.95,48.8125],[15.95083,48.81139],[15.95111,48.81139],[15.95222,48.81389],[15.95361,48.81528],[15.95528,48.81667],[15.95583,48.8175],[15.95861,48.81944],[15.96,48.81972],[15.96,48.82083],[15.95861,48.82306],[15.9575,48.82361],[15.95417,48.82389],[15.95278,48.82333],[15.94806,48.8225],[15.94639,48.82278],[15.94583,48.82333],[15.94583,48.82361],[15.94639,48.82472],[15.94833,48.82556],[15.94833,48.82639],[15.94667,48.82778],[15.945,48.82806],[15.94361,48.82806],[15.94194,48.82778],[15.94,48.82722],[15.94056,48.82472],[15.94111,48.82333],[15.94111,48.82278],[15.94083,48.82167],[15.94083,48.82083],[15.94056,48.81972],[15.94028,48.81944],[15.93778,48.81889],[15.935,48.81917],[15.92556,48.82333],[15.925,48.82361],[15.92417,48.82444],[15.92667,48.82667],[15.92667,48.82917],[15.92694,48.82972],[15.92694,48.83056],[15.9275,48.83111],[15.93083,48.83278],[15.93111,48.83361],[15.93056,48.83417],[15.92611,48.83472],[15.92194,48.835],[15.92139,48.83528],[15.92083,48.83611],[15.92083,48.83806],[15.92056,48.83861],[15.92,48.83889],[15.91722,48.83889],[15.91528,48.83778],[15.91472,48.83722],[15.91028,48.83722],[15.90833,48.83611],[15.90694,48.83556],[15.90361,48.83611],[15.90167,48.83611],[15.89861,48.83556],[15.895,48.83444],[15.89333,48.83472],[15.89194,48.83639],[15.89111,48.83861],[15.89167,48.8425],[15.89306,48.84333],[15.89389,48.84306],[15.89389,48.84222],[15.89472,48.84056],[15.89722,48.83806],[15.90278,48.83722],[15.90444,48.83778],[15.90528,48.83889],[15.90472,48.84111],[15.90028,48.84611],[15.8975,48.84861],[15.89667,48.84917],[15.89333,48.84917],[15.89278,48.84861],[15.89167,48.845],[15.89028,48.84333],[15.88889,48.8425],[15.88722,48.84194],[15.88444,48.84222],[15.88361,48.8425],[15.88056,48.84639],[15.88,48.84806],[15.88028,48.84972],[15.88,48.8525],[15.88056,48.85361],[15.88111,48.85389],[15.88083,48.85583],[15.87806,48.85833],[15.87806,48.85889],[15.87722,48.85944],[15.87389,48.86083],[15.87167,48.86056],[15.87083,48.86],[15.87083,48.85917],[15.87167,48.85861],[15.87417,48.85833],[15.87472,48.85778],[15.87528,48.85667],[15.87528,48.85583],[15.87472,48.85472],[15.87278,48.85389],[15.8675,48.85278],[15.86444,48.8525],[15.86306,48.85278],[15.86028,48.85528],[15.85833,48.8575],[15.85722,48.85778],[15.855,48.85806],[15.85167,48.85778],[15.84639,48.85861],[15.84278,48.85972],[15.84194,48.86028],[15.84111,48.86111],[15.84111,48.86139],[15.84167,48.86194],[15.845,48.86306],[15.84694,48.86333],[15.85028,48.865],[15.85222,48.86639],[15.85222,48.86722],[15.85194,48.86861],[15.8475,48.87111],[15.84389,48.87278],[15.84333,48.87361],[15.84306,48.87472],[15.84389,48.87528],[15.845,48.87556],[15.845,48.87583],[15.84167,48.87722],[15.83972,48.87778],[15.83778,48.87722],[15.83778,48.86861],[15.83861,48.86806],[15.84028,48.86778],[15.84,48.86722],[15.84028,48.86639],[15.83972,48.86611],[15.83972,48.86556],[15.84,48.86556],[15.83833,48.86528],[15.83417,48.86639],[15.83389,48.86583],[15.83444,48.86472],[15.83417,48.86417],[15.83417,48.86333],[15.83528,48.8625],[15.83389,48.86222],[15.83472,48.86111],[15.83583,48.86056],[15.83583,48.86],[15.83611,48.85972],[15.83611,48.85944],[15.83694,48.85806],[15.83861,48.85667],[15.83861,48.85611],[15.83917,48.85583],[15.83972,48.855],[15.83972,48.85444],[15.84056,48.85444],[15.84111,48.85361],[15.84306,48.85389],[15.84194,48.85333],[15.84028,48.85361],[15.84028,48.85333],[15.84056,48.85306],[15.84028,48.85278],[15.84056,48.85222],[15.84139,48.84861],[15.83833,48.85028],[15.83722,48.84972],[15.835,48.84944],[15.83417,48.84917],[15.83278,48.84722],[15.83306,48.84694],[15.83278,48.84611],[15.83083,48.84389],[15.83056,48.84333],[15.83083,48.8425],[15.83056,48.84167],[15.82972,48.84167],[15.82972,48.84194],[15.82944,48.84194],[15.82528,48.84111],[15.82528,48.84083]]]}}, {"type":"Feature","id":110,"properties":{"_id":"6841d81341b06db84bc7fa96","createdBy":"OPONcQnzWGOLiJSceNaf8pvx1fA2","createdAt":"2025-06-05T17:46:59.361Z","updatedBy":"OPONcQnzWGOLiJSceNaf8pvx1fA2","updatedAt":"2025-06-05T18:17:39.991Z","name":"NATIONALPARK DONAU-AUEN","dataIngestion":false,"type":29,"icaoClass":8,"activity":0,"onDemand":false,"onRequest":false,"byNotam":false,"specialAgreement":false,"requestCompliance":false,"country":"AT","upperLimit":{"value":1640,"unit":1,"referenceDatum":0},"lowerLimit":{"value":0,"unit":1,"referenceDatum":0},"hoursOfOperation":{"operatingHours":[{"dayOfWeek":0,"startTime":"00:00","endTime":"00:00","byNotam":false,"sunrise":false,"sunset":false,"publicHolidaysExcluded":false},{"dayOfWeek":1,"startTime":"00:00","endTime":"00:00","byNotam":false,"sunrise":false,"sunset":false,"publicHolidaysExcluded":false},{"dayOfWeek":2,"startTime":"00:00","endTime":"00:00","byNotam":false,"sunrise":false,"sunset":false,"publicHolidaysExcluded":false},{"dayOfWeek":3,"startTime":"00:00","endTime":"00:00","byNotam":false,"sunrise":false,"sunset":false,"publicHolidaysExcluded":false},{"dayOfWeek":4,"startTime":"00:00","endTime":"00:00","byNotam":false,"sunrise":false,"sunset":false,"publicHolidaysExcluded":false},{"dayOfWeek":5,"startTime":"00:00","endTime":"00:00","byNotam":false,"sunrise":false,"sunset":false,"publicHolidaysExcluded":false},{"dayOfWeek":6,"startTime":"00:00","endTime":"00:00","byNotam":false,"sunrise":false,"sunset":false,"publicHolidaysExcluded":false}]},"deletable":false},"geometry":{"type":"Polygon","coordinates":[[[16.52694,48.14128],[16.52748,48.14061],[16.52746,48.14005],[16.52792,48.13917],[16.52828,48.13777],[16.52879,48.13696],[16.52879,48.13651],[16.52941,48.13605],[16.53168,48.13499],[16.53396,48.13426],[16.53427,48.13446],[16.53596,48.13429],[16.54158,48.13433],[16.54642,48.13499],[16.54594,48.13477],[16.54584,48.13394],[16.54652,48.13297],[16.54731,48.13305],[16.54947,48.13141],[16.55176,48.13086],[16.55224,48.13058],[16.55313,48.12926],[16.55427,48.12903],[16.557,48.12882],[16.56223,48.12882],[16.56249,48.12852],[16.57583,48.12809],[16.57624,48.12828],[16.57667,48.12891],[16.57676,48.12936],[16.57662,48.12976],[16.57463,48.13127],[16.57571,48.13333],[16.58033,48.13229],[16.58599,48.13174],[16.58647,48.1311],[16.59478,48.13078],[16.59853,48.13075],[16.60172,48.13095],[16.60566,48.13081],[16.60802,48.13045],[16.61165,48.12956],[16.61745,48.1289],[16.62686,48.12757],[16.62852,48.12754],[16.63672,48.12814],[16.64016,48.12817],[16.64302,48.12777],[16.65675,48.12455],[16.65376,48.12048],[16.65414,48.11968],[16.66828,48.11892],[16.67194,48.12015],[16.67484,48.11854],[16.67525,48.11854],[16.67485,48.11786],[16.67298,48.11712],[16.67055,48.11631],[16.66668,48.11582],[16.66613,48.11535],[16.66628,48.1147],[16.6666,48.1145],[16.67039,48.11335],[16.67294,48.11312],[16.68106,48.11309],[16.68235,48.11277],[16.68358,48.11273],[16.68675,48.11326],[16.6898,48.11415],[16.69053,48.11409],[16.69552,48.11502],[16.70087,48.11537],[16.70442,48.11596],[16.71008,48.11798],[16.71509,48.119],[16.72131,48.11953],[16.72304,48.11864],[16.72426,48.1183],[16.72488,48.11835],[16.72598,48.11874],[16.7279,48.11827],[16.7301,48.1184],[16.73084,48.11561],[16.73117,48.11526],[16.73476,48.11382],[16.73549,48.11389],[16.73569,48.11477],[16.73428,48.11588],[16.7343,48.11605],[16.73621,48.11628],[16.73734,48.11603],[16.73913,48.11532],[16.74007,48.11528],[16.74191,48.11442],[16.74477,48.11431],[16.74495,48.11408],[16.74545,48.11399],[16.74622,48.11411],[16.74634,48.11445],[16.74731,48.11438],[16.75342,48.11346],[16.75916,48.11346],[16.76006,48.1129],[16.76072,48.11337],[16.76109,48.11324],[16.76411,48.1131],[16.76766,48.1131],[16.77017,48.11265],[16.77075,48.11297],[16.77085,48.11328],[16.77934,48.11176],[16.78018,48.11192],[16.78036,48.11216],[16.7806,48.11206],[16.78223,48.11268],[16.78351,48.1128],[16.78439,48.11267],[16.78412,48.11192],[16.78438,48.1115],[16.78485,48.1111],[16.78586,48.11069],[16.78754,48.11042],[16.78878,48.11043],[16.79157,48.10971],[16.7922,48.11001],[16.7928,48.1117],[16.79366,48.11191],[16.79475,48.11251],[16.79549,48.11271],[16.80268,48.11434],[16.80431,48.11451],[16.81019,48.11568],[16.81026,48.11516],[16.81078,48.11492],[16.81234,48.11519],[16.81609,48.1153],[16.81656,48.1158],[16.81647,48.11637],[16.81618,48.1168],[16.85047,48.12304],[16.85252,48.1231],[16.85732,48.12388],[16.8702,48.12649],[16.87608,48.12802],[16.88821,48.13256],[16.89371,48.13554],[16.89777,48.13821],[16.89932,48.13949],[16.90072,48.14017],[16.90126,48.14073],[16.90262,48.14081],[16.90379,48.14196],[16.90514,48.14287],[16.90649,48.14348],[16.90971,48.14442],[16.9121,48.14491],[16.91215,48.1447],[16.91296,48.14438],[16.91447,48.14466],[16.9204,48.14466],[16.92412,48.1449],[16.93148,48.14482],[16.93305,48.14515],[16.93425,48.1457],[16.93591,48.14688],[16.93912,48.14843],[16.9445,48.15037],[16.94588,48.15208],[16.94716,48.15405],[16.94798,48.15487],[16.9491,48.15664],[16.9506,48.15733],[16.95286,48.15879],[16.95399,48.16003],[16.95441,48.16119],[16.95499,48.16159],[16.95635,48.1615],[16.95655,48.16099],[16.95802,48.16107],[16.95831,48.16133],[16.95858,48.1611],[16.95828,48.16083],[16.95833,48.16005],[16.95847,48.15995],[16.95907,48.15997],[16.96036,48.16103],[16.96034,48.16136],[16.96186,48.16081],[16.96232,48.16051],[16.96372,48.15895],[16.96367,48.15858],[16.96483,48.15665],[16.96523,48.15638],[16.96583,48.15645],[16.96907,48.15954],[16.9689,48.16038],[16.968,48.16069],[16.96704,48.16079],[16.96604,48.16176],[16.96524,48.16421],[16.96587,48.16427],[16.96617,48.16409],[16.96732,48.16391],[16.96822,48.16399],[16.96866,48.16461],[16.96851,48.16519],[16.9706,48.16544],[16.97183,48.16599],[16.97311,48.16706],[16.97416,48.16872],[16.97459,48.16901],[16.97615,48.16871],[16.9766,48.16881],[16.97877,48.17064],[16.97861,48.17143],[16.977,48.17219],[16.97676,48.1728],[16.97646,48.17309],[16.9758,48.17331],[16.97533,48.17523],[16.97511,48.17557],[16.97359,48.1765],[16.96987,48.17651],[16.96739,48.1759],[16.96317,48.17465],[16.95915,48.17258],[16.95812,48.17248],[16.95788,48.1722],[16.95665,48.17377],[16.95485,48.17498],[16.95303,48.17576],[16.94964,48.17666],[16.94469,48.17695],[16.94179,48.17676],[16.93607,48.17602],[16.92305,48.16878],[16.9181,48.16817],[16.91029,48.16364],[16.90859,48.16427],[16.90627,48.16368],[16.89962,48.16403],[16.89799,48.16355],[16.89703,48.16283],[16.89649,48.16287],[16.89603,48.16245],[16.89568,48.16046],[16.89574,48.15967],[16.89308,48.1565],[16.8886,48.15645],[16.88675,48.15581],[16.88368,48.15413],[16.88343,48.15364],[16.8842,48.14807],[16.88179,48.14665],[16.88187,48.14635],[16.88112,48.14599],[16.87996,48.14602],[16.87849,48.14652],[16.87735,48.14722],[16.8766,48.14791],[16.87169,48.1487],[16.87001,48.14873],[16.86771,48.14851],[16.86388,48.14725],[16.86003,48.14822],[16.85775,48.14809],[16.85611,48.14835],[16.85457,48.14807],[16.85337,48.14734],[16.85225,48.14578],[16.84755,48.1412],[16.84741,48.14075],[16.8481,48.13711],[16.84605,48.1369],[16.84555,48.13637],[16.8448,48.1363],[16.84441,48.13605],[16.84355,48.13447],[16.84343,48.13396],[16.84343,48.13326],[16.84384,48.13218],[16.84334,48.13182],[16.84218,48.13153],[16.83974,48.1317],[16.83825,48.13262],[16.8376,48.1334],[16.83719,48.13618],[16.83664,48.13762],[16.83607,48.1385],[16.83524,48.13912],[16.83412,48.1408],[16.83372,48.14097],[16.83374,48.14112],[16.83328,48.14146],[16.83166,48.14229],[16.83006,48.14277],[16.82812,48.14263],[16.82707,48.14235],[16.82564,48.14146],[16.82419,48.13989],[16.82396,48.13914],[16.82416,48.13834],[16.82031,48.13809],[16.82016,48.13944],[16.81963,48.1399],[16.81452,48.1396],[16.81018,48.13875],[16.80985,48.13801],[16.80649,48.13712],[16.8056,48.13709],[16.80416,48.13717],[16.80363,48.13759],[16.80223,48.13814],[16.79918,48.13897],[16.79943,48.14002],[16.79922,48.14055],[16.79785,48.14145],[16.7959,48.14223],[16.79558,48.14291],[16.79412,48.14344],[16.79371,48.14431],[16.79216,48.14406],[16.79069,48.1432],[16.78954,48.1418],[16.78911,48.14027],[16.78885,48.14031],[16.78832,48.14076],[16.78526,48.14096],[16.78215,48.13954],[16.77938,48.13904],[16.77847,48.13905],[16.77805,48.13884],[16.77733,48.13782],[16.7766,48.13852],[16.77557,48.13907],[16.77492,48.13914],[16.77511,48.1398],[16.77467,48.14043],[16.77434,48.14046],[16.77438,48.14153],[16.7739,48.14205],[16.77351,48.14207],[16.77312,48.14258],[16.77126,48.14345],[16.77104,48.14402],[16.77072,48.14434],[16.76933,48.1448],[16.76712,48.14511],[16.76656,48.14452],[16.76708,48.14181],[16.7671,48.13956],[16.7669,48.13954],[16.76676,48.14006],[16.76608,48.14116],[16.76532,48.14174],[16.76486,48.14182],[16.75735,48.13944],[16.75535,48.14235],[16.75481,48.14254],[16.75322,48.14207],[16.75269,48.14292],[16.75229,48.14316],[16.74971,48.14326],[16.7493,48.14308],[16.74901,48.14272],[16.74857,48.14151],[16.74863,48.14041],[16.749,48.13925],[16.7489,48.13864],[16.74556,48.13788],[16.74396,48.13733],[16.74294,48.13652],[16.74258,48.1354],[16.74206,48.13587],[16.74186,48.13658],[16.7416,48.13977],[16.74098,48.14131],[16.74043,48.14225],[16.73993,48.14373],[16.73958,48.14409],[16.73792,48.14454],[16.73441,48.14487],[16.73328,48.14484],[16.7324,48.14462],[16.73171,48.14429],[16.73052,48.14338],[16.72882,48.14165],[16.72781,48.14005],[16.72619,48.14014],[16.72577,48.14026],[16.72479,48.14094],[16.72319,48.14109],[16.72284,48.14019],[16.72394,48.13965],[16.72339,48.13928],[16.72161,48.14013],[16.71644,48.14144],[16.71416,48.14241],[16.71269,48.14247],[16.70877,48.14157],[16.70856,48.14069],[16.70979,48.13967],[16.71026,48.13884],[16.71133,48.13767],[16.71095,48.1365],[16.71117,48.13551],[16.70625,48.13556],[16.70613,48.13541],[16.70528,48.13746],[16.70326,48.13938],[16.70302,48.14005],[16.70309,48.14137],[16.70277,48.14188],[16.70231,48.14223],[16.70164,48.14198],[16.70108,48.14053],[16.70096,48.13982],[16.69527,48.14346],[16.69531,48.14364],[16.69567,48.14385],[16.69626,48.1437],[16.69687,48.14431],[16.69676,48.14469],[16.69701,48.14497],[16.6967,48.14559],[16.69685,48.14572],[16.69682,48.1465],[16.69543,48.14743],[16.69399,48.14778],[16.6929,48.14779],[16.68823,48.14676],[16.68757,48.14681],[16.6868,48.14733],[16.68588,48.14868],[16.68515,48.14905],[16.68419,48.14997],[16.68344,48.15018],[16.68233,48.15004],[16.68047,48.14864],[16.67921,48.14838],[16.67775,48.14846],[16.67668,48.14886],[16.67582,48.15023],[16.67496,48.15095],[16.67351,48.15139],[16.67199,48.15156],[16.67121,48.15117],[16.67076,48.15022],[16.67046,48.15002],[16.66983,48.14998],[16.66832,48.15035],[16.66559,48.15009],[16.66492,48.14939],[16.66493,48.14859],[16.66538,48.14815],[16.66734,48.14731],[16.67044,48.14695],[16.6734,48.14713],[16.67415,48.14703],[16.67572,48.14652],[16.67627,48.14658],[16.67661,48.14605],[16.67746,48.14591],[16.67589,48.14488],[16.67518,48.14498],[16.67326,48.14391],[16.67276,48.1438],[16.67213,48.14324],[16.67095,48.14372],[16.67039,48.14359],[16.66933,48.1424],[16.66649,48.13859],[16.66399,48.13611],[16.663,48.13612],[16.66257,48.13588],[16.65232,48.13616],[16.6518,48.13568],[16.6517,48.1349],[16.65071,48.13284],[16.65089,48.13235],[16.65144,48.13196],[16.65178,48.13141],[16.64998,48.13169],[16.64514,48.13327],[16.64537,48.13421],[16.64326,48.13544],[16.63998,48.13662],[16.63436,48.13672],[16.63297,48.13743],[16.63248,48.13721],[16.63185,48.13761],[16.63112,48.1378],[16.62606,48.13849],[16.62296,48.1383],[16.61812,48.13858],[16.61275,48.13852],[16.60759,48.14084],[16.60645,48.14166],[16.60452,48.14267],[16.60323,48.14387],[16.60324,48.14406],[16.60132,48.1454],[16.59955,48.14646],[16.59674,48.14785],[16.58055,48.15293],[16.57819,48.15418],[16.57738,48.15552],[16.57719,48.15625],[16.57655,48.1566],[16.57599,48.15631],[16.5757,48.15598],[16.57557,48.15514],[16.57481,48.1553],[16.5745,48.15553],[16.57583,48.15698],[16.57687,48.1589],[16.57687,48.15938],[16.57635,48.161],[16.57557,48.16211],[16.57459,48.16291],[16.57318,48.16368],[16.57062,48.16425],[16.5666,48.16853],[16.56587,48.17218],[16.56172,48.17998],[16.55766,48.18135],[16.55424,48.18148],[16.55611,48.1766],[16.55515,48.17049],[16.55173,48.17222],[16.54986,48.17738],[16.54353,48.18053],[16.54162,48.18059],[16.54228,48.18185],[16.54214,48.18253],[16.54133,48.18313],[16.53911,48.18363],[16.53946,48.18538],[16.53946,48.18667],[16.54018,48.18782],[16.54022,48.1887],[16.54221,48.1908],[16.54252,48.19132],[16.54253,48.19182],[16.54109,48.19445],[16.54053,48.19498],[16.53943,48.19794],[16.53852,48.19945],[16.53763,48.20012],[16.53757,48.201],[16.53714,48.20173],[16.53635,48.20163],[16.53313,48.20284],[16.52999,48.20367],[16.52671,48.20404],[16.52618,48.20356],[16.52619,48.20264],[16.52332,48.2025],[16.52299,48.2024],[16.52265,48.20195],[16.5211,48.20167],[16.51858,48.20171],[16.51807,48.20204],[16.51623,48.20179],[16.51338,48.20064],[16.51029,48.1986],[16.50775,48.19758],[16.50674,48.19651],[16.50652,48.19523],[16.50603,48.19458],[16.50583,48.19386],[16.50459,48.19311],[16.50324,48.19276],[16.50276,48.19279],[16.50178,48.19351],[16.50188,48.19399],[16.50254,48.19473],[16.50286,48.19552],[16.50265,48.19629],[16.50176,48.19759],[16.50025,48.19809],[16.4989,48.19901],[16.49534,48.2005],[16.4924,48.20011],[16.49201,48.19986],[16.48955,48.19957],[16.48853,48.19974],[16.48579,48.19893],[16.48415,48.19863],[16.48295,48.19875],[16.48025,48.19716],[16.47953,48.19624],[16.47769,48.19642],[16.47756,48.1963],[16.4765,48.19627],[16.47601,48.19572],[16.47604,48.19545],[16.47546,48.19482],[16.47479,48.19473],[16.47448,48.1944],[16.4739,48.19415],[16.47366,48.19428],[16.47302,48.19414],[16.47245,48.19428],[16.47175,48.19417],[16.47083,48.19349],[16.47014,48.19338],[16.46944,48.19257],[16.46953,48.19175],[16.47304,48.18988],[16.47494,48.18863],[16.47629,48.18738],[16.47669,48.18719],[16.47668,48.18704],[16.47746,48.18634],[16.48893,48.1789],[16.48902,48.17859],[16.49151,48.177],[16.49223,48.17693],[16.49311,48.17727],[16.49531,48.17896],[16.49605,48.17909],[16.4987,48.18097],[16.50311,48.18181],[16.50351,48.1817],[16.51006,48.17743],[16.51255,48.17598],[16.51292,48.17548],[16.51206,48.17093],[16.51179,48.1708],[16.51148,48.16937],[16.51174,48.16882],[16.52081,48.16414],[16.5213,48.1641],[16.5217,48.16431],[16.52188,48.16468],[16.52181,48.16513],[16.52255,48.16477],[16.52319,48.16322],[16.52417,48.16161],[16.52885,48.15575],[16.53227,48.15176],[16.5324,48.15152],[16.53141,48.15085],[16.53141,48.15002],[16.53601,48.14687],[16.53058,48.14121],[16.52739,48.14298],[16.52666,48.14246],[16.52694,48.14128]]]}}, {"type":"Feature","id":111,"properties":{"_id":"6841d85241b06db84bc7fcbd","createdBy":"OPONcQnzWGOLiJSceNaf8pvx1fA2","createdAt":"2025-06-05T17:48:02.230Z","updatedBy":"OPONcQnzWGOLiJSceNaf8pvx1fA2","updatedAt":"2025-06-05T18:17:40.659Z","name":"NATIONALPARK GESÄUSE","dataIngestion":false,"type":29,"icaoClass":8,"activity":0,"onDemand":false,"onRequest":false,"byNotam":false,"specialAgreement":false,"requestCompliance":false,"country":"AT","upperLimit":{"value":999,"unit":6,"referenceDatum":2},"lowerLimit":{"value":0,"unit":1,"referenceDatum":0},"hoursOfOperation":{"operatingHours":[{"dayOfWeek":0,"startTime":"00:00","endTime":"00:00","byNotam":false,"sunrise":false,"sunset":false,"publicHolidaysExcluded":false},{"dayOfWeek":1,"startTime":"00:00","endTime":"00:00","byNotam":false,"sunrise":false,"sunset":false,"publicHolidaysExcluded":false},{"dayOfWeek":2,"startTime":"00:00","endTime":"00:00","byNotam":false,"sunrise":false,"sunset":false,"publicHolidaysExcluded":false},{"dayOfWeek":3,"startTime":"00:00","endTime":"00:00","byNotam":false,"sunrise":false,"sunset":false,"publicHolidaysExcluded":false},{"dayOfWeek":4,"startTime":"00:00","endTime":"00:00","byNotam":false,"sunrise":false,"sunset":false,"publicHolidaysExcluded":false},{"dayOfWeek":5,"startTime":"00:00","endTime":"00:00","byNotam":false,"sunrise":false,"sunset":false,"publicHolidaysExcluded":false},{"dayOfWeek":6,"startTime":"00:00","endTime":"00:00","byNotam":false,"sunrise":false,"sunset":false,"publicHolidaysExcluded":false}]},"deletable":false},"geometry":{"type":"Polygon","coordinates":[[[14.70722,47.59167],[14.70667,47.5925],[14.70778,47.59306],[14.70806,47.59361],[14.70861,47.59389],[14.70917,47.59389],[14.71194,47.595],[14.7175,47.59556],[14.72139,47.59778],[14.72417,47.59806],[14.72472,47.59833],[14.72583,47.59917],[14.72583,47.60111],[14.72639,47.60333],[14.72722,47.60528],[14.72833,47.60611],[14.72972,47.60639],[14.7325,47.60778],[14.73417,47.60833],[14.73583,47.60833],[14.73583,47.60861],[14.73833,47.60889],[14.73833,47.60917],[14.73944,47.60917],[14.73917,47.60972],[14.74,47.61056],[14.73944,47.61083],[14.74028,47.61139],[14.74139,47.61194],[14.74194,47.61194],[14.7425,47.61139],[14.7425,47.61194],[14.74333,47.61167],[14.74278,47.6125],[14.74306,47.61306],[14.74528,47.61472],[14.74556,47.61472],[14.74361,47.61556],[14.74472,47.61778],[14.74556,47.62111],[14.74333,47.62222],[14.74167,47.62361],[14.73889,47.62444],[14.73639,47.62444],[14.7325,47.62972],[14.73194,47.62972],[14.72889,47.63083],[14.72861,47.63139],[14.7175,47.63028],[14.71194,47.62889],[14.71139,47.62861],[14.71,47.62611],[14.71194,47.62361],[14.70972,47.62222],[14.70944,47.6225],[14.68389,47.62194],[14.68167,47.62278],[14.67611,47.61944],[14.6675,47.62417],[14.66083,47.62306],[14.65333,47.62472],[14.65389,47.62778],[14.64833,47.63083],[14.64278,47.62889],[14.63583,47.62889],[14.62833,47.63278],[14.62361,47.63306],[14.60444,47.62889],[14.60361,47.62583],[14.59111,47.61972],[14.57944,47.615],[14.57528,47.60528],[14.57556,47.60472],[14.57528,47.60333],[14.57639,47.60222],[14.57611,47.60139],[14.57472,47.60083],[14.57417,47.59889],[14.57389,47.59833],[14.57306,47.5975],[14.57333,47.59583],[14.57556,47.59417],[14.57667,47.59417],[14.57833,47.59333],[14.5775,47.59278],[14.57694,47.59194],[14.57667,47.59111],[14.57639,47.59083],[14.57556,47.59111],[14.575,47.59056],[14.57333,47.59056],[14.57111,47.59083],[14.56944,47.58972],[14.56667,47.58833],[14.56528,47.58833],[14.56278,47.5875],[14.55889,47.58667],[14.5575,47.58556],[14.55389,47.58556],[14.54833,47.58611],[14.54639,47.58722],[14.54639,47.58667],[14.55056,47.58472],[14.54833,47.58194],[14.54833,47.58139],[14.55111,47.58139],[14.54889,47.57972],[14.54694,47.57417],[14.54583,47.57278],[14.54583,47.57],[14.54639,47.56833],[14.54639,47.56694],[14.54083,47.56278],[14.53667,47.56056],[14.53472,47.55861],[14.52972,47.55611],[14.52806,47.55444],[14.52806,47.55333],[14.53056,47.55028],[14.545,47.54861],[14.55444,47.54611],[14.57083,47.54222],[14.5825,47.54389],[14.58306,47.54472],[14.58417,47.54472],[14.58444,47.54389],[14.58472,47.54389],[14.58472,47.54278],[14.58528,47.5425],[14.58556,47.54194],[14.58556,47.54111],[14.58583,47.54111],[14.58583,47.54194],[14.5875,47.54194],[14.58722,47.54139],[14.58778,47.54056],[14.58833,47.54111],[14.59,47.54139],[14.59028,47.54167],[14.59028,47.54194],[14.59222,47.54139],[14.59083,47.54056],[14.59111,47.54],[14.59139,47.54],[14.59167,47.54028],[14.59194,47.53972],[14.59306,47.53944],[14.5925,47.53889],[14.59306,47.53778],[14.59361,47.5375],[14.59639,47.53833],[14.59667,47.53806],[14.59806,47.53806],[14.59833,47.53861],[14.59861,47.53833],[14.59778,47.5375],[14.59806,47.53722],[14.59889,47.53722],[14.59972,47.53806],[14.6,47.53778],[14.6,47.53806],[14.6025,47.54028],[14.60472,47.54139],[14.60833,47.54611],[14.60861,47.54806],[14.61639,47.54889],[14.61778,47.54944],[14.62,47.54972],[14.62028,47.55056],[14.62028,47.55139],[14.62222,47.55167],[14.62417,47.55278],[14.62556,47.55333],[14.62861,47.55306],[14.62972,47.55333],[14.63194,47.55333],[14.63361,47.55083],[14.63444,47.55083],[14.63417,47.55056],[14.6325,47.55083],[14.63222,47.55056],[14.6325,47.54972],[14.63139,47.54861],[14.63111,47.54778],[14.63056,47.54694],[14.6375,47.54694],[14.63861,47.54667],[14.63944,47.54583],[14.64167,47.545],[14.64167,47.54889],[14.64222,47.55028],[14.64194,47.55083],[14.64139,47.55139],[14.64139,47.55194],[14.64194,47.55194],[14.64639,47.55528],[14.6475,47.55778],[14.64639,47.56111],[14.65111,47.56194],[14.65167,47.56111],[14.65333,47.56139],[14.65333,47.56111],[14.65389,47.56083],[14.655,47.56083],[14.65417,47.55861],[14.65472,47.55722],[14.65583,47.55667],[14.65694,47.55639],[14.65806,47.55639],[14.65861,47.55667],[14.66139,47.55722],[14.66194,47.55694],[14.66222,47.55583],[14.66194,47.55528],[14.66278,47.55472],[14.66278,47.55417],[14.66333,47.55333],[14.66306,47.55278],[14.66222,47.55194],[14.65833,47.55167],[14.65528,47.55194],[14.65417,47.55028],[14.64833,47.54778],[14.64806,47.54722],[14.65083,47.54722],[14.65222,47.54667],[14.6575,47.54889],[14.65861,47.54972],[14.66361,47.55139],[14.665,47.55167],[14.6675,47.54861],[14.66083,47.54722],[14.66028,47.54639],[14.65861,47.54556],[14.65833,47.545],[14.65917,47.54417],[14.65972,47.54417],[14.65972,47.54361],[14.66028,47.54333],[14.65972,47.54278],[14.65667,47.54278],[14.65583,47.5425],[14.65056,47.54222],[14.64972,47.54167],[14.64472,47.54111],[14.64361,47.54083],[14.64194,47.54083],[14.63778,47.54139],[14.63278,47.54139],[14.62861,47.54111],[14.62722,47.54083],[14.62639,47.54083],[14.625,47.53944],[14.62472,47.54083],[14.62444,47.54],[14.62444,47.53944],[14.62389,47.53972],[14.62278,47.53944],[14.62194,47.53861],[14.62111,47.53833],[14.62139,47.53806],[14.62306,47.53833],[14.62333,47.53806],[14.62472,47.53806],[14.62472,47.53778],[14.62444,47.5375],[14.62694,47.53722],[14.62944,47.53722],[14.63056,47.5375],[14.63111,47.53694],[14.63278,47.53722],[14.63472,47.53833],[14.63556,47.53833],[14.63694,47.53806],[14.63806,47.53722],[14.63917,47.53694],[14.63944,47.53639],[14.63889,47.53556],[14.63778,47.535],[14.63806,47.53444],[14.6375,47.53278],[14.63806,47.53222],[14.63889,47.53222],[14.63889,47.53111],[14.63806,47.52944],[14.63944,47.53],[14.64,47.53056],[14.64167,47.53],[14.64222,47.52889],[14.64361,47.52889],[14.64389,47.52917],[14.64389,47.52861],[14.64667,47.52889],[14.64889,47.53028],[14.65167,47.53111],[14.6525,47.53167],[14.6525,47.53194],[14.65222,47.53194],[14.65361,47.53333],[14.65444,47.53361],[14.65528,47.53444],[14.65639,47.53444],[14.6575,47.53389],[14.65889,47.53417],[14.65861,47.53278],[14.6575,47.53028],[14.65778,47.53028],[14.65778,47.53],[14.65639,47.52806],[14.65583,47.5275],[14.65667,47.52694],[14.65889,47.52667],[14.66306,47.52667],[14.66306,47.52694],[14.66833,47.52639],[14.67,47.52556],[14.66944,47.52361],[14.66833,47.52333],[14.66833,47.52306],[14.66889,47.5225],[14.67,47.52222],[14.67278,47.52056],[14.67333,47.51917],[14.675,47.51861],[14.6725,47.51722],[14.67222,47.51639],[14.67306,47.515],[14.67417,47.51444],[14.67528,47.51417],[14.67639,47.51278],[14.67833,47.51472],[14.68167,47.51722],[14.68389,47.51806],[14.68361,47.51861],[14.68333,47.52444],[14.67722,47.52528],[14.67667,47.52611],[14.67556,47.52667],[14.67472,47.52778],[14.67083,47.52806],[14.66583,47.52917],[14.66389,47.53],[14.6625,47.53],[14.66222,47.53028],[14.66167,47.53167],[14.66083,47.53278],[14.66083,47.53361],[14.66111,47.53472],[14.66083,47.535],[14.66111,47.53556],[14.66083,47.53611],[14.66194,47.53639],[14.66222,47.53694],[14.66667,47.53611],[14.66722,47.53528],[14.67306,47.53417],[14.67222,47.53667],[14.67167,47.53722],[14.67194,47.53778],[14.67278,47.53722],[14.67389,47.53528],[14.67444,47.53472],[14.675,47.53583],[14.67694,47.5375],[14.67806,47.5375],[14.67917,47.53694],[14.68083,47.53639],[14.68139,47.53667],[14.68,47.53833],[14.68,47.53917],[14.67889,47.54083],[14.67778,47.54111],[14.67611,47.54111],[14.67556,47.54194],[14.67472,47.54222],[14.67333,47.54083],[14.67194,47.54],[14.67111,47.53972],[14.67028,47.53972],[14.66778,47.54056],[14.66806,47.54111],[14.66778,47.54139],[14.66583,47.54111],[14.66556,47.54083],[14.66389,47.54167],[14.66417,47.5425],[14.66417,47.54333],[14.66361,47.54389],[14.66139,47.54444],[14.66083,47.54472],[14.66167,47.545],[14.66194,47.54556],[14.6625,47.54583],[14.6625,47.545],[14.66333,47.545],[14.66417,47.54472],[14.66472,47.54528],[14.665,47.545],[14.66444,47.54333],[14.665,47.54278],[14.66611,47.5425],[14.66611,47.54167],[14.66806,47.54167],[14.66833,47.54278],[14.66861,47.54333],[14.67,47.54333],[14.67111,47.54306],[14.67667,47.54306],[14.67694,47.54278],[14.6825,47.54389],[14.68583,47.54528],[14.6875,47.54361],[14.68972,47.54417],[14.68944,47.54278],[14.68861,47.54222],[14.68889,47.54222],[14.68639,47.54167],[14.68639,47.54139],[14.6875,47.54139],[14.68778,47.54111],[14.68694,47.54083],[14.68778,47.54028],[14.6975,47.53667],[14.69861,47.53694],[14.70611,47.5375],[14.70778,47.53861],[14.71,47.54111],[14.71278,47.54333],[14.72111,47.55056],[14.72333,47.55194],[14.72528,47.555],[14.72139,47.55972],[14.72278,47.56056],[14.72361,47.56194],[14.72306,47.56389],[14.72222,47.565],[14.71889,47.5675],[14.71361,47.56611],[14.71139,47.56694],[14.71167,47.5675],[14.7125,47.56806],[14.71194,47.56833],[14.71194,47.56889],[14.71222,47.56972],[14.7125,47.57028],[14.71306,47.57028],[14.71333,47.57056],[14.71333,47.57083],[14.71389,47.57111],[14.71444,47.57333],[14.71389,47.575],[14.71417,47.57639],[14.71194,47.57917],[14.71194,47.58306],[14.71528,47.58917],[14.71167,47.58889],[14.71028,47.58917],[14.70944,47.59028],[14.70861,47.59056],[14.70722,47.59167]]]}}, {"type":"Feature","id":112,"properties":{"_id":"6841d8da41b06db84bc80a5e","createdBy":"OPONcQnzWGOLiJSceNaf8pvx1fA2","createdAt":"2025-06-05T17:50:18.842Z","updatedBy":"OPONcQnzWGOLiJSceNaf8pvx1fA2","updatedAt":"2025-06-05T18:17:38.660Z","name":"NATIONALPARK KALKALPEN CHOR-ALPE","dataIngestion":false,"type":29,"icaoClass":8,"activity":0,"onDemand":false,"onRequest":false,"byNotam":false,"specialAgreement":false,"requestCompliance":false,"country":"AT","upperLimit":{"value":999,"unit":6,"referenceDatum":2},"lowerLimit":{"value":0,"unit":1,"referenceDatum":0},"hoursOfOperation":{"operatingHours":[{"dayOfWeek":0,"startTime":"00:00","endTime":"00:00","byNotam":false,"sunrise":false,"sunset":false,"publicHolidaysExcluded":false},{"dayOfWeek":1,"startTime":"00:00","endTime":"00:00","byNotam":false,"sunrise":false,"sunset":false,"publicHolidaysExcluded":false},{"dayOfWeek":2,"startTime":"00:00","endTime":"00:00","byNotam":false,"sunrise":false,"sunset":false,"publicHolidaysExcluded":false},{"dayOfWeek":3,"startTime":"00:00","endTime":"00:00","byNotam":false,"sunrise":false,"sunset":false,"publicHolidaysExcluded":false},{"dayOfWeek":4,"startTime":"00:00","endTime":"00:00","byNotam":false,"sunrise":false,"sunset":false,"publicHolidaysExcluded":false},{"dayOfWeek":5,"startTime":"00:00","endTime":"00:00","byNotam":false,"sunrise":false,"sunset":false,"publicHolidaysExcluded":false},{"dayOfWeek":6,"startTime":"00:00","endTime":"00:00","byNotam":false,"sunrise":false,"sunset":false,"publicHolidaysExcluded":false}]},"remarks":"Restriction only applies to para-gliders and hang-gliders.","deletable":false},"geometry":{"type":"Polygon","coordinates":[[[14.46172,47.67224],[14.46128,47.67264],[14.46041,47.67292],[14.45853,47.67251],[14.45629,47.67281],[14.45528,47.67274],[14.45492,47.67186],[14.458,47.67104],[14.4594,47.67103],[14.46008,47.6706],[14.4605,47.67069],[14.46115,47.67036],[14.46154,47.67043],[14.46203,47.67005],[14.46206,47.66914],[14.46329,47.66898],[14.46479,47.66903],[14.46604,47.66941],[14.46553,47.66993],[14.46548,47.67043],[14.46726,47.67064],[14.46732,47.67136],[14.46336,47.67118],[14.46263,47.6715],[14.46172,47.67224]]]}}, {"type":"Feature","id":113,"properties":{"_id":"6841d90841b06db84bc80d00","createdBy":"OPONcQnzWGOLiJSceNaf8pvx1fA2","createdAt":"2025-06-05T17:51:04.801Z","updatedBy":"OPONcQnzWGOLiJSceNaf8pvx1fA2","updatedAt":"2025-06-05T18:17:39.156Z","name":"NATIONALPARK KALKALPEN","dataIngestion":false,"type":29,"icaoClass":8,"activity":0,"onDemand":false,"onRequest":false,"byNotam":false,"specialAgreement":false,"requestCompliance":false,"country":"AT","upperLimit":{"value":999,"unit":6,"referenceDatum":2},"lowerLimit":{"value":0,"unit":1,"referenceDatum":0},"hoursOfOperation":{"operatingHours":[{"dayOfWeek":0,"startTime":"00:00","endTime":"00:00","byNotam":false,"sunrise":false,"sunset":false,"publicHolidaysExcluded":false},{"dayOfWeek":1,"startTime":"00:00","endTime":"00:00","byNotam":false,"sunrise":false,"sunset":false,"publicHolidaysExcluded":false},{"dayOfWeek":2,"startTime":"00:00","endTime":"00:00","byNotam":false,"sunrise":false,"sunset":false,"publicHolidaysExcluded":false},{"dayOfWeek":3,"startTime":"00:00","endTime":"00:00","byNotam":false,"sunrise":false,"sunset":false,"publicHolidaysExcluded":false},{"dayOfWeek":4,"startTime":"00:00","endTime":"00:00","byNotam":false,"sunrise":false,"sunset":false,"publicHolidaysExcluded":false},{"dayOfWeek":5,"startTime":"00:00","endTime":"00:00","byNotam":false,"sunrise":false,"sunset":false,"publicHolidaysExcluded":false},{"dayOfWeek":6,"startTime":"00:00","endTime":"00:00","byNotam":false,"sunrise":false,"sunset":false,"publicHolidaysExcluded":false}]},"remarks":"Restrictions only apply to para-gliders and hang-gliders.","deletable":false},"geometry":{"type":"Polygon","coordinates":[[[14.16762,47.80199],[14.16761,47.80145],[14.16787,47.80067],[14.16817,47.80027],[14.16825,47.79979],[14.1676,47.79848],[14.16774,47.79787],[14.16915,47.79772],[14.17026,47.7973],[14.17541,47.79697],[14.17649,47.79662],[14.17766,47.79657],[14.17828,47.79622],[14.17927,47.7952],[14.17985,47.79537],[14.18149,47.79489],[14.18201,47.7951],[14.18283,47.79457],[14.1832,47.79331],[14.18368,47.79303],[14.18386,47.79246],[14.1849,47.79185],[14.18516,47.79134],[14.18511,47.79086],[14.18475,47.79035],[14.18469,47.78988],[14.18351,47.78819],[14.18369,47.78648],[14.18406,47.78579],[14.18368,47.78484],[14.18308,47.7841],[14.18476,47.78343],[14.18503,47.78285],[14.18705,47.78197],[14.18765,47.78191],[14.18791,47.78236],[14.18949,47.78301],[14.1905,47.7831],[14.19173,47.78286],[14.19306,47.78304],[14.19362,47.78284],[14.19333,47.78272],[14.1933,47.78208],[14.1938,47.78172],[14.19437,47.78191],[14.19445,47.7823],[14.19492,47.78246],[14.19561,47.78248],[14.19611,47.78227],[14.19655,47.78246],[14.19748,47.78245],[14.19824,47.78222],[14.19865,47.78284],[14.1992,47.78318],[14.20048,47.78325],[14.20097,47.78355],[14.20203,47.78363],[14.20315,47.78411],[14.20311,47.78499],[14.2022,47.78608],[14.20285,47.78655],[14.20379,47.78709],[14.20523,47.78707],[14.20613,47.78728],[14.20794,47.78587],[14.2085,47.7845],[14.20946,47.7839],[14.20982,47.78327],[14.21054,47.78329],[14.21135,47.78247],[14.21207,47.78242],[14.21319,47.78199],[14.21456,47.7819],[14.21568,47.78131],[14.21764,47.78098],[14.21819,47.78104],[14.21898,47.78077],[14.2212,47.78071],[14.22161,47.78049],[14.22281,47.78065],[14.2235,47.78056],[14.22439,47.78082],[14.22557,47.78029],[14.22697,47.78046],[14.22771,47.78017],[14.22775,47.77977],[14.2281,47.77939],[14.22976,47.77956],[14.23086,47.77914],[14.2315,47.77866],[14.23211,47.77857],[14.23417,47.77917],[14.23519,47.77922],[14.23663,47.77887],[14.23906,47.77919],[14.23972,47.77915],[14.23986,47.7788],[14.24444,47.77767],[14.24669,47.77775],[14.24726,47.7773],[14.25018,47.77597],[14.25158,47.77585],[14.25084,47.77445],[14.25028,47.77379],[14.24966,47.77243],[14.25148,47.77202],[14.25229,47.77324],[14.25326,47.7733],[14.2547,47.77365],[14.25526,47.77356],[14.25737,47.77382],[14.25932,47.77345],[14.2598,47.7736],[14.26111,47.77358],[14.26115,47.77324],[14.26099,47.77298],[14.2601,47.77234],[14.25951,47.77116],[14.25747,47.76947],[14.25733,47.76879],[14.25682,47.76812],[14.25729,47.76623],[14.25821,47.76643],[14.25866,47.76588],[14.26019,47.76536],[14.2614,47.76569],[14.26233,47.76573],[14.26251,47.76403],[14.26323,47.76432],[14.2644,47.76365],[14.26579,47.76407],[14.26631,47.76375],[14.26948,47.76416],[14.27212,47.76341],[14.27504,47.76418],[14.27669,47.76327],[14.2777,47.7618],[14.27763,47.7613],[14.2783,47.76085],[14.27774,47.75927],[14.27833,47.75894],[14.27856,47.75847],[14.28012,47.75751],[14.28181,47.75703],[14.28125,47.75604],[14.28101,47.75057],[14.2814,47.75069],[14.28148,47.75123],[14.28243,47.7514],[14.28267,47.75124],[14.28237,47.75065],[14.28157,47.75036],[14.28158,47.75021],[14.28318,47.75004],[14.28284,47.74968],[14.28327,47.7492],[14.28532,47.74836],[14.28628,47.74814],[14.28874,47.74821],[14.29002,47.74791],[14.29023,47.74763],[14.29154,47.74767],[14.2951,47.74658],[14.29549,47.74655],[14.2966,47.7471],[14.29619,47.74633],[14.29639,47.74611],[14.29792,47.74689],[14.30116,47.74765],[14.30345,47.74882],[14.30402,47.74938],[14.30615,47.74952],[14.30728,47.74922],[14.30787,47.74889],[14.31081,47.74828],[14.31087,47.74839],[14.3076,47.75235],[14.30723,47.75236],[14.30894,47.75234],[14.31032,47.75209],[14.31142,47.75245],[14.31187,47.7533],[14.31309,47.75368],[14.3137,47.7536],[14.31424,47.75252],[14.31497,47.75295],[14.31634,47.75327],[14.31669,47.75359],[14.31674,47.75385],[14.31618,47.75445],[14.31656,47.75429],[14.31721,47.75432],[14.31818,47.75469],[14.32175,47.75219],[14.32362,47.74946],[14.32411,47.74766],[14.3202,47.74712],[14.31683,47.74347],[14.31687,47.74336],[14.31851,47.74339],[14.32455,47.7429],[14.3313,47.74797],[14.33325,47.74773],[14.33317,47.74753],[14.33333,47.74742],[14.33405,47.74754],[14.33495,47.74746],[14.33543,47.74731],[14.33456,47.74344],[14.3347,47.7408],[14.33612,47.74081],[14.34114,47.7397],[14.34591,47.7404],[14.34594,47.73936],[14.34628,47.73915],[14.34613,47.73888],[14.3467,47.73881],[14.34749,47.73845],[14.34741,47.73806],[14.34875,47.73822],[14.34885,47.73801],[14.34911,47.73794],[14.34881,47.73725],[14.34886,47.7363],[14.35059,47.73643],[14.351,47.73625],[14.35194,47.73625],[14.35322,47.73695],[14.35342,47.73736],[14.35443,47.73828],[14.35565,47.73879],[14.35679,47.73887],[14.35928,47.74006],[14.36137,47.73829],[14.36186,47.73811],[14.36248,47.73829],[14.3631,47.73797],[14.36356,47.73753],[14.36623,47.73375],[14.36733,47.73402],[14.36856,47.7351],[14.37063,47.73598],[14.3716,47.73571],[14.37554,47.73542],[14.37696,47.73614],[14.37707,47.7369],[14.37726,47.73699],[14.37886,47.73725],[14.38009,47.73717],[14.38143,47.73748],[14.38212,47.73738],[14.3845,47.73582],[14.38722,47.73513],[14.38834,47.73501],[14.38878,47.73477],[14.38824,47.73434],[14.38827,47.73405],[14.39026,47.73403],[14.39103,47.73419],[14.3947,47.73366],[14.39548,47.73335],[14.39715,47.73246],[14.398,47.73229],[14.39904,47.7303],[14.40106,47.73045],[14.40498,47.73013],[14.40802,47.72953],[14.40959,47.72955],[14.4127,47.72852],[14.41407,47.72822],[14.41769,47.72796],[14.41798,47.72823],[14.4189,47.72849],[14.42252,47.72765],[14.42322,47.72726],[14.4254,47.72702],[14.42924,47.72682],[14.43191,47.72702],[14.43493,47.72685],[14.43727,47.72637],[14.43935,47.72623],[14.4454,47.72637],[14.44681,47.72601],[14.44743,47.72647],[14.44795,47.72724],[14.45192,47.72649],[14.45246,47.72657],[14.45249,47.72675],[14.45392,47.72671],[14.4569,47.72606],[14.45715,47.7262],[14.45827,47.72606],[14.45895,47.72625],[14.45771,47.72439],[14.45676,47.7241],[14.4566,47.72369],[14.45822,47.72332],[14.45854,47.72282],[14.46051,47.72272],[14.46078,47.72212],[14.46029,47.71976],[14.45989,47.7197],[14.45776,47.71869],[14.45814,47.71785],[14.45869,47.7173],[14.45879,47.7169],[14.45947,47.7164],[14.45976,47.7159],[14.45936,47.71557],[14.45933,47.71485],[14.4589,47.7141],[14.45847,47.71375],[14.45788,47.71383],[14.45638,47.71351],[14.45469,47.71369],[14.45315,47.71361],[14.45316,47.71459],[14.45115,47.71453],[14.45139,47.7139],[14.45324,47.71274],[14.45397,47.71193],[14.45442,47.71177],[14.45557,47.71081],[14.45491,47.71049],[14.45446,47.70984],[14.45367,47.70807],[14.45374,47.70766],[14.45471,47.70685],[14.4549,47.70643],[14.45476,47.70608],[14.45388,47.70521],[14.45855,47.70347],[14.45908,47.70316],[14.45877,47.70258],[14.46034,47.70164],[14.46073,47.7018],[14.46042,47.7021],[14.46059,47.70193],[14.4614,47.70184],[14.46124,47.70112],[14.46145,47.70086],[14.46187,47.70072],[14.46175,47.70048],[14.46208,47.70032],[14.46209,47.69967],[14.46236,47.69915],[14.4626,47.69922],[14.46518,47.69837],[14.46693,47.69769],[14.4679,47.69702],[14.46752,47.69641],[14.46826,47.69473],[14.46802,47.69444],[14.46798,47.69411],[14.46837,47.69387],[14.46932,47.69367],[14.46979,47.69335],[14.46951,47.69329],[14.46904,47.69277],[14.46892,47.69292],[14.46761,47.69275],[14.46739,47.69233],[14.46686,47.69196],[14.46687,47.6917],[14.46615,47.69135],[14.46554,47.69038],[14.46518,47.69014],[14.46518,47.68985],[14.46634,47.68944],[14.46699,47.68889],[14.46868,47.68831],[14.4705,47.68715],[14.46993,47.68668],[14.46924,47.68675],[14.4685,47.68545],[14.47002,47.68448],[14.46888,47.68386],[14.46904,47.68349],[14.46967,47.68323],[14.47021,47.68334],[14.47161,47.6837],[14.47396,47.68466],[14.47476,47.6842],[14.47527,47.68365],[14.47303,47.68218],[14.47378,47.68138],[14.47419,47.68042],[14.47513,47.68064],[14.47483,47.67977],[14.47562,47.67871],[14.4747,47.67759],[14.47386,47.67709],[14.47338,47.67503],[14.47428,47.67469],[14.47439,47.67493],[14.47472,47.67509],[14.47602,47.67525],[14.47711,47.67564],[14.4778,47.67631],[14.47789,47.67675],[14.47816,47.67687],[14.47863,47.67754],[14.47907,47.67787],[14.47964,47.67803],[14.47973,47.67839],[14.48049,47.67869],[14.48082,47.67905],[14.48232,47.67972],[14.48246,47.68002],[14.48341,47.68],[14.48487,47.68087],[14.48766,47.68102],[14.48762,47.68131],[14.48789,47.68184],[14.48723,47.6817],[14.48759,47.68198],[14.4881,47.68193],[14.4886,47.6821],[14.48946,47.68196],[14.48972,47.68189],[14.48977,47.68173],[14.4903,47.68169],[14.49148,47.68122],[14.49337,47.68114],[14.4936,47.68088],[14.49443,47.68053],[14.49505,47.68062],[14.49615,47.68041],[14.49722,47.68004],[14.49747,47.67951],[14.49748,47.6791],[14.49787,47.67875],[14.49928,47.67878],[14.49839,47.67912],[14.49873,47.6799],[14.49785,47.68007],[14.49758,47.67986],[14.49713,47.68044],[14.49646,47.6807],[14.49651,47.68116],[14.49587,47.6814],[14.49563,47.68167],[14.49579,47.68244],[14.49599,47.68268],[14.49584,47.68365],[14.49596,47.68381],[14.49758,47.68364],[14.49871,47.68393],[14.50056,47.68407],[14.50062,47.68432],[14.50102,47.68442],[14.50124,47.68466],[14.50075,47.68487],[14.50085,47.68519],[14.50007,47.68577],[14.50084,47.68632],[14.50083,47.68682],[14.50117,47.68737],[14.50427,47.68611],[14.50516,47.68523],[14.50493,47.68503],[14.50672,47.68376],[14.50584,47.6815],[14.50704,47.68025],[14.5071,47.6793],[14.50743,47.67912],[14.50847,47.67892],[14.50998,47.67894],[14.51131,47.67957],[14.5124,47.67971],[14.51354,47.68072],[14.51448,47.68073],[14.51592,47.68159],[14.51707,47.68177],[14.51793,47.68341],[14.51805,47.68337],[14.51815,47.68357],[14.51934,47.68429],[14.52037,47.68462],[14.52095,47.68592],[14.52196,47.68633],[14.52217,47.68674],[14.523,47.6874],[14.52312,47.68725],[14.52355,47.6875],[14.52389,47.68865],[14.52465,47.6893],[14.52464,47.6902],[14.52515,47.69069],[14.52547,47.69148],[14.52612,47.69193],[14.52625,47.69224],[14.52654,47.69212],[14.52647,47.69253],[14.52619,47.69279],[14.52608,47.69272],[14.52581,47.69315],[14.52583,47.69381],[14.52624,47.69402],[14.52666,47.69485],[14.52733,47.69519],[14.52761,47.69557],[14.52745,47.69592],[14.52685,47.69604],[14.52661,47.69679],[14.52637,47.69703],[14.52564,47.69714],[14.52546,47.69732],[14.52519,47.69786],[14.52504,47.69883],[14.52466,47.6991],[14.52414,47.69901],[14.52376,47.69951],[14.52348,47.69951],[14.52307,47.69991],[14.52258,47.70054],[14.52263,47.70215],[14.5213,47.70332],[14.52107,47.70387],[14.52224,47.70442],[14.52244,47.7052],[14.52321,47.70554],[14.52357,47.70623],[14.52361,47.70665],[14.52342,47.7067],[14.5236,47.707],[14.52411,47.70742],[14.52526,47.70747],[14.52699,47.70827],[14.52767,47.70956],[14.52862,47.70992],[14.52895,47.71077],[14.53032,47.71125],[14.53063,47.71221],[14.53149,47.71354],[14.53195,47.71377],[14.53271,47.71383],[14.53462,47.71335],[14.53519,47.7137],[14.53642,47.71379],[14.53696,47.71368],[14.53806,47.71437],[14.53963,47.71494],[14.54065,47.71511],[14.54104,47.71551],[14.54268,47.71581],[14.54358,47.71635],[14.54492,47.71646],[14.54578,47.71731],[14.54939,47.71842],[14.5503,47.71918],[14.55074,47.71909],[14.55091,47.7193],[14.55203,47.71923],[14.5533,47.71967],[14.55442,47.71953],[14.55447,47.72033],[14.5494,47.72141],[14.54811,47.72251],[14.54617,47.72369],[14.54502,47.72492],[14.54348,47.72598],[14.54359,47.72704],[14.54311,47.72743],[14.5425,47.7274],[14.54045,47.72853],[14.53599,47.73],[14.53453,47.73163],[14.53307,47.73251],[14.53267,47.73226],[14.53268,47.73152],[14.53214,47.73113],[14.53219,47.73162],[14.53207,47.73175],[14.5316,47.73178],[14.53099,47.73235],[14.5307,47.73226],[14.53016,47.73265],[14.53064,47.73328],[14.53147,47.73366],[14.53139,47.73389],[14.53168,47.73428],[14.53153,47.73442],[14.53176,47.7349],[14.53113,47.73515],[14.53089,47.73555],[14.53028,47.73594],[14.52945,47.73924],[14.52825,47.74045],[14.52705,47.74198],[14.5269,47.74414],[14.5257,47.74611],[14.52427,47.74804],[14.51696,47.75065],[14.51347,47.75119],[14.51254,47.75202],[14.51132,47.75149],[14.5116,47.75128],[14.51188,47.75022],[14.51272,47.74971],[14.51247,47.74901],[14.51261,47.74862],[14.51316,47.74844],[14.51475,47.74693],[14.51392,47.74563],[14.51446,47.74495],[14.51466,47.74413],[14.51595,47.74351],[14.51623,47.74283],[14.51705,47.74218],[14.51662,47.74107],[14.51626,47.74086],[14.51486,47.74074],[14.51453,47.74039],[14.51481,47.74014],[14.5132,47.73975],[14.51228,47.73911],[14.51198,47.73856],[14.51137,47.73811],[14.51066,47.73952],[14.50923,47.74052],[14.50851,47.74088],[14.5047,47.74201],[14.50368,47.74363],[14.50629,47.74615],[14.50714,47.74657],[14.50746,47.74712],[14.50858,47.74779],[14.50821,47.74869],[14.50723,47.75],[14.50697,47.75107],[14.50731,47.75182],[14.50801,47.75233],[14.50943,47.75255],[14.51055,47.75335],[14.51075,47.7538],[14.51059,47.75456],[14.51009,47.75506],[14.50994,47.75544],[14.51018,47.75617],[14.51084,47.75704],[14.51114,47.75809],[14.51143,47.75856],[14.51135,47.75878],[14.50984,47.75943],[14.5118,47.76005],[14.51236,47.76093],[14.51248,47.76177],[14.51356,47.76239],[14.51348,47.7627],[14.51317,47.76288],[14.51123,47.76192],[14.50985,47.76188],[14.50872,47.76238],[14.50778,47.76321],[14.50489,47.76357],[14.50431,47.76398],[14.50419,47.76465],[14.50332,47.76556],[14.50327,47.76616],[14.50281,47.76711],[14.50215,47.76771],[14.50123,47.76896],[14.5009,47.77023],[14.49921,47.77163],[14.49909,47.77202],[14.50005,47.77279],[14.50423,47.77363],[14.50424,47.77349],[14.50545,47.77325],[14.50517,47.77296],[14.50618,47.77254],[14.50754,47.77226],[14.50794,47.77283],[14.50882,47.77341],[14.50929,47.77401],[14.5096,47.77399],[14.5096,47.7737],[14.51148,47.77317],[14.51267,47.7737],[14.51425,47.77503],[14.51525,47.77501],[14.51497,47.77557],[14.515,47.77625],[14.51455,47.77743],[14.51431,47.77794],[14.51324,47.77868],[14.51013,47.77944],[14.50986,47.77987],[14.50709,47.78203],[14.50569,47.78274],[14.50379,47.78305],[14.50289,47.78352],[14.50245,47.78216],[14.50061,47.78208],[14.49943,47.77928],[14.4988,47.77911],[14.49676,47.77905],[14.49708,47.77954],[14.49704,47.77976],[14.49651,47.78029],[14.49622,47.7809],[14.49542,47.78121],[14.49565,47.78154],[14.49506,47.78319],[14.49306,47.7837],[14.49136,47.78454],[14.49031,47.78461],[14.48824,47.78539],[14.48691,47.78549],[14.48632,47.78534],[14.48579,47.78551],[14.48524,47.78609],[14.48524,47.78717],[14.48474,47.7883],[14.48207,47.78925],[14.48084,47.79007],[14.48052,47.79064],[14.48009,47.79095],[14.48042,47.79282],[14.48063,47.79298],[14.48112,47.793],[14.48347,47.79246],[14.48568,47.79233],[14.48721,47.79588],[14.48635,47.79596],[14.48493,47.79571],[14.48306,47.79608],[14.48127,47.79753],[14.47941,47.79872],[14.47889,47.79901],[14.47787,47.79913],[14.47802,47.80067],[14.47627,47.80179],[14.47587,47.80172],[14.47542,47.80187],[14.47507,47.8023],[14.47498,47.80275],[14.4746,47.80307],[14.47458,47.80332],[14.47482,47.80361],[14.4759,47.80397],[14.47636,47.80434],[14.47689,47.80521],[14.47752,47.80586],[14.47746,47.80625],[14.47717,47.80645],[14.4762,47.80657],[14.47545,47.80637],[14.47437,47.80659],[14.47311,47.80752],[14.47282,47.80812],[14.47294,47.80927],[14.47215,47.81072],[14.47204,47.81193],[14.47118,47.8132],[14.47034,47.81363],[14.46977,47.81543],[14.4698,47.81579],[14.47064,47.81736],[14.47053,47.81869],[14.47081,47.819],[14.4709,47.81952],[14.47076,47.8199],[14.47047,47.82003],[14.47009,47.82055],[14.4701,47.82151],[14.46992,47.82202],[14.46875,47.82241],[14.46824,47.82301],[14.4694,47.82429],[14.46969,47.82494],[14.46906,47.82533],[14.46745,47.82533],[14.46603,47.82613],[14.46531,47.82624],[14.46468,47.82615],[14.46322,47.82715],[14.46217,47.82754],[14.46173,47.82787],[14.46147,47.82872],[14.46161,47.82901],[14.46257,47.82969],[14.46251,47.83046],[14.46211,47.83093],[14.46176,47.83104],[14.46011,47.83118],[14.45995,47.83187],[14.45933,47.83246],[14.46106,47.83341],[14.46147,47.83385],[14.46134,47.83462],[14.45994,47.83518],[14.46006,47.83643],[14.46041,47.83715],[14.46038,47.83762],[14.46102,47.83854],[14.46282,47.83995],[14.46415,47.84068],[14.4643,47.841],[14.46396,47.84206],[14.46323,47.84279],[14.46159,47.8437],[14.46116,47.84412],[14.45854,47.84577],[14.45774,47.84615],[14.45654,47.84618],[14.45586,47.8464],[14.45457,47.84745],[14.45449,47.84781],[14.45463,47.84807],[14.45575,47.84903],[14.45611,47.84978],[14.45647,47.85015],[14.4572,47.85052],[14.45917,47.85109],[14.45928,47.85159],[14.45913,47.852],[14.45894,47.85208],[14.45731,47.85221],[14.45734,47.85265],[14.45798,47.85388],[14.45771,47.85455],[14.45668,47.85512],[14.455,47.85521],[14.45424,47.85541],[14.45399,47.85553],[14.45388,47.85592],[14.45314,47.85572],[14.45236,47.85582],[14.45107,47.85649],[14.45013,47.85669],[14.44831,47.8562],[14.44581,47.85623],[14.4441,47.85575],[14.44037,47.8556],[14.43777,47.85411],[14.43605,47.85367],[14.4299,47.85285],[14.4288,47.85291],[14.42456,47.85236],[14.42396,47.85173],[14.42077,47.85051],[14.41908,47.85055],[14.4133,47.85185],[14.41143,47.85199],[14.40696,47.85191],[14.40575,47.85072],[14.40525,47.849],[14.40534,47.84863],[14.40489,47.84756],[14.40399,47.84641],[14.40182,47.84495],[14.40092,47.84383],[14.40046,47.84373],[14.39993,47.84337],[14.3993,47.84251],[14.39765,47.84155],[14.39815,47.84081],[14.39823,47.8403],[14.39898,47.83942],[14.3995,47.83808],[14.40021,47.83729],[14.40177,47.83672],[14.40029,47.835],[14.40027,47.83443],[14.39989,47.83395],[14.39837,47.83335],[14.39814,47.8327],[14.39738,47.83199],[14.39692,47.83129],[14.39523,47.83112],[14.39505,47.83035],[14.39462,47.82975],[14.39445,47.82906],[14.39372,47.8281],[14.39293,47.82611],[14.39301,47.82585],[14.39252,47.82499],[14.39261,47.82391],[14.39233,47.82316],[14.39212,47.82283],[14.39137,47.82229],[14.39136,47.82213],[14.3922,47.82158],[14.39732,47.82012],[14.39797,47.81949],[14.39841,47.81935],[14.39916,47.81876],[14.40035,47.81856],[14.40339,47.81767],[14.40515,47.8169],[14.40596,47.81709],[14.40675,47.81708],[14.40848,47.81645],[14.41094,47.81617],[14.41252,47.81628],[14.41315,47.81611],[14.41539,47.81513],[14.41528,47.8134],[14.41595,47.81275],[14.4188,47.81241],[14.42031,47.81276],[14.42238,47.81274],[14.42348,47.81306],[14.42355,47.81341],[14.42411,47.81399],[14.42544,47.81425],[14.42818,47.81352],[14.42906,47.81233],[14.43016,47.81184],[14.43176,47.81177],[14.43209,47.81202],[14.43235,47.81198],[14.43254,47.81162],[14.43381,47.80844],[14.43222,47.80835],[14.43175,47.80782],[14.43066,47.80747],[14.42865,47.80793],[14.4272,47.80771],[14.42483,47.8062],[14.42277,47.80526],[14.4221,47.80452],[14.42114,47.80432],[14.41975,47.80357],[14.41988,47.80335],[14.41894,47.80289],[14.41861,47.80214],[14.41761,47.80124],[14.41639,47.80082],[14.41587,47.8003],[14.41563,47.79979],[14.41535,47.80021],[14.41524,47.80078],[14.41441,47.80139],[14.41361,47.8016],[14.41094,47.80126],[14.40872,47.80124],[14.4058,47.80157],[14.40377,47.80128],[14.40052,47.80192],[14.39932,47.80251],[14.398,47.80243],[14.3965,47.80258],[14.39437,47.80213],[14.3943,47.80297],[14.39405,47.80305],[14.39045,47.80293],[14.38921,47.80326],[14.38559,47.80353],[14.38578,47.80443],[14.38553,47.80506],[14.3848,47.80575],[14.38321,47.8065],[14.38225,47.80745],[14.38165,47.80851],[14.37947,47.80914],[14.379,47.80981],[14.37839,47.81022],[14.37723,47.8106],[14.37594,47.81058],[14.37548,47.81124],[14.37392,47.81206],[14.37366,47.8124],[14.37349,47.81304],[14.37289,47.81362],[14.37128,47.81332],[14.37093,47.81311],[14.36954,47.81317],[14.36824,47.81386],[14.3661,47.81388],[14.36486,47.81417],[14.36387,47.81338],[14.36222,47.81296],[14.36156,47.81247],[14.36107,47.81241],[14.36029,47.81119],[14.3601,47.81039],[14.3595,47.81009],[14.35778,47.80819],[14.35594,47.80668],[14.3535,47.80639],[14.35118,47.80644],[14.34773,47.80581],[14.34546,47.80519],[14.34442,47.80513],[14.34304,47.80548],[14.34277,47.80488],[14.34204,47.80438],[14.34185,47.80403],[14.3412,47.80382],[14.33989,47.80399],[14.34057,47.80486],[14.34067,47.80565],[14.34047,47.80594],[14.33762,47.8064],[14.33711,47.80671],[14.337,47.80686],[14.33726,47.80738],[14.33706,47.80762],[14.33718,47.80789],[14.33676,47.80829],[14.33689,47.80851],[14.33683,47.80884],[14.33639,47.8092],[14.33599,47.80926],[14.33579,47.80953],[14.33644,47.81078],[14.33735,47.81085],[14.33846,47.81144],[14.34203,47.81232],[14.34124,47.81297],[14.3408,47.81312],[14.34008,47.81312],[14.33928,47.81283],[14.33773,47.81303],[14.33655,47.81295],[14.33523,47.81254],[14.33361,47.81255],[14.3325,47.81213],[14.33058,47.81271],[14.32973,47.81252],[14.32861,47.81259],[14.3281,47.81228],[14.32625,47.8121],[14.32415,47.81253],[14.32358,47.81227],[14.32292,47.81152],[14.32151,47.8115],[14.32143,47.81101],[14.32126,47.81088],[14.32089,47.81094],[14.32025,47.81074],[14.31871,47.81082],[14.31731,47.81039],[14.31654,47.81061],[14.31605,47.81059],[14.31552,47.81035],[14.31507,47.80967],[14.31434,47.80934],[14.31317,47.80916],[14.31178,47.80864],[14.3105,47.80793],[14.30956,47.80811],[14.30897,47.80773],[14.30838,47.80781],[14.3078,47.80756],[14.30709,47.80702],[14.30702,47.80542],[14.30577,47.80466],[14.30558,47.80436],[14.30513,47.80429],[14.3049,47.80371],[14.30398,47.80365],[14.30221,47.80372],[14.30167,47.80407],[14.30008,47.80574],[14.29839,47.80586],[14.29754,47.80621],[14.2971,47.80675],[14.29681,47.80746],[14.29578,47.80828],[14.29408,47.80862],[14.2929,47.80908],[14.29161,47.80888],[14.29077,47.80841],[14.28882,47.80823],[14.28673,47.80758],[14.28447,47.80858],[14.28253,47.80867],[14.28113,47.8093],[14.28016,47.80897],[14.27893,47.809],[14.27853,47.80927],[14.27513,47.81022],[14.27464,47.81052],[14.27064,47.809],[14.27061,47.80882],[14.27193,47.80815],[14.27113,47.8076],[14.27123,47.80721],[14.27158,47.80686],[14.27148,47.80664],[14.2716,47.80638],[14.27217,47.80598],[14.27277,47.80583],[14.27284,47.8056],[14.27378,47.80497],[14.27492,47.80465],[14.27532,47.8043],[14.27941,47.80357],[14.28017,47.80281],[14.28186,47.80244],[14.28356,47.80185],[14.28436,47.8008],[14.28397,47.80005],[14.28209,47.80002],[14.28164,47.80023],[14.28073,47.8002],[14.27971,47.79991],[14.28065,47.7991],[14.28061,47.79872],[14.28015,47.79828],[14.28079,47.79763],[14.28077,47.79717],[14.28052,47.79686],[14.28037,47.79547],[14.279,47.79638],[14.27445,47.79653],[14.27391,47.79367],[14.27271,47.79337],[14.27179,47.79281],[14.27056,47.79349],[14.27037,47.79402],[14.26916,47.79449],[14.26803,47.79521],[14.26775,47.79596],[14.26779,47.79668],[14.26505,47.79901],[14.26454,47.8001],[14.26249,47.80336],[14.26079,47.80464],[14.25868,47.80548],[14.25415,47.8064],[14.25338,47.80682],[14.25138,47.80626],[14.25114,47.80694],[14.25027,47.80752],[14.2504,47.80866],[14.25135,47.80917],[14.25316,47.8095],[14.2549,47.81044],[14.2563,47.81068],[14.25627,47.81101],[14.25588,47.81125],[14.25472,47.81167],[14.25402,47.81222],[14.25277,47.81267],[14.25069,47.81291],[14.25029,47.81278],[14.2441,47.81455],[14.24159,47.81479],[14.24115,47.81431],[14.23764,47.81237],[14.23721,47.81347],[14.23588,47.81491],[14.23524,47.81611],[14.23431,47.81645],[14.23215,47.81683],[14.23,47.81611],[14.22914,47.81603],[14.22713,47.81523],[14.22693,47.81456],[14.22645,47.81404],[14.22668,47.81366],[14.22593,47.81322],[14.22494,47.81212],[14.2255,47.81141],[14.22508,47.81063],[14.22417,47.80991],[14.2225,47.80926],[14.22289,47.80943],[14.22356,47.81017],[14.22351,47.81186],[14.22419,47.81346],[14.22327,47.81259],[14.22254,47.81252],[14.22009,47.81405],[14.21905,47.81493],[14.21744,47.8154],[14.21491,47.81503],[14.21281,47.81402],[14.21188,47.81409],[14.21162,47.8143],[14.21221,47.81646],[14.21091,47.81734],[14.20789,47.81723],[14.2073,47.81745],[14.20645,47.81751],[14.20577,47.81783],[14.20469,47.81744],[14.20368,47.81757],[14.2031,47.81788],[14.20221,47.81793],[14.19931,47.81883],[14.19616,47.8193],[14.1952,47.82022],[14.19342,47.82069],[14.19323,47.82064],[14.1932,47.82031],[14.19364,47.81976],[14.19375,47.81867],[14.19354,47.81828],[14.1929,47.8177],[14.1897,47.81598],[14.18765,47.81628],[14.18625,47.81625],[14.18361,47.81579],[14.18164,47.81614],[14.18017,47.81609],[14.17706,47.81588],[14.17211,47.81484],[14.1717,47.81309],[14.17007,47.81194],[14.16848,47.81155],[14.16773,47.81111],[14.16753,47.81028],[14.16808,47.80994],[14.16789,47.80949],[14.16794,47.80916],[14.16745,47.80867],[14.16742,47.80809],[14.16783,47.80708],[14.16748,47.80425],[14.16762,47.80199]]]}}, {"type":"Feature","id":114,"properties":{"_id":"6841df1e74982bc297430dbf","createdBy":"OPONcQnzWGOLiJSceNaf8pvx1fA2","createdAt":"2025-06-05T18:17:02.289Z","updatedBy":"OPONcQnzWGOLiJSceNaf8pvx1fA2","updatedAt":"2025-06-05T18:17:38.856Z","name":"WILDNISGEBIET SULZBACHTAELER","dataIngestion":false,"type":29,"icaoClass":8,"activity":0,"onDemand":false,"onRequest":false,"byNotam":false,"specialAgreement":false,"requestCompliance":false,"country":"AT","upperLimit":{"value":999,"unit":6,"referenceDatum":2},"lowerLimit":{"value":0,"unit":1,"referenceDatum":0},"hoursOfOperation":{"operatingHours":[{"dayOfWeek":0,"startTime":"00:00","endTime":"00:00","byNotam":false,"sunrise":false,"sunset":false,"publicHolidaysExcluded":false},{"dayOfWeek":1,"startTime":"00:00","endTime":"00:00","byNotam":false,"sunrise":false,"sunset":false,"publicHolidaysExcluded":false},{"dayOfWeek":2,"startTime":"00:00","endTime":"00:00","byNotam":false,"sunrise":false,"sunset":false,"publicHolidaysExcluded":false},{"dayOfWeek":3,"startTime":"00:00","endTime":"00:00","byNotam":false,"sunrise":false,"sunset":false,"publicHolidaysExcluded":false},{"dayOfWeek":4,"startTime":"00:00","endTime":"00:00","byNotam":false,"sunrise":false,"sunset":false,"publicHolidaysExcluded":false},{"dayOfWeek":5,"startTime":"00:00","endTime":"00:00","byNotam":false,"sunrise":false,"sunset":false,"publicHolidaysExcluded":false},{"dayOfWeek":6,"startTime":"00:00","endTime":"00:00","byNotam":false,"sunrise":false,"sunset":false,"publicHolidaysExcluded":false}]},"remarks":"All aerial activities forbidden.","deletable":true},"geometry":{"type":"Polygon","coordinates":[[[12.31234,47.2066],[12.31195,47.20712],[12.30385,47.20468],[12.29935,47.20487],[12.29647,47.20332],[12.29652,47.20314],[12.29486,47.20244],[12.29861,47.19512],[12.2992,47.19462],[12.30022,47.19108],[12.30294,47.18904],[12.3058,47.18535],[12.30785,47.18505],[12.31279,47.18291],[12.31702,47.17609],[12.31174,47.17468],[12.30994,47.17756],[12.30946,47.17856],[12.30768,47.17942],[12.30506,47.18279],[12.30393,47.18481],[12.30376,47.18496],[12.30285,47.18477],[12.30071,47.18533],[12.29643,47.1885],[12.29372,47.19207],[12.29302,47.19205],[12.28878,47.19061],[12.2853,47.18877],[12.28246,47.18588],[12.28285,47.18509],[12.28253,47.1844],[12.28187,47.18496],[12.28033,47.18585],[12.27983,47.18646],[12.28317,47.17734],[12.26923,47.18151],[12.27249,47.17371],[12.27066,47.17372],[12.2679,47.17321],[12.26962,47.17077],[12.27058,47.16815],[12.27263,47.1648],[12.27597,47.16567],[12.27615,47.16495],[12.27516,47.16346],[12.27595,47.16315],[12.2763,47.16233],[12.27573,47.1618],[12.27594,47.16101],[12.27765,47.15867],[12.27888,47.15288],[12.27841,47.15047],[12.27709,47.1494],[12.28035,47.1409],[12.28344,47.13872],[12.28271,47.13787],[12.28543,47.13433],[12.28779,47.13241],[12.2913,47.13],[12.30082,47.12402],[12.30367,47.12496],[12.30453,47.12556],[12.30511,47.12625],[12.306,47.12672],[12.31053,47.12687],[12.31081,47.12667],[12.31025,47.12613],[12.30708,47.12458],[12.30519,47.12343],[12.30179,47.12011],[12.30001,47.11881],[12.29903,47.11818],[12.29776,47.1188],[12.29599,47.11937],[12.29452,47.11953],[12.29423,47.11943],[12.29439,47.1183],[12.2936,47.11873],[12.29134,47.12104],[12.28893,47.12249],[12.28482,47.12374],[12.28338,47.12526],[12.28095,47.12718],[12.27992,47.12764],[12.27817,47.12748],[12.27472,47.13023],[12.27033,47.12868],[12.26237,47.13058],[12.25813,47.13635],[12.26168,47.14152],[12.26483,47.14181],[12.26632,47.14255],[12.26694,47.14262],[12.26873,47.14335],[12.26668,47.14644],[12.26177,47.15447],[12.26172,47.15714],[12.26245,47.15971],[12.2623,47.15979],[12.25948,47.1591],[12.25888,47.15949],[12.25764,47.15899],[12.25599,47.1591],[12.25476,47.15867],[12.25453,47.15895],[12.25406,47.15909],[12.24929,47.15811],[12.24819,47.15716],[12.24665,47.15645],[12.2464,47.15562],[12.24405,47.15425],[12.24383,47.15372],[12.24325,47.1534],[12.24137,47.15315],[12.24072,47.15293],[12.23983,47.15225],[12.23955,47.15068],[12.23757,47.15174],[12.2307,47.14946],[12.22166,47.14439],[12.22139,47.14156],[12.2359,47.13208],[12.24311,47.1229],[12.25536,47.11473],[12.26646,47.10559],[12.28378,47.09255],[12.30863,47.09314],[12.31045,47.1005],[12.31314,47.10292],[12.32079,47.10563],[12.32541,47.10744],[12.33133,47.10807],[12.33862,47.10829],[12.34562,47.10927],[12.35869,47.1168],[12.36327,47.14138],[12.3551,47.15437],[12.34739,47.16729],[12.34197,47.17027],[12.33285,47.17321],[12.33113,47.17446],[12.32865,47.17677],[12.32656,47.1825],[12.3212,47.19457],[12.31473,47.19975],[12.31234,47.2066]]]}}, {"type":"Feature","id":115,"properties":{"_id":"68428e9cabdf33f4484a6d14","createdBy":"OPONcQnzWGOLiJSceNaf8pvx1fA2","createdAt":"2025-06-06T06:45:48.194Z","updatedBy":"OPONcQnzWGOLiJSceNaf8pvx1fA2","updatedAt":"2025-06-06T07:06:22.903Z","name":"NATIONALPARK HOHE TAUERN AUSSENZONE K1","dataIngestion":true,"type":29,"icaoClass":8,"activity":0,"onDemand":false,"onRequest":false,"byNotam":false,"specialAgreement":false,"requestCompliance":false,"country":"AT","upperLimit":{"value":16400,"unit":1,"referenceDatum":1},"lowerLimit":{"value":0,"unit":1,"referenceDatum":0},"hoursOfOperation":{"operatingHours":[{"dayOfWeek":0,"startTime":"00:00","endTime":"00:00","byNotam":false,"sunrise":false,"sunset":false,"publicHolidaysExcluded":false},{"dayOfWeek":1,"startTime":"00:00","endTime":"00:00","byNotam":false,"sunrise":false,"sunset":false,"publicHolidaysExcluded":false},{"dayOfWeek":2,"startTime":"00:00","endTime":"00:00","byNotam":false,"sunrise":false,"sunset":false,"publicHolidaysExcluded":false},{"dayOfWeek":3,"startTime":"00:00","endTime":"00:00","byNotam":false,"sunrise":false,"sunset":false,"publicHolidaysExcluded":false},{"dayOfWeek":4,"startTime":"00:00","endTime":"00:00","byNotam":false,"sunrise":false,"sunset":false,"publicHolidaysExcluded":false},{"dayOfWeek":5,"startTime":"00:00","endTime":"00:00","byNotam":false,"sunrise":false,"sunset":false,"publicHolidaysExcluded":false},{"dayOfWeek":6,"startTime":"00:00","endTime":"00:00","byNotam":false,"sunrise":false,"sunset":false,"publicHolidaysExcluded":false}]},"remarks":"Motorized aircrafts below an altitude of 5000 m (16400 ft) not permitted.\nTake-off or landing with non-motorized aerial devices or aircraft that can be operated independently in flight is prohibited.\nThis includes hang- and paragliding, whereby the overflight is allowed.","deletable":false},"geometry":{"type":"Polygon","coordinates":[[[12.83732,46.98986],[12.83813,46.98936],[12.83813,46.98873],[12.83919,46.98858],[12.83986,46.98777],[12.84189,46.98773],[12.84419,46.98812],[12.84502,46.98882],[12.84437,46.98947],[12.84415,46.99068],[12.84546,46.99232],[12.84641,46.99155],[12.84714,46.99213],[12.84708,46.99224],[12.84836,46.99304],[12.84935,46.99271],[12.84977,46.99176],[12.84999,46.99167],[12.8508,46.9918],[12.85083,46.99203],[12.852,46.99215],[12.85232,46.99256],[12.85281,46.99261],[12.85301,46.99279],[12.85415,46.99299],[12.85603,46.99248],[12.85612,46.9928],[12.8566,46.99265],[12.85712,46.99298],[12.8571,46.99315],[12.85636,46.99375],[12.85579,46.9938],[12.85317,46.99635],[12.85207,46.99616],[12.85085,46.99554],[12.85069,46.99579],[12.84958,46.99601],[12.84872,46.99604],[12.84836,46.99588],[12.84798,46.99635],[12.84813,46.99679],[12.85189,46.9982],[12.85409,46.99746],[12.85541,46.99815],[12.85862,46.99779],[12.86019,46.99806],[12.8621,46.99867],[12.86239,46.99859],[12.86308,46.99891],[12.86502,46.99876],[12.86534,46.99918],[12.86596,46.999],[12.87169,46.99864],[12.87054,46.99966],[12.87011,47.00034],[12.87013,47.00077],[12.87062,47.00088],[12.87111,47.00125],[12.87151,47.00193],[12.87183,47.0021],[12.87173,47.00252],[12.87195,47.00252],[12.8704,47.00355],[12.86906,47.00414],[12.86453,47.01158],[12.86075,47.01573],[12.84602,47.02759],[12.83975,47.03343],[12.83403,47.0364],[12.82617,47.03762],[12.82464,47.03761],[12.82339,47.0378],[12.82338,47.03797],[12.82246,47.03848],[12.81765,47.04347],[12.81427,47.04343],[12.81325,47.04368],[12.8117,47.04362],[12.81116,47.04346],[12.81089,47.04312],[12.81159,47.04252],[12.81156,47.04203],[12.81129,47.04185],[12.80823,47.0417],[12.80458,47.04111],[12.80509,47.0424],[12.80545,47.04395],[12.80667,47.04536],[12.80393,47.04599],[12.80208,47.04542],[12.79833,47.04504],[12.79926,47.04663],[12.79539,47.05002],[12.79013,47.0531],[12.78924,47.05412],[12.7873,47.05343],[12.78543,47.05245],[12.78498,47.05199],[12.78328,47.05093],[12.78325,47.04972],[12.7811,47.04824],[12.77982,47.04786],[12.77711,47.04799],[12.77691,47.04145],[12.77743,47.04154],[12.77863,47.03799],[12.77752,47.0377],[12.77703,47.03705],[12.77528,47.03665],[12.77176,47.03826],[12.77142,47.03619],[12.75891,47.03293],[12.76062,47.02741],[12.76645,47.02625],[12.76698,47.02327],[12.76915,47.0247],[12.77134,47.02529],[12.77384,47.02572],[12.77708,47.0255],[12.77994,47.02487],[12.78136,47.02471],[12.78209,47.02483],[12.78365,47.0246],[12.78793,47.02355],[12.78735,47.02199],[12.78734,47.02135],[12.78647,47.02074],[12.78636,47.01952],[12.78534,47.0189],[12.7882,47.01702],[12.79022,47.01593],[12.79173,47.0144],[12.79271,47.01402],[12.79647,47.01517],[12.79928,47.0157],[12.81094,47.02668],[12.81193,47.02576],[12.81195,47.02505],[12.81086,47.02426],[12.80997,47.02223],[12.80898,47.02076],[12.81018,47.01882],[12.81031,47.01821],[12.8124,47.01716],[12.81285,47.01477],[12.81566,47.01347],[12.81886,47.01268],[12.82245,47.01282],[12.82599,47.0134],[12.82813,47.01351],[12.82481,47.01649],[12.82394,47.01699],[12.82432,47.01877],[12.82598,47.01953],[12.82527,47.01998],[12.82475,47.02117],[12.82522,47.02176],[12.82676,47.02219],[12.82712,47.0226],[12.82818,47.02226],[12.82905,47.02223],[12.82933,47.02235],[12.82936,47.02268],[12.82992,47.02276],[12.82947,47.02324],[12.82956,47.0242],[12.83011,47.02441],[12.82889,47.02452],[12.8282,47.02544],[12.8283,47.0259],[12.82869,47.02627],[12.82927,47.02755],[12.82933,47.02877],[12.83081,47.02895],[12.83224,47.02949],[12.83258,47.02979],[12.83394,47.02843],[12.83514,47.03014],[12.84549,47.0237],[12.84388,47.02272],[12.84761,47.0216],[12.8384,47.01818],[12.83813,47.01707],[12.83863,47.01584],[12.83876,47.01405],[12.83865,47.01284],[12.83877,47.01226],[12.83787,47.01219],[12.83729,47.01124],[12.82931,47.01073],[12.82991,47.01024],[12.83277,47.00933],[12.83245,47.00862],[12.83366,47.00823],[12.83469,47.00624],[12.83369,47.00528],[12.83473,47.00365],[12.83643,47.00335],[12.83778,47.00347],[12.84066,47.00435],[12.84266,47.00529],[12.84566,47.00806],[12.84668,47.00827],[12.84908,47.0073],[12.85085,47.00631],[12.85189,47.00528],[12.8522,47.0057],[12.8536,47.00641],[12.85402,47.00608],[12.85606,47.00532],[12.85647,47.00431],[12.85749,47.00339],[12.85733,47.00305],[12.85714,47.00299],[12.85546,47.00312],[12.85606,47.00218],[12.85614,47.0012],[12.85347,47.00122],[12.85351,47.00098],[12.8528,47.00156],[12.85182,47.00104],[12.85219,47.00053],[12.85335,46.9998],[12.85145,46.99875],[12.85099,46.99884],[12.85048,46.99932],[12.84988,46.99947],[12.84808,46.99882],[12.84745,46.99889],[12.84689,46.99842],[12.84564,46.9981],[12.84513,46.99837],[12.84512,46.99852],[12.84497,46.99844],[12.84458,46.99865],[12.84387,46.99849],[12.84366,46.99871],[12.84243,46.99868],[12.84295,46.99798],[12.84433,46.99685],[12.84369,46.99574],[12.84358,46.99448],[12.84339,46.99442],[12.84219,46.99219],[12.84082,46.99011],[12.83732,46.98986]]]}}, {"type":"Feature","id":116,"properties":{"_id":"68428e9cabdf33f4484a6d19","createdBy":"OPONcQnzWGOLiJSceNaf8pvx1fA2","createdAt":"2025-06-06T06:45:48.297Z","updatedBy":"OPONcQnzWGOLiJSceNaf8pvx1fA2","updatedAt":"2025-06-06T07:06:23.308Z","name":"NATIONALPARK HOHE TAUERN AUSSENZONE K10","dataIngestion":true,"type":29,"icaoClass":8,"activity":0,"onDemand":false,"onRequest":false,"byNotam":false,"specialAgreement":false,"requestCompliance":false,"country":"AT","upperLimit":{"value":16400,"unit":1,"referenceDatum":1},"lowerLimit":{"value":0,"unit":1,"referenceDatum":0},"hoursOfOperation":{"operatingHours":[{"dayOfWeek":0,"startTime":"00:00","endTime":"00:00","byNotam":false,"sunrise":false,"sunset":false,"publicHolidaysExcluded":false},{"dayOfWeek":1,"startTime":"00:00","endTime":"00:00","byNotam":false,"sunrise":false,"sunset":false,"publicHolidaysExcluded":false},{"dayOfWeek":2,"startTime":"00:00","endTime":"00:00","byNotam":false,"sunrise":false,"sunset":false,"publicHolidaysExcluded":false},{"dayOfWeek":3,"startTime":"00:00","endTime":"00:00","byNotam":false,"sunrise":false,"sunset":false,"publicHolidaysExcluded":false},{"dayOfWeek":4,"startTime":"00:00","endTime":"00:00","byNotam":false,"sunrise":false,"sunset":false,"publicHolidaysExcluded":false},{"dayOfWeek":5,"startTime":"00:00","endTime":"00:00","byNotam":false,"sunrise":false,"sunset":false,"publicHolidaysExcluded":false},{"dayOfWeek":6,"startTime":"00:00","endTime":"00:00","byNotam":false,"sunrise":false,"sunset":false,"publicHolidaysExcluded":false}]},"remarks":"Motorized aircrafts below an altitude of 5000 m (16400 ft) not permitted.\nTake-off or landing with non-motorized aerial devices or aircraft that can be operated independently in flight is prohibited.\nThis includes hang- and paragliding, whereby the overflight is allowed.","deletable":false},"geometry":{"type":"Polygon","coordinates":[[[12.83612,46.98901],[12.83258,46.98398],[12.82775,46.98319],[12.82674,46.98192],[12.82402,46.9821],[12.82327,46.98003],[12.81993,46.97955],[12.81834,46.97711],[12.81526,46.97644],[12.81341,46.97516],[12.81177,46.97361],[12.81177,46.97317],[12.81356,46.97286],[12.81576,46.97203],[12.81622,46.97183],[12.81622,46.9714],[12.81509,46.97089],[12.81401,46.97072],[12.8121,46.96997],[12.81168,46.96931],[12.81137,46.9691],[12.81015,46.96901],[12.80994,46.96848],[12.80899,46.9683],[12.80937,46.96787],[12.80943,46.96744],[12.80757,46.96703],[12.80948,46.96655],[12.8113,46.96563],[12.81746,46.9698],[12.82026,46.97142],[12.82077,46.97194],[12.82244,46.9727],[12.82361,46.97238],[12.82455,46.97176],[12.82765,46.97391],[12.82759,46.97509],[12.82812,46.9762],[12.82785,46.97645],[12.82821,46.97619],[12.82805,46.97485],[12.82862,46.9745],[12.8353,46.97701],[12.83927,46.97516],[12.8435,46.97813],[12.84371,46.97775],[12.84334,46.97675],[12.842,46.97427],[12.84209,46.97367],[12.84286,46.97303],[12.84283,46.97241],[12.844,46.97032],[12.84407,46.96845],[12.846,46.96928],[12.85261,46.96872],[12.85996,46.96597],[12.86237,46.96362],[12.86236,46.96234],[12.8605,46.95985],[12.85336,46.96061],[12.85346,46.95855],[12.84905,46.95756],[12.85124,46.95494],[12.86343,46.95216],[12.86515,46.95294],[12.86812,46.95103],[12.87129,46.95243],[12.87286,46.95372],[12.87583,46.95721],[12.87612,46.95737],[12.87602,46.95763],[12.87669,46.95822],[12.87655,46.9583],[12.87607,46.96117],[12.87675,46.96167],[12.87561,46.96468],[12.87587,46.96485],[12.87661,46.96469],[12.87692,46.96546],[12.8767,46.96586],[12.87644,46.9659],[12.87608,46.96663],[12.87528,46.96747],[12.87511,46.96785],[12.87373,46.96856],[12.8735,46.96835],[12.8724,46.96811],[12.87185,46.96818],[12.87139,46.96874],[12.87026,46.96954],[12.87004,46.96951],[12.87005,46.96919],[12.8699,46.96919],[12.86941,46.9695],[12.86767,46.96978],[12.8669,46.96916],[12.86672,46.96917],[12.86664,46.96895],[12.86498,46.96846],[12.86473,46.9682],[12.86379,46.9681],[12.86324,46.96833],[12.86045,46.96722],[12.85994,46.97049],[12.86008,46.97124],[12.85987,46.97219],[12.8615,46.97197],[12.8619,46.97286],[12.86233,46.973],[12.86277,46.97293],[12.863,46.97356],[12.86327,46.97371],[12.86355,46.97466],[12.86319,46.97537],[12.8629,46.97556],[12.86156,46.97589],[12.86153,46.97563],[12.86112,46.97567],[12.85971,46.97647],[12.85949,46.97675],[12.85844,46.97628],[12.85808,46.97644],[12.85732,46.97644],[12.85679,46.97617],[12.85628,46.97561],[12.85581,46.97561],[12.8554,46.97536],[12.85542,46.97488],[12.85575,46.97457],[12.85545,46.97438],[12.85563,46.97399],[12.85546,46.97378],[12.85427,46.97381],[12.85054,46.97518],[12.84618,46.97576],[12.84554,46.97676],[12.84526,46.97766],[12.84474,46.97838],[12.84317,46.97965],[12.84231,46.97962],[12.83732,46.98986],[12.83612,46.98901]]]}}, {"type":"Feature","id":117,"properties":{"_id":"68428e9cabdf33f4484a6d1c","createdBy":"OPONcQnzWGOLiJSceNaf8pvx1fA2","createdAt":"2025-06-06T06:45:48.318Z","updatedBy":"OPONcQnzWGOLiJSceNaf8pvx1fA2","updatedAt":"2025-06-06T07:06:23.280Z","name":"NATIONALPARK HOHE TAUERN AUSSENZONE K11","dataIngestion":true,"type":29,"icaoClass":8,"activity":0,"onDemand":false,"onRequest":false,"byNotam":false,"specialAgreement":false,"requestCompliance":false,"country":"AT","upperLimit":{"value":16400,"unit":1,"referenceDatum":1},"lowerLimit":{"value":0,"unit":1,"referenceDatum":0},"hoursOfOperation":{"operatingHours":[{"dayOfWeek":0,"startTime":"00:00","endTime":"00:00","byNotam":false,"sunrise":false,"sunset":false,"publicHolidaysExcluded":false},{"dayOfWeek":1,"startTime":"00:00","endTime":"00:00","byNotam":false,"sunrise":false,"sunset":false,"publicHolidaysExcluded":false},{"dayOfWeek":2,"startTime":"00:00","endTime":"00:00","byNotam":false,"sunrise":false,"sunset":false,"publicHolidaysExcluded":false},{"dayOfWeek":3,"startTime":"00:00","endTime":"00:00","byNotam":false,"sunrise":false,"sunset":false,"publicHolidaysExcluded":false},{"dayOfWeek":4,"startTime":"00:00","endTime":"00:00","byNotam":false,"sunrise":false,"sunset":false,"publicHolidaysExcluded":false},{"dayOfWeek":5,"startTime":"00:00","endTime":"00:00","byNotam":false,"sunrise":false,"sunset":false,"publicHolidaysExcluded":false},{"dayOfWeek":6,"startTime":"00:00","endTime":"00:00","byNotam":false,"sunrise":false,"sunset":false,"publicHolidaysExcluded":false}]},"remarks":"Motorized aircrafts below an altitude of 5000 m (16400 ft) not permitted.\nTake-off or landing with non-motorized aerial devices or aircraft that can be operated independently in flight is prohibited.\nThis includes hang- and paragliding, whereby the overflight is allowed.","deletable":false},"geometry":{"type":"Polygon","coordinates":[[[12.87068,47.08184],[12.86528,47.08073],[12.86224,47.07886],[12.86028,47.07698],[12.8607,47.07406],[12.86075,47.07111],[12.86175,47.06951],[12.86185,47.0683],[12.86193,47.06701],[12.86111,47.06661],[12.87744,47.06884],[12.87827,47.06824],[12.87841,47.06783],[12.88,47.06754],[12.88039,47.06717],[12.88019,47.06683],[12.88041,47.06634],[12.88085,47.0661],[12.88164,47.06615],[12.89301,47.06448],[12.89651,47.06363],[12.91142,47.06341],[12.90707,47.06959],[12.9072,47.07159],[12.90162,47.07422],[12.87881,47.07321],[12.877,47.07344],[12.87789,47.07437],[12.87628,47.07429],[12.87155,47.08202],[12.87068,47.08184]]]}}, {"type":"Feature","id":118,"properties":{"_id":"68428e9cabdf33f4484a6d21","createdBy":"OPONcQnzWGOLiJSceNaf8pvx1fA2","createdAt":"2025-06-06T06:45:48.330Z","updatedBy":"OPONcQnzWGOLiJSceNaf8pvx1fA2","updatedAt":"2025-06-06T07:06:23.329Z","name":"NATIONALPARK HOHE TAUERN AUSSENZONE K12","dataIngestion":true,"type":29,"icaoClass":8,"activity":0,"onDemand":false,"onRequest":false,"byNotam":false,"specialAgreement":false,"requestCompliance":false,"country":"AT","upperLimit":{"value":16400,"unit":1,"referenceDatum":1},"lowerLimit":{"value":0,"unit":1,"referenceDatum":0},"hoursOfOperation":{"operatingHours":[{"dayOfWeek":0,"startTime":"00:00","endTime":"00:00","byNotam":false,"sunrise":false,"sunset":false,"publicHolidaysExcluded":false},{"dayOfWeek":1,"startTime":"00:00","endTime":"00:00","byNotam":false,"sunrise":false,"sunset":false,"publicHolidaysExcluded":false},{"dayOfWeek":2,"startTime":"00:00","endTime":"00:00","byNotam":false,"sunrise":false,"sunset":false,"publicHolidaysExcluded":false},{"dayOfWeek":3,"startTime":"00:00","endTime":"00:00","byNotam":false,"sunrise":false,"sunset":false,"publicHolidaysExcluded":false},{"dayOfWeek":4,"startTime":"00:00","endTime":"00:00","byNotam":false,"sunrise":false,"sunset":false,"publicHolidaysExcluded":false},{"dayOfWeek":5,"startTime":"00:00","endTime":"00:00","byNotam":false,"sunrise":false,"sunset":false,"publicHolidaysExcluded":false},{"dayOfWeek":6,"startTime":"00:00","endTime":"00:00","byNotam":false,"sunrise":false,"sunset":false,"publicHolidaysExcluded":false}]},"remarks":"Motorized aircrafts below an altitude of 5000 m (16400 ft) not permitted.\nTake-off or landing with non-motorized aerial devices or aircraft that can be operated independently in flight is prohibited.\nThis includes hang- and paragliding, whereby the overflight is allowed.","deletable":false},"geometry":{"type":"Polygon","coordinates":[[[12.96887,47.0145],[12.96888,47.01556],[12.96924,47.01639],[12.95167,47.01195],[12.95134,47.00633],[12.95115,47.0057],[12.95126,47.00515],[12.95226,47.00452],[12.95318,47.00369],[12.95435,47.00301],[12.95558,47.00245],[12.95611,47.00271],[12.95734,47.00215],[12.9583,46.99767],[12.97221,46.99937],[12.97189,46.99949],[12.97185,47.00048],[12.97157,47.00095],[12.97382,47.00306],[12.97387,47.00358],[12.97344,47.00533],[12.97315,47.0079],[12.97362,47.01053],[12.97486,47.01323],[12.97539,47.01379],[12.96924,47.01377],[12.96887,47.0145]]]}}, {"type":"Feature","id":119,"properties":{"_id":"68428e9cabdf33f4484a6d26","createdBy":"OPONcQnzWGOLiJSceNaf8pvx1fA2","createdAt":"2025-06-06T06:45:48.346Z","updatedBy":"OPONcQnzWGOLiJSceNaf8pvx1fA2","updatedAt":"2025-06-06T07:06:23.392Z","name":"NATIONALPARK HOHE TAUERN AUSSENZONE K13","dataIngestion":true,"type":29,"icaoClass":8,"activity":0,"onDemand":false,"onRequest":false,"byNotam":false,"specialAgreement":false,"requestCompliance":false,"country":"AT","upperLimit":{"value":16400,"unit":1,"referenceDatum":1},"lowerLimit":{"value":0,"unit":1,"referenceDatum":0},"hoursOfOperation":{"operatingHours":[{"dayOfWeek":0,"startTime":"00:00","endTime":"00:00","byNotam":false,"sunrise":false,"sunset":false,"publicHolidaysExcluded":false},{"dayOfWeek":1,"startTime":"00:00","endTime":"00:00","byNotam":false,"sunrise":false,"sunset":false,"publicHolidaysExcluded":false},{"dayOfWeek":2,"startTime":"00:00","endTime":"00:00","byNotam":false,"sunrise":false,"sunset":false,"publicHolidaysExcluded":false},{"dayOfWeek":3,"startTime":"00:00","endTime":"00:00","byNotam":false,"sunrise":false,"sunset":false,"publicHolidaysExcluded":false},{"dayOfWeek":4,"startTime":"00:00","endTime":"00:00","byNotam":false,"sunrise":false,"sunset":false,"publicHolidaysExcluded":false},{"dayOfWeek":5,"startTime":"00:00","endTime":"00:00","byNotam":false,"sunrise":false,"sunset":false,"publicHolidaysExcluded":false},{"dayOfWeek":6,"startTime":"00:00","endTime":"00:00","byNotam":false,"sunrise":false,"sunset":false,"publicHolidaysExcluded":false}]},"remarks":"Motorized aircrafts below an altitude of 5000 m (16400 ft) not permitted.\nTake-off or landing with non-motorized aerial devices or aircraft that can be operated independently in flight is prohibited.\nThis includes hang- and paragliding, whereby the overflight is allowed.","deletable":false},"geometry":{"type":"Polygon","coordinates":[[[12.87309,46.95015],[12.87037,46.94906],[12.86885,46.94905],[12.86909,46.94794],[12.86702,46.9461],[12.86638,46.94643],[12.85726,46.94612],[12.85941,46.94438],[12.85966,46.94224],[12.85825,46.94177],[12.85729,46.94063],[12.85612,46.9429],[12.8533,46.94214],[12.85596,46.94165],[12.85334,46.94035],[12.85377,46.93952],[12.85592,46.93761],[12.85645,46.93763],[12.8573,46.93679],[12.85763,46.93878],[12.85934,46.93832],[12.86025,46.9401],[12.86333,46.93799],[12.86516,46.9375],[12.86468,46.9389],[12.86587,46.94141],[12.86861,46.93929],[12.86926,46.94033],[12.87015,46.94015],[12.87113,46.9393],[12.87223,46.93953],[12.87171,46.94014],[12.87301,46.94082],[12.87452,46.94113],[12.87435,46.9413],[12.87442,46.94163],[12.87351,46.94194],[12.87307,46.94228],[12.87355,46.94279],[12.87504,46.94373],[12.87638,46.94329],[12.87595,46.94465],[12.87844,46.94456],[12.87865,46.94472],[12.87909,46.94453],[12.87986,46.94456],[12.88023,46.94435],[12.88073,46.94496],[12.88074,46.9452],[12.88116,46.94559],[12.88097,46.94597],[12.88012,46.94623],[12.88016,46.94636],[12.87973,46.94669],[12.88021,46.94736],[12.87947,46.94733],[12.87929,46.94759],[12.87729,46.9488],[12.8774,46.95062],[12.8765,46.95069],[12.87418,46.95185],[12.87309,46.95015]]]}}, {"type":"Feature","id":120,"properties":{"_id":"68428e9cabdf33f4484a6d29","createdBy":"OPONcQnzWGOLiJSceNaf8pvx1fA2","createdAt":"2025-06-06T06:45:48.373Z","updatedBy":"OPONcQnzWGOLiJSceNaf8pvx1fA2","updatedAt":"2025-06-06T07:06:23.228Z","name":"NATIONALPARK HOHE TAUERN AUSSENZONE K14","dataIngestion":true,"type":29,"icaoClass":8,"activity":0,"onDemand":false,"onRequest":false,"byNotam":false,"specialAgreement":false,"requestCompliance":false,"country":"AT","upperLimit":{"value":16400,"unit":1,"referenceDatum":1},"lowerLimit":{"value":0,"unit":1,"referenceDatum":0},"hoursOfOperation":{"operatingHours":[{"dayOfWeek":0,"startTime":"00:00","endTime":"00:00","byNotam":false,"sunrise":false,"sunset":false,"publicHolidaysExcluded":false},{"dayOfWeek":1,"startTime":"00:00","endTime":"00:00","byNotam":false,"sunrise":false,"sunset":false,"publicHolidaysExcluded":false},{"dayOfWeek":2,"startTime":"00:00","endTime":"00:00","byNotam":false,"sunrise":false,"sunset":false,"publicHolidaysExcluded":false},{"dayOfWeek":3,"startTime":"00:00","endTime":"00:00","byNotam":false,"sunrise":false,"sunset":false,"publicHolidaysExcluded":false},{"dayOfWeek":4,"startTime":"00:00","endTime":"00:00","byNotam":false,"sunrise":false,"sunset":false,"publicHolidaysExcluded":false},{"dayOfWeek":5,"startTime":"00:00","endTime":"00:00","byNotam":false,"sunrise":false,"sunset":false,"publicHolidaysExcluded":false},{"dayOfWeek":6,"startTime":"00:00","endTime":"00:00","byNotam":false,"sunrise":false,"sunset":false,"publicHolidaysExcluded":false}]},"remarks":"Motorized aircrafts below an altitude of 5000 m (16400 ft) not permitted.\nTake-off or landing with non-motorized aerial devices or aircraft that can be operated independently in flight is prohibited.\nThis includes hang- and paragliding, whereby the overflight is allowed.","deletable":false},"geometry":{"type":"Polygon","coordinates":[[[12.78261,47.05656],[12.78139,47.0574],[12.77763,47.06059],[12.77678,47.06062],[12.77269,47.06299],[12.77179,47.06314],[12.77115,47.06372],[12.76693,47.06652],[12.76657,47.06462],[12.76564,47.06292],[12.76546,47.06205],[12.76553,47.06088],[12.77297,47.05548],[12.77582,47.05142],[12.77626,47.04806],[12.77964,47.04798],[12.78094,47.04828],[12.78304,47.04972],[12.78313,47.05093],[12.78531,47.0525],[12.78882,47.05426],[12.78726,47.05421],[12.78473,47.05507],[12.78261,47.05656]]]}}, {"type":"Feature","id":121,"properties":{"_id":"68428e9cabdf33f4484a6d2c","createdBy":"OPONcQnzWGOLiJSceNaf8pvx1fA2","createdAt":"2025-06-06T06:45:48.389Z","updatedBy":"OPONcQnzWGOLiJSceNaf8pvx1fA2","updatedAt":"2025-06-06T07:06:23.883Z","name":"NATIONALPARK HOHE TAUERN AUSSENZONE K15","dataIngestion":true,"type":29,"icaoClass":8,"activity":0,"onDemand":false,"onRequest":false,"byNotam":false,"specialAgreement":false,"requestCompliance":false,"country":"AT","upperLimit":{"value":16400,"unit":1,"referenceDatum":1},"lowerLimit":{"value":0,"unit":1,"referenceDatum":0},"hoursOfOperation":{"operatingHours":[{"dayOfWeek":0,"startTime":"00:00","endTime":"00:00","byNotam":false,"sunrise":false,"sunset":false,"publicHolidaysExcluded":false},{"dayOfWeek":1,"startTime":"00:00","endTime":"00:00","byNotam":false,"sunrise":false,"sunset":false,"publicHolidaysExcluded":false},{"dayOfWeek":2,"startTime":"00:00","endTime":"00:00","byNotam":false,"sunrise":false,"sunset":false,"publicHolidaysExcluded":false},{"dayOfWeek":3,"startTime":"00:00","endTime":"00:00","byNotam":false,"sunrise":false,"sunset":false,"publicHolidaysExcluded":false},{"dayOfWeek":4,"startTime":"00:00","endTime":"00:00","byNotam":false,"sunrise":false,"sunset":false,"publicHolidaysExcluded":false},{"dayOfWeek":5,"startTime":"00:00","endTime":"00:00","byNotam":false,"sunrise":false,"sunset":false,"publicHolidaysExcluded":false},{"dayOfWeek":6,"startTime":"00:00","endTime":"00:00","byNotam":false,"sunrise":false,"sunset":false,"publicHolidaysExcluded":false}]},"remarks":"Motorized aircrafts below an altitude of 5000 m (16400 ft) not permitted.\nTake-off or landing with non-motorized aerial devices or aircraft that can be operated independently in flight is prohibited.\nThis includes hang- and paragliding, whereby the overflight is allowed.","deletable":false},"geometry":{"type":"Polygon","coordinates":[[[12.9383,46.98438],[12.93492,46.98389],[12.93243,46.98331],[12.9335,46.98103],[12.93423,46.98162],[12.93603,46.98064],[12.9364,46.97905],[12.93533,46.97723],[12.93617,46.97663],[12.93775,46.97611],[12.93934,46.97599],[12.94152,46.97616],[12.94206,46.97645],[12.95876,46.97499],[12.9466,46.9856],[12.9383,46.98438]]]}}, {"type":"Feature","id":122,"properties":{"_id":"68428e9cabdf33f4484a6d2f","createdBy":"OPONcQnzWGOLiJSceNaf8pvx1fA2","createdAt":"2025-06-06T06:45:48.402Z","updatedBy":"OPONcQnzWGOLiJSceNaf8pvx1fA2","updatedAt":"2025-06-06T07:06:23.381Z","name":"NATIONALPARK HOHE TAUERN AUSSENZONE K2","dataIngestion":true,"type":29,"icaoClass":8,"activity":0,"onDemand":false,"onRequest":false,"byNotam":false,"specialAgreement":false,"requestCompliance":false,"country":"AT","upperLimit":{"value":16400,"unit":1,"referenceDatum":1},"lowerLimit":{"value":0,"unit":1,"referenceDatum":0},"hoursOfOperation":{"operatingHours":[{"dayOfWeek":0,"startTime":"00:00","endTime":"00:00","byNotam":false,"sunrise":false,"sunset":false,"publicHolidaysExcluded":false},{"dayOfWeek":1,"startTime":"00:00","endTime":"00:00","byNotam":false,"sunrise":false,"sunset":false,"publicHolidaysExcluded":false},{"dayOfWeek":2,"startTime":"00:00","endTime":"00:00","byNotam":false,"sunrise":false,"sunset":false,"publicHolidaysExcluded":false},{"dayOfWeek":3,"startTime":"00:00","endTime":"00:00","byNotam":false,"sunrise":false,"sunset":false,"publicHolidaysExcluded":false},{"dayOfWeek":4,"startTime":"00:00","endTime":"00:00","byNotam":false,"sunrise":false,"sunset":false,"publicHolidaysExcluded":false},{"dayOfWeek":5,"startTime":"00:00","endTime":"00:00","byNotam":false,"sunrise":false,"sunset":false,"publicHolidaysExcluded":false},{"dayOfWeek":6,"startTime":"00:00","endTime":"00:00","byNotam":false,"sunrise":false,"sunset":false,"publicHolidaysExcluded":false}]},"remarks":"Motorized aircrafts below an altitude of 5000 m (16400 ft) not permitted.\nTake-off or landing with non-motorized aerial devices or aircraft that can be operated independently in flight is prohibited.\nThis includes hang- and paragliding, whereby the overflight is allowed.","deletable":false},"geometry":{"type":"Polygon","coordinates":[[[13.17221,47.00688],[13.17394,47.00804],[13.17456,47.00892],[13.17441,47.00902],[13.17471,47.00913],[13.17568,47.01054],[13.17671,47.01098],[13.17775,47.01186],[13.17968,47.01236],[13.18123,47.01357],[13.18303,47.01436],[13.18354,47.01481],[13.18364,47.01508],[13.18351,47.0155],[13.184,47.01567],[13.18444,47.01646],[13.18506,47.01654],[13.18584,47.01737],[13.18631,47.01915],[13.1859,47.02025],[13.18615,47.02141],[13.18688,47.02342],[13.18702,47.02563],[13.18127,47.02464],[13.17931,47.02162],[13.17486,47.01959],[13.17399,47.0187],[13.16995,47.01799],[13.16804,47.01318],[13.16351,47.01253],[13.15947,47.01111],[13.15939,47.00839],[13.16267,47.00649],[13.15973,47.00545],[13.15803,47.00505],[13.15769,47.00514],[13.15736,47.00396],[13.15735,47.00255],[13.15554,47.0029],[13.15406,47.00224],[13.15377,47.00322],[13.15227,47.00254],[13.14979,47.00391],[13.14822,47.00312],[13.14714,47.00294],[13.14804,47.00424],[13.14815,47.0053],[13.14739,47.00638],[13.14701,47.00744],[13.14664,47.00989],[13.14528,47.01435],[13.14239,47.01413],[13.14123,47.0136],[13.1406,47.0137],[13.13834,47.01494],[13.13741,47.01381],[13.13739,47.0125],[13.13619,47.01272],[13.13631,47.0117],[13.13655,47.0113],[13.13619,47.01053],[13.13545,47.01032],[13.13439,47.00864],[13.13338,47.00924],[13.13236,47.00952],[13.1309,47.00822],[13.12907,47.00735],[13.12679,47.00739],[13.12523,47.00723],[13.12639,47.01051],[13.12593,47.01315],[13.12491,47.01589],[13.12618,47.02337],[13.10592,47.0211],[13.10389,47.02062],[13.10288,47.02066],[13.10112,47.0203],[13.10044,47.01979],[13.09049,47.01591],[13.08537,47.01326],[13.08512,47.01037],[13.0957,47.00235],[13.09697,47.00256],[13.09712,47.00237],[13.09789,47.00228],[13.09958,47.00173],[13.10218,47.00176],[13.10436,47.00086],[13.10964,46.99748],[13.11832,46.99768],[13.11871,46.99738],[13.11967,46.99703],[13.12092,46.99713],[13.12262,46.99674],[13.12513,46.9941],[13.12722,46.99422],[13.12985,46.9939],[13.13173,46.9926],[13.12987,46.99214],[13.13051,46.9916],[13.13451,46.99204],[13.13506,46.99142],[13.13672,46.99163],[13.13731,46.99104],[13.13766,46.99138],[13.1368,46.98882],[13.13789,46.98823],[13.13856,46.98727],[13.14013,46.9869],[13.14159,46.98591],[13.14437,46.98577],[13.14717,46.98509],[13.14815,46.98606],[13.14968,46.98658],[13.15008,46.98703],[13.15502,46.98546],[13.1567,46.98456],[13.15741,46.98537],[13.1587,46.98565],[13.15894,46.98628],[13.16091,46.98728],[13.1619,46.98827],[13.16234,46.98946],[13.16096,46.99085],[13.16098,46.99111],[13.15747,46.99135],[13.15484,46.99078],[13.15403,46.99083],[13.15234,46.99164],[13.15216,46.99227],[13.15125,46.99244],[13.15115,46.99256],[13.15131,46.9928],[13.15148,46.99276],[13.15226,46.99332],[13.15184,46.99351],[13.15266,46.9934],[13.15333,46.99304],[13.15539,46.99247],[13.15734,46.99254],[13.15785,46.99228],[13.15838,46.9924],[13.15845,46.99278],[13.15943,46.99286],[13.15956,46.99273],[13.16022,46.99268],[13.16082,46.99308],[13.16259,46.99315],[13.16374,46.99344],[13.16423,46.99366],[13.16432,46.99387],[13.16569,46.99417],[13.16719,46.9965],[13.16747,46.99664],[13.16736,46.99671],[13.16765,46.997],[13.16779,46.99696],[13.16846,46.998],[13.16982,46.9995],[13.17058,47.00058],[13.17118,47.00182],[13.17158,47.00449],[13.17221,47.00688]]]}}, {"type":"Feature","id":123,"properties":{"_id":"68428e9cabdf33f4484a6d32","createdBy":"OPONcQnzWGOLiJSceNaf8pvx1fA2","createdAt":"2025-06-06T06:45:48.420Z","updatedBy":"OPONcQnzWGOLiJSceNaf8pvx1fA2","updatedAt":"2025-06-06T07:06:23.250Z","name":"NATIONALPARK HOHE TAUERN AUSSENZONE K3","dataIngestion":true,"type":29,"icaoClass":8,"activity":0,"onDemand":false,"onRequest":false,"byNotam":false,"specialAgreement":false,"requestCompliance":false,"country":"AT","upperLimit":{"value":16400,"unit":1,"referenceDatum":1},"lowerLimit":{"value":0,"unit":1,"referenceDatum":0},"hoursOfOperation":{"operatingHours":[{"dayOfWeek":0,"startTime":"00:00","endTime":"00:00","byNotam":false,"sunrise":false,"sunset":false,"publicHolidaysExcluded":false},{"dayOfWeek":1,"startTime":"00:00","endTime":"00:00","byNotam":false,"sunrise":false,"sunset":false,"publicHolidaysExcluded":false},{"dayOfWeek":2,"startTime":"00:00","endTime":"00:00","byNotam":false,"sunrise":false,"sunset":false,"publicHolidaysExcluded":false},{"dayOfWeek":3,"startTime":"00:00","endTime":"00:00","byNotam":false,"sunrise":false,"sunset":false,"publicHolidaysExcluded":false},{"dayOfWeek":4,"startTime":"00:00","endTime":"00:00","byNotam":false,"sunrise":false,"sunset":false,"publicHolidaysExcluded":false},{"dayOfWeek":5,"startTime":"00:00","endTime":"00:00","byNotam":false,"sunrise":false,"sunset":false,"publicHolidaysExcluded":false},{"dayOfWeek":6,"startTime":"00:00","endTime":"00:00","byNotam":false,"sunrise":false,"sunset":false,"publicHolidaysExcluded":false}]},"remarks":"Motorized aircrafts below an altitude of 5000 m (16400 ft) not permitted.\nTake-off or landing with non-motorized aerial devices or aircraft that can be operated independently in flight is prohibited.\nThis includes hang- and paragliding, whereby the overflight is allowed.","deletable":false},"geometry":{"type":"Polygon","coordinates":[[[12.90622,47.03583],[12.9053,47.03626],[12.9044,47.03519],[12.89476,47.03615],[12.89607,47.0332],[12.89722,47.03219],[12.89854,47.03139],[12.8997,47.03132],[12.90044,47.03035],[12.90299,47.02853],[12.90556,47.02851],[12.90521,47.02777],[12.90659,47.02717],[12.90677,47.02791],[12.9091,47.02803],[12.90996,47.02724],[12.91335,47.02487],[12.91518,47.02208],[12.91058,47.02204],[12.9083,47.01986],[12.90694,47.01891],[12.90406,47.01839],[12.90468,47.0166],[12.90521,47.01425],[12.90527,47.01143],[12.90498,47.00726],[12.90398,47.00438],[12.90736,47.00394],[12.90982,46.99897],[12.91411,46.99731],[12.91226,46.99316],[12.91304,46.99298],[12.91334,46.99245],[12.91302,46.99249],[12.91285,46.99281],[12.91179,46.9926],[12.91141,46.99217],[12.91202,46.9917],[12.9115,46.99134],[12.91169,46.99048],[12.91234,46.99014],[12.91403,46.99064],[12.91631,46.99061],[12.91627,46.98966],[12.91766,46.98923],[12.91782,46.98974],[12.91962,46.99088],[12.91896,46.99179],[12.91924,46.99223],[12.9211,46.99275],[12.92246,46.99233],[12.92624,46.99458],[12.92684,46.99453],[12.92783,46.99496],[12.92825,46.99541],[12.92937,46.99425],[12.93213,46.99495],[12.93238,46.9951],[12.93197,46.99542],[12.93293,46.99567],[12.93372,46.99612],[12.93278,46.9964],[12.93478,46.99737],[12.93452,46.99757],[12.93576,46.99799],[12.93605,46.99897],[12.93631,46.99916],[12.9365,46.99895],[12.93731,46.99918],[12.9377,46.99909],[12.93808,46.99978],[12.93873,47.00042],[12.93943,46.99978],[12.9395,46.99949],[12.93989,47],[12.94148,46.99953],[12.94162,46.99953],[12.94158,46.99998],[12.94254,47.00002],[12.94263,46.99979],[12.94398,46.99991],[12.94358,47.00101],[12.94356,47.00284],[12.9428,47.00269],[12.9425,47.00593],[12.94309,47.00604],[12.9434,47.007],[12.9423,47.00715],[12.9406,47.01162],[12.94204,47.01198],[12.94435,47.01088],[12.94453,47.01099],[12.94483,47.01152],[12.94463,47.01168],[12.94606,47.01321],[12.94597,47.01334],[12.94624,47.01414],[12.94662,47.01443],[12.94668,47.01496],[12.94645,47.01565],[12.947,47.01661],[12.94565,47.01667],[12.94462,47.0169],[12.94335,47.01868],[12.94186,47.01937],[12.94102,47.01933],[12.94045,47.01888],[12.94003,47.02032],[12.93346,47.02959],[12.92798,47.02541],[12.92461,47.02439],[12.92454,47.02401],[12.92236,47.02611],[12.91165,47.03329],[12.90622,47.03583]]]}}, {"type":"Feature","id":124,"properties":{"_id":"68428e9cabdf33f4484a6d35","createdBy":"OPONcQnzWGOLiJSceNaf8pvx1fA2","createdAt":"2025-06-06T06:45:48.438Z","updatedBy":"OPONcQnzWGOLiJSceNaf8pvx1fA2","updatedAt":"2025-06-06T07:06:23.239Z","name":"NATIONALPARK HOHE TAUERN AUSSENZONE K4","dataIngestion":true,"type":29,"icaoClass":8,"activity":0,"onDemand":false,"onRequest":false,"byNotam":false,"specialAgreement":false,"requestCompliance":false,"country":"AT","upperLimit":{"value":16400,"unit":1,"referenceDatum":1},"lowerLimit":{"value":0,"unit":1,"referenceDatum":0},"hoursOfOperation":{"operatingHours":[{"dayOfWeek":0,"startTime":"00:00","endTime":"00:00","byNotam":false,"sunrise":false,"sunset":false,"publicHolidaysExcluded":false},{"dayOfWeek":1,"startTime":"00:00","endTime":"00:00","byNotam":false,"sunrise":false,"sunset":false,"publicHolidaysExcluded":false},{"dayOfWeek":2,"startTime":"00:00","endTime":"00:00","byNotam":false,"sunrise":false,"sunset":false,"publicHolidaysExcluded":false},{"dayOfWeek":3,"startTime":"00:00","endTime":"00:00","byNotam":false,"sunrise":false,"sunset":false,"publicHolidaysExcluded":false},{"dayOfWeek":4,"startTime":"00:00","endTime":"00:00","byNotam":false,"sunrise":false,"sunset":false,"publicHolidaysExcluded":false},{"dayOfWeek":5,"startTime":"00:00","endTime":"00:00","byNotam":false,"sunrise":false,"sunset":false,"publicHolidaysExcluded":false},{"dayOfWeek":6,"startTime":"00:00","endTime":"00:00","byNotam":false,"sunrise":false,"sunset":false,"publicHolidaysExcluded":false}]},"remarks":"Motorized aircrafts below an altitude of 5000 m (16400 ft) not permitted.\nTake-off or landing with non-motorized aerial devices or aircraft that can be operated independently in flight is prohibited.\nThis includes hang- and paragliding, whereby the overflight is allowed.","deletable":false},"geometry":{"type":"Polygon","coordinates":[[[13.30434,47.0771],[13.30532,47.07932],[13.3074,47.08177],[13.30903,47.08207],[13.31242,47.08364],[13.31101,47.08544],[13.31006,47.0861],[13.30282,47.08673],[13.29401,47.08966],[13.27537,47.09048],[13.26001,47.08144],[13.28222,47.07357],[13.29354,47.07585],[13.28163,47.04778],[13.28732,47.04212],[13.29687,47.0374],[13.2988,47.0381],[13.30527,47.04977],[13.31271,47.072],[13.31772,47.07443],[13.3164,47.07449],[13.31436,47.07396],[13.31285,47.07322],[13.31153,47.0722],[13.30987,47.06998],[13.30892,47.0684],[13.30681,47.06586],[13.30485,47.06306],[13.30363,47.06197],[13.30211,47.06148],[13.29892,47.06253],[13.29996,47.06431],[13.30089,47.06689],[13.30116,47.06822],[13.3003,47.07108],[13.30063,47.07484],[13.3018,47.07569],[13.30434,47.0771]]]}}, {"type":"Feature","id":125,"properties":{"_id":"68428e9cabdf33f4484a6d38","createdBy":"OPONcQnzWGOLiJSceNaf8pvx1fA2","createdAt":"2025-06-06T06:45:48.452Z","updatedBy":"OPONcQnzWGOLiJSceNaf8pvx1fA2","updatedAt":"2025-06-06T07:06:23.651Z","name":"NATIONALPARK HOHE TAUERN AUSSENZONE K5","dataIngestion":true,"type":29,"icaoClass":8,"activity":0,"onDemand":false,"onRequest":false,"byNotam":false,"specialAgreement":false,"requestCompliance":false,"country":"AT","upperLimit":{"value":16400,"unit":1,"referenceDatum":1},"lowerLimit":{"value":0,"unit":1,"referenceDatum":0},"hoursOfOperation":{"operatingHours":[{"dayOfWeek":0,"startTime":"00:00","endTime":"00:00","byNotam":false,"sunrise":false,"sunset":false,"publicHolidaysExcluded":false},{"dayOfWeek":1,"startTime":"00:00","endTime":"00:00","byNotam":false,"sunrise":false,"sunset":false,"publicHolidaysExcluded":false},{"dayOfWeek":2,"startTime":"00:00","endTime":"00:00","byNotam":false,"sunrise":false,"sunset":false,"publicHolidaysExcluded":false},{"dayOfWeek":3,"startTime":"00:00","endTime":"00:00","byNotam":false,"sunrise":false,"sunset":false,"publicHolidaysExcluded":false},{"dayOfWeek":4,"startTime":"00:00","endTime":"00:00","byNotam":false,"sunrise":false,"sunset":false,"publicHolidaysExcluded":false},{"dayOfWeek":5,"startTime":"00:00","endTime":"00:00","byNotam":false,"sunrise":false,"sunset":false,"publicHolidaysExcluded":false},{"dayOfWeek":6,"startTime":"00:00","endTime":"00:00","byNotam":false,"sunrise":false,"sunset":false,"publicHolidaysExcluded":false}]},"remarks":"Motorized aircrafts below an altitude of 5000 m (16400 ft) not permitted.\nTake-off or landing with non-motorized aerial devices or aircraft that can be operated independently in flight is prohibited.\nThis includes hang- and paragliding, whereby the overflight is allowed.","deletable":false},"geometry":{"type":"Polygon","coordinates":[[[13.36983,47.00288],[13.36343,47.00376],[13.358,47.00232],[13.35899,46.99661],[13.34256,46.99578],[13.33346,46.99565],[13.3173,46.99492],[13.30988,46.99284],[13.30989,46.99119],[13.31929,46.97854],[13.32429,46.98468],[13.33323,46.98468],[13.33295,46.98366],[13.33314,46.98302],[13.33366,46.98293],[13.33518,46.98217],[13.33582,46.98263],[13.3363,46.9827],[13.33706,46.98312],[13.33824,46.98235],[13.34261,46.98253],[13.34335,46.98329],[13.34484,46.98379],[13.34501,46.98363],[13.34414,46.98321],[13.34419,46.98312],[13.34492,46.98316],[13.34567,46.98345],[13.34675,46.98329],[13.34827,46.98331],[13.34862,46.98302],[13.34997,46.983],[13.35132,46.98321],[13.35251,46.98306],[13.35289,46.98327],[13.35384,46.98312],[13.35518,46.98342],[13.35627,46.9831],[13.35928,46.9838],[13.36172,46.98331],[13.36427,46.98442],[13.36694,46.98512],[13.37354,46.98569],[13.37543,46.9857],[13.37608,46.98595],[13.37645,46.98572],[13.38457,46.98444],[13.38556,46.98452],[13.38593,46.98469],[13.38648,46.98441],[13.38659,46.9846],[13.38796,46.98459],[13.38879,46.98498],[13.38933,46.98554],[13.38966,46.98558],[13.39022,46.9853],[13.3901,46.98607],[13.39039,46.98608],[13.38912,46.98939],[13.38934,46.99014],[13.38964,46.99039],[13.38979,46.99109],[13.38973,46.99232],[13.38851,46.99368],[13.38853,46.99408],[13.38938,46.99525],[13.38969,47.00112],[13.38934,47.00157],[13.38762,47.00209],[13.38613,47.00287],[13.38317,47.00384],[13.3799,47.00354],[13.37718,47.00379],[13.37315,47.00384],[13.36983,47.00288]]]}}, {"type":"Feature","id":126,"properties":{"_id":"68428e9cabdf33f4484a6d3b","createdBy":"OPONcQnzWGOLiJSceNaf8pvx1fA2","createdAt":"2025-06-06T06:45:48.481Z","updatedBy":"OPONcQnzWGOLiJSceNaf8pvx1fA2","updatedAt":"2025-06-06T07:06:23.402Z","name":"NATIONALPARK HOHE TAUERN AUSSENZONE K6","dataIngestion":true,"type":29,"icaoClass":8,"activity":0,"onDemand":false,"onRequest":false,"byNotam":false,"specialAgreement":false,"requestCompliance":false,"country":"AT","upperLimit":{"value":16400,"unit":1,"referenceDatum":1},"lowerLimit":{"value":0,"unit":1,"referenceDatum":0},"hoursOfOperation":{"operatingHours":[{"dayOfWeek":0,"startTime":"00:00","endTime":"00:00","byNotam":false,"sunrise":false,"sunset":false,"publicHolidaysExcluded":false},{"dayOfWeek":1,"startTime":"00:00","endTime":"00:00","byNotam":false,"sunrise":false,"sunset":false,"publicHolidaysExcluded":false},{"dayOfWeek":2,"startTime":"00:00","endTime":"00:00","byNotam":false,"sunrise":false,"sunset":false,"publicHolidaysExcluded":false},{"dayOfWeek":3,"startTime":"00:00","endTime":"00:00","byNotam":false,"sunrise":false,"sunset":false,"publicHolidaysExcluded":false},{"dayOfWeek":4,"startTime":"00:00","endTime":"00:00","byNotam":false,"sunrise":false,"sunset":false,"publicHolidaysExcluded":false},{"dayOfWeek":5,"startTime":"00:00","endTime":"00:00","byNotam":false,"sunrise":false,"sunset":false,"publicHolidaysExcluded":false},{"dayOfWeek":6,"startTime":"00:00","endTime":"00:00","byNotam":false,"sunrise":false,"sunset":false,"publicHolidaysExcluded":false}]},"remarks":"Motorized aircrafts below an altitude of 5000 m (16400 ft) not permitted.\nTake-off or landing with non-motorized aerial devices or aircraft that can be operated independently in flight is prohibited.\nThis includes hang- and paragliding, whereby the overflight is allowed.","deletable":false},"geometry":{"type":"Polygon","coordinates":[[[12.84052,46.93538],[12.84084,46.93407],[12.83925,46.93362],[12.8352,46.93394],[12.83183,46.93103],[12.82934,46.93074],[12.82653,46.93144],[12.8259,46.93131],[12.82525,46.93138],[12.82271,46.93208],[12.82056,46.93155],[12.81958,46.932],[12.81855,46.93222],[12.81826,46.93213],[12.81656,46.93232],[12.81581,46.9317],[12.81757,46.92996],[12.82076,46.93029],[12.82305,46.92828],[12.83779,46.92669],[12.84587,46.92004],[12.84546,46.9132],[12.83741,46.90137],[12.8373,46.8996],[12.84191,46.89298],[12.84126,46.88986],[12.8415,46.88742],[12.84135,46.88705],[12.842,46.88466],[12.84192,46.8841],[12.84289,46.88427],[12.84308,46.8832],[12.8442,46.88246],[12.84402,46.88221],[12.84524,46.88209],[12.8455,46.88187],[12.84592,46.88212],[12.84731,46.88094],[12.84705,46.87995],[12.84921,46.87957],[12.8505,46.88347],[12.85292,46.88362],[12.85539,46.88351],[12.85612,46.88602],[12.85584,46.88645],[12.85552,46.88663],[12.85563,46.88739],[12.85653,46.88838],[12.85665,46.88904],[12.85696,46.88962],[12.85732,46.88981],[12.85766,46.89024],[12.85847,46.89066],[12.85817,46.89145],[12.86005,46.89323],[12.86215,46.89602],[12.86295,46.89586],[12.86323,46.89597],[12.86373,46.8969],[12.86455,46.8972],[12.86529,46.89804],[12.86519,46.89838],[12.86531,46.89865],[12.86611,46.89894],[12.86612,46.89948],[12.86683,46.89967],[12.86708,46.90049],[12.86732,46.90084],[12.86777,46.90113],[12.86751,46.90197],[12.86907,46.90425],[12.86951,46.9065],[12.87014,46.90709],[12.87025,46.90872],[12.87159,46.9091],[12.87286,46.90859],[12.87317,46.9089],[12.87298,46.90941],[12.87329,46.9103],[12.87297,46.91058],[12.87283,46.91098],[12.87068,46.9109],[12.86954,46.91196],[12.86903,46.91304],[12.86585,46.91699],[12.86208,46.91963],[12.85695,46.92646],[12.84767,46.93059],[12.84667,46.93154],[12.84726,46.93217],[12.84657,46.9333],[12.84563,46.93399],[12.84382,46.9339],[12.84147,46.93475],[12.84052,46.93538]]]}}, {"type":"Feature","id":127,"properties":{"_id":"68428e9cabdf33f4484a6d3e","createdBy":"OPONcQnzWGOLiJSceNaf8pvx1fA2","createdAt":"2025-06-06T06:45:48.496Z","updatedBy":"OPONcQnzWGOLiJSceNaf8pvx1fA2","updatedAt":"2025-06-06T07:06:22.641Z","name":"NATIONALPARK HOHE TAUERN AUSSENZONE K7","dataIngestion":true,"type":29,"icaoClass":8,"activity":0,"onDemand":false,"onRequest":false,"byNotam":false,"specialAgreement":false,"requestCompliance":false,"country":"AT","upperLimit":{"value":16400,"unit":1,"referenceDatum":1},"lowerLimit":{"value":0,"unit":1,"referenceDatum":0},"hoursOfOperation":{"operatingHours":[{"dayOfWeek":0,"startTime":"00:00","endTime":"00:00","byNotam":false,"sunrise":false,"sunset":false,"publicHolidaysExcluded":false},{"dayOfWeek":1,"startTime":"00:00","endTime":"00:00","byNotam":false,"sunrise":false,"sunset":false,"publicHolidaysExcluded":false},{"dayOfWeek":2,"startTime":"00:00","endTime":"00:00","byNotam":false,"sunrise":false,"sunset":false,"publicHolidaysExcluded":false},{"dayOfWeek":3,"startTime":"00:00","endTime":"00:00","byNotam":false,"sunrise":false,"sunset":false,"publicHolidaysExcluded":false},{"dayOfWeek":4,"startTime":"00:00","endTime":"00:00","byNotam":false,"sunrise":false,"sunset":false,"publicHolidaysExcluded":false},{"dayOfWeek":5,"startTime":"00:00","endTime":"00:00","byNotam":false,"sunrise":false,"sunset":false,"publicHolidaysExcluded":false},{"dayOfWeek":6,"startTime":"00:00","endTime":"00:00","byNotam":false,"sunrise":false,"sunset":false,"publicHolidaysExcluded":false}]},"remarks":"Motorized aircrafts below an altitude of 5000 m (16400 ft) not permitted.\nTake-off or landing with non-motorized aerial devices or aircraft that can be operated independently in flight is prohibited.\nThis includes hang- and paragliding, whereby the overflight is allowed.","deletable":false},"geometry":{"type":"Polygon","coordinates":[[[13.23413,47.02259],[13.23542,47.02479],[13.22683,47.02681],[13.21379,47.02392],[13.21264,47.0235],[13.20524,47.02164],[13.20149,47.02115],[13.19664,47.01987],[13.1953,47.01924],[13.19589,47.01859],[13.19422,47.01805],[13.19311,47.01723],[13.19176,47.01651],[13.19102,47.01518],[13.19223,47.01518],[13.18939,47.01294],[13.1886,47.01169],[13.18999,47.00835],[13.19106,47.00744],[13.18961,47.00816],[13.18749,47.00874],[13.18698,47.0087],[13.18591,47.0082],[13.18362,47.00789],[13.18219,47.00744],[13.17962,47.00442],[13.17927,47.00376],[13.17923,47.00328],[13.17959,47.00303],[13.17934,47.00268],[13.17912,47.00259],[13.17875,47.00272],[13.17834,47.0021],[13.17639,47.00017],[13.17482,46.99889],[13.17442,46.99876],[13.17379,46.99764],[13.17389,46.99735],[13.17294,46.99549],[13.17284,46.99434],[13.17257,46.99391],[13.17224,46.99399],[13.17219,46.99388],[13.1722,46.99323],[13.17231,46.99295],[13.17266,46.993],[13.17354,46.99165],[13.17363,46.99003],[13.17375,46.99005],[13.17376,46.99032],[13.17422,46.99039],[13.17423,46.98979],[13.17438,46.99003],[13.17485,46.98947],[13.17533,46.98848],[13.17555,46.98768],[13.17552,46.98658],[13.17544,46.98592],[13.17524,46.98564],[13.17557,46.98517],[13.17682,46.98571],[13.17723,46.98565],[13.17733,46.9854],[13.17718,46.98474],[13.17697,46.98458],[13.17709,46.98426],[13.17677,46.98402],[13.17696,46.98367],[13.17626,46.98331],[13.17669,46.98296],[13.17706,46.98329],[13.1772,46.98297],[13.17811,46.98318],[13.17827,46.98303],[13.17845,46.98219],[13.17783,46.98201],[13.17807,46.98199],[13.17793,46.98173],[13.17859,46.98101],[13.18132,46.98154],[13.18124,46.98124],[13.18011,46.98101],[13.18078,46.98024],[13.18086,46.98044],[13.1812,46.98052],[13.18348,46.97886],[13.18445,46.97848],[13.18434,46.97819],[13.18447,46.97793],[13.18481,46.97775],[13.18544,46.97839],[13.18564,46.97802],[13.18664,46.97789],[13.18825,46.97873],[13.18888,46.97878],[13.18914,46.97872],[13.18924,46.97842],[13.18977,46.97812],[13.18995,46.97763],[13.19045,46.97737],[13.19133,46.97752],[13.19138,46.97778],[13.19209,46.97819],[13.19269,46.9789],[13.19306,46.97914],[13.19376,46.97924],[13.19524,46.98039],[13.19573,46.98059],[13.19576,46.98111],[13.19601,46.98081],[13.19658,46.98075],[13.19765,46.97975],[13.19838,46.97987],[13.19975,46.98066],[13.19931,46.98064],[13.19984,46.98108],[13.20031,46.98119],[13.20051,46.98035],[13.20159,46.98151],[13.20195,46.98092],[13.20349,46.98109],[13.20448,46.981],[13.20499,46.98086],[13.2063,46.97996],[13.20692,46.97997],[13.20753,46.97962],[13.20786,46.98012],[13.20879,46.98022],[13.20853,46.97992],[13.20864,46.97968],[13.20833,46.97941],[13.20824,46.97891],[13.20802,46.97868],[13.2063,46.97733],[13.20521,46.97681],[13.205,46.97656],[13.20428,46.97642],[13.20335,46.97592],[13.20164,46.97563],[13.20088,46.97567],[13.19928,46.9751],[13.19862,46.97468],[13.19774,46.9745],[13.19492,46.97301],[13.19382,46.97273],[13.19661,46.97104],[13.19919,46.97127],[13.20071,46.97117],[13.20072,46.97095],[13.20182,46.971],[13.20232,46.97203],[13.20403,46.97147],[13.20549,46.9715],[13.20714,46.97184],[13.21048,46.97098],[13.21178,46.97148],[13.2126,46.9715],[13.21306,46.97178],[13.21409,46.97142],[13.2153,46.97134],[13.21219,46.9739],[13.21511,46.97509],[13.21564,46.97605],[13.21696,46.9758],[13.22018,46.97702],[13.22124,46.97835],[13.22083,46.98063],[13.22087,46.98206],[13.23051,46.98381],[13.23397,46.98351],[13.23458,46.98376],[13.23668,46.98388],[13.23518,46.98657],[13.23505,46.98657],[13.23517,46.98701],[13.23398,46.98726],[13.2343,46.98753],[13.23428,46.9889],[13.23295,46.98935],[13.23231,46.98793],[13.23183,46.98869],[13.22831,46.9873],[13.21892,46.98741],[13.2175,46.98757],[13.21514,46.98692],[13.21267,46.98693],[13.21197,46.9868],[13.21169,46.98625],[13.2091,46.98633],[13.20873,46.98565],[13.20807,46.98604],[13.20754,46.98615],[13.20729,46.98604],[13.20571,46.98634],[13.20521,46.986],[13.2051,46.98573],[13.2046,46.98566],[13.20424,46.98609],[13.20436,46.98696],[13.20354,46.987],[13.20344,46.9881],[13.20292,46.98807],[13.20259,46.98785],[13.20197,46.98858],[13.20128,46.98897],[13.20118,46.9879],[13.20052,46.988],[13.20067,46.98827],[13.20003,46.98825],[13.19957,46.98841],[13.19557,46.9869],[13.19524,46.98658],[13.19458,46.98631],[13.19419,46.98587],[13.19431,46.98557],[13.19413,46.98524],[13.19365,46.98519],[13.19269,46.98433],[13.19191,46.98434],[13.19106,46.98497],[13.19074,46.98553],[13.19117,46.9859],[13.18878,46.98643],[13.18817,46.98681],[13.18806,46.98747],[13.18753,46.98682],[13.18417,46.98649],[13.18262,46.98765],[13.18172,46.98891],[13.18171,46.99032],[13.18367,46.99048],[13.18435,46.99183],[13.18418,46.994],[13.1912,46.99718],[13.18992,46.9986],[13.18936,46.99901],[13.18959,46.99929],[13.19002,46.99962],[13.1938,46.99891],[13.19431,47.00078],[13.1935,47.00127],[13.19196,47.00187],[13.19134,47.00187],[13.19134,47.00217],[13.19186,47.0028],[13.19271,47.00286],[13.19321,47.00265],[13.19526,47.00348],[13.19471,47.00397],[13.19595,47.00579],[13.19596,47.00619],[13.19484,47.00707],[13.1989,47.00925],[13.20033,47.0101],[13.20065,47.01045],[13.20208,47.01078],[13.20322,47.01168],[13.20308,47.01202],[13.20124,47.01299],[13.20127,47.01371],[13.20101,47.01496],[13.19992,47.01697],[13.20609,47.01786],[13.21568,47.02139],[13.21659,47.02078],[13.21722,47.01968],[13.21762,47.01848],[13.23266,47.0201],[13.23413,47.02259]]]}}, {"type":"Feature","id":128,"properties":{"_id":"68428e9cabdf33f4484a6d41","createdBy":"OPONcQnzWGOLiJSceNaf8pvx1fA2","createdAt":"2025-06-06T06:45:48.522Z","updatedBy":"OPONcQnzWGOLiJSceNaf8pvx1fA2","updatedAt":"2025-06-06T07:06:23.280Z","name":"NATIONALPARK HOHE TAUERN AUSSENZONE K8","dataIngestion":true,"type":29,"icaoClass":8,"activity":0,"onDemand":false,"onRequest":false,"byNotam":false,"specialAgreement":false,"requestCompliance":false,"country":"AT","upperLimit":{"value":16400,"unit":1,"referenceDatum":1},"lowerLimit":{"value":0,"unit":1,"referenceDatum":0},"hoursOfOperation":{"operatingHours":[{"dayOfWeek":0,"startTime":"00:00","endTime":"00:00","byNotam":false,"sunrise":false,"sunset":false,"publicHolidaysExcluded":false},{"dayOfWeek":1,"startTime":"00:00","endTime":"00:00","byNotam":false,"sunrise":false,"sunset":false,"publicHolidaysExcluded":false},{"dayOfWeek":2,"startTime":"00:00","endTime":"00:00","byNotam":false,"sunrise":false,"sunset":false,"publicHolidaysExcluded":false},{"dayOfWeek":3,"startTime":"00:00","endTime":"00:00","byNotam":false,"sunrise":false,"sunset":false,"publicHolidaysExcluded":false},{"dayOfWeek":4,"startTime":"00:00","endTime":"00:00","byNotam":false,"sunrise":false,"sunset":false,"publicHolidaysExcluded":false},{"dayOfWeek":5,"startTime":"00:00","endTime":"00:00","byNotam":false,"sunrise":false,"sunset":false,"publicHolidaysExcluded":false},{"dayOfWeek":6,"startTime":"00:00","endTime":"00:00","byNotam":false,"sunrise":false,"sunset":false,"publicHolidaysExcluded":false}]},"remarks":"Motorized aircrafts below an altitude of 5000 m (16400 ft) not permitted.\nTake-off or landing with non-motorized aerial devices or aircraft that can be operated independently in flight is prohibited.\nThis includes hang- and paragliding, whereby the overflight is allowed.","deletable":false},"geometry":{"type":"Polygon","coordinates":[[[12.80982,47.08814],[12.80523,47.08492],[12.81098,47.08429],[12.81349,47.07582],[12.81359,47.0741],[12.81342,47.07322],[12.8103,47.0734],[12.81021,47.07239],[12.80964,47.07171],[12.80592,47.06914],[12.80462,47.06878],[12.80187,47.06754],[12.79978,47.06716],[12.79732,47.06798],[12.78814,47.07353],[12.78714,47.07026],[12.7861,47.06908],[12.78471,47.06901],[12.78413,47.06769],[12.78268,47.06569],[12.78253,47.06574],[12.78272,47.06811],[12.7779,47.06879],[12.77793,47.06936],[12.77865,47.07091],[12.77445,47.07379],[12.7723,47.08257],[12.77153,47.08257],[12.76737,47.07936],[12.76781,47.07751],[12.76841,47.07739],[12.76812,47.07394],[12.76794,47.07384],[12.76856,47.07299],[12.7687,47.07233],[12.76904,47.07235],[12.76874,47.07221],[12.76878,47.07021],[12.76848,47.07019],[12.77038,47.06853],[12.7715,47.06731],[12.77327,47.06684],[12.77555,47.06692],[12.77646,47.06676],[12.77917,47.06544],[12.78066,47.06517],[12.78056,47.06497],[12.78121,47.06508],[12.78304,47.06431],[12.78482,47.06328],[12.78565,47.0632],[12.78643,47.06253],[12.78762,47.0625],[12.78815,47.06274],[12.78842,47.06271],[12.78876,47.06242],[12.78898,47.06193],[12.78977,47.06175],[12.79109,47.06086],[12.79306,47.06028],[12.79367,47.05964],[12.79486,47.05994],[12.79692,47.05948],[12.7983,47.05869],[12.799,47.05807],[12.80035,47.05754],[12.8011,47.05664],[12.80189,47.05641],[12.80184,47.0563],[12.80251,47.05592],[12.80286,47.05593],[12.80295,47.05635],[12.80321,47.05643],[12.80358,47.05628],[12.8037,47.05603],[12.8047,47.056],[12.80494,47.05616],[12.80515,47.05614],[12.80493,47.05597],[12.8057,47.05606],[12.80595,47.05695],[12.80668,47.05822],[12.8071,47.05857],[12.80893,47.05938],[12.81039,47.05904],[12.81128,47.05829],[12.81247,47.05779],[12.81313,47.05771],[12.81429,47.05795],[12.81507,47.05865],[12.81519,47.05949],[12.81559,47.05993],[12.81591,47.06101],[12.81627,47.06159],[12.81657,47.06194],[12.81725,47.06222],[12.8172,47.06243],[12.81761,47.06256],[12.8178,47.06281],[12.81776,47.06305],[12.81839,47.06361],[12.81802,47.0638],[12.81755,47.06366],[12.81737,47.06389],[12.81796,47.06413],[12.81849,47.06408],[12.81868,47.06433],[12.8186,47.06472],[12.81882,47.06469],[12.81925,47.06647],[12.81915,47.06779],[12.81892,47.06846],[12.81968,47.06869],[12.81875,47.06961],[12.81936,47.07076],[12.82081,47.06954],[12.82085,47.06887],[12.82128,47.0682],[12.82357,47.06861],[12.82572,47.06873],[12.82559,47.06959],[12.83161,47.07557],[12.83313,47.0794],[12.83362,47.08124],[12.83676,47.0828],[12.83595,47.08387],[12.83486,47.08427],[12.83422,47.0861],[12.83317,47.08772],[12.82905,47.08818],[12.82776,47.08854],[12.82037,47.08874],[12.80982,47.08814]]]}}, {"type":"Feature","id":129,"properties":{"_id":"68428e9cabdf33f4484a6d44","createdBy":"OPONcQnzWGOLiJSceNaf8pvx1fA2","createdAt":"2025-06-06T06:45:48.541Z","updatedBy":"OPONcQnzWGOLiJSceNaf8pvx1fA2","updatedAt":"2025-06-06T07:06:23.028Z","name":"NATIONALPARK HOHE TAUERN AUSSENZONE K9","dataIngestion":true,"type":29,"icaoClass":8,"activity":0,"onDemand":false,"onRequest":false,"byNotam":false,"specialAgreement":false,"requestCompliance":false,"country":"AT","upperLimit":{"value":16400,"unit":1,"referenceDatum":1},"lowerLimit":{"value":0,"unit":1,"referenceDatum":0},"hoursOfOperation":{"operatingHours":[{"dayOfWeek":0,"startTime":"00:00","endTime":"00:00","byNotam":false,"sunrise":false,"sunset":false,"publicHolidaysExcluded":false},{"dayOfWeek":1,"startTime":"00:00","endTime":"00:00","byNotam":false,"sunrise":false,"sunset":false,"publicHolidaysExcluded":false},{"dayOfWeek":2,"startTime":"00:00","endTime":"00:00","byNotam":false,"sunrise":false,"sunset":false,"publicHolidaysExcluded":false},{"dayOfWeek":3,"startTime":"00:00","endTime":"00:00","byNotam":false,"sunrise":false,"sunset":false,"publicHolidaysExcluded":false},{"dayOfWeek":4,"startTime":"00:00","endTime":"00:00","byNotam":false,"sunrise":false,"sunset":false,"publicHolidaysExcluded":false},{"dayOfWeek":5,"startTime":"00:00","endTime":"00:00","byNotam":false,"sunrise":false,"sunset":false,"publicHolidaysExcluded":false},{"dayOfWeek":6,"startTime":"00:00","endTime":"00:00","byNotam":false,"sunrise":false,"sunset":false,"publicHolidaysExcluded":false}]},"remarks":"Motorized aircrafts below an altitude of 5000 m (16400 ft) not permitted.\nTake-off or landing with non-motorized aerial devices or aircraft that can be operated independently in flight is prohibited.\nThis includes hang- and paragliding, whereby the overflight is allowed.","deletable":false},"geometry":{"type":"Polygon","coordinates":[[[13.21164,46.96717],[13.21179,46.96639],[13.21067,46.96617],[13.21062,46.96536],[13.21116,46.96519],[13.21147,46.96486],[13.21272,46.96478],[13.21287,46.96363],[13.21267,46.96346],[13.21246,46.96227],[13.21166,46.96223],[13.21089,46.96252],[13.21027,46.96214],[13.20997,46.96116],[13.21004,46.96082],[13.20939,46.96025],[13.20962,46.95976],[13.21085,46.95998],[13.21143,46.9607],[13.21326,46.96133],[13.21377,46.96076],[13.21418,46.96082],[13.21502,46.96126],[13.21456,46.96179],[13.21502,46.96236],[13.21632,46.96303],[13.2174,46.9618],[13.21724,46.9611],[13.2198,46.96175],[13.22191,46.96093],[13.22613,46.96102],[13.22752,46.96057],[13.228,46.96069],[13.2278,46.96142],[13.22831,46.96214],[13.23043,46.96117],[13.23075,46.96025],[13.23333,46.96114],[13.23336,46.96086],[13.23373,46.96069],[13.23494,46.9611],[13.23485,46.96059],[13.23504,46.96034],[13.23552,46.9606],[13.23686,46.95997],[13.24086,46.95861],[13.24335,46.95431],[13.24463,46.95347],[13.24481,46.95257],[13.24569,46.95237],[13.24551,46.95209],[13.24836,46.95103],[13.24517,46.9475],[13.24486,46.94738],[13.2448,46.947],[13.24459,46.94682],[13.2447,46.94658],[13.24381,46.94616],[13.24161,46.94566],[13.24106,46.94586],[13.24018,46.94549],[13.23857,46.94568],[13.23794,46.94559],[13.23785,46.94635],[13.23566,46.94698],[13.23514,46.94667],[13.23462,46.94675],[13.23363,46.9457],[13.23137,46.94489],[13.2312,46.9447],[13.22962,46.94488],[13.22855,46.94454],[13.22762,46.94395],[13.22615,46.94366],[13.22579,46.94399],[13.22508,46.94411],[13.22428,46.94384],[13.22194,46.9423],[13.22239,46.94123],[13.22221,46.94086],[13.22243,46.94044],[13.22286,46.93982],[13.22418,46.93891],[13.22501,46.93876],[13.22522,46.93901],[13.2255,46.93906],[13.22719,46.93855],[13.22904,46.93861],[13.23038,46.9383],[13.23127,46.93847],[13.23223,46.93829],[13.23242,46.93885],[13.23428,46.93841],[13.2343,46.9381],[13.23462,46.93797],[13.23501,46.93713],[13.23466,46.93674],[13.23515,46.93652],[13.23554,46.9359],[13.23602,46.93567],[13.23602,46.93487],[13.23639,46.93464],[13.23639,46.93438],[13.23731,46.93393],[13.23748,46.93371],[13.23738,46.93359],[13.23775,46.93331],[13.24027,46.93471],[13.2406,46.93528],[13.24145,46.93593],[13.24151,46.9358],[13.24196,46.93586],[13.24201,46.93607],[13.24185,46.93623],[13.24205,46.93668],[13.24173,46.93727],[13.24087,46.93769],[13.24095,46.93808],[13.24149,46.93852],[13.2437,46.93772],[13.24394,46.93813],[13.24663,46.93822],[13.24655,46.93778],[13.24804,46.9374],[13.2497,46.93641],[13.25062,46.93662],[13.2512,46.93732],[13.25148,46.93797],[13.25188,46.93826],[13.25263,46.93818],[13.2527,46.93849],[13.25338,46.93876],[13.25377,46.93833],[13.25502,46.93908],[13.25433,46.93934],[13.25466,46.93964],[13.25392,46.94007],[13.25478,46.94049],[13.25434,46.94103],[13.2555,46.94173],[13.25468,46.94195],[13.25469,46.94245],[13.25455,46.94259],[13.25486,46.9427],[13.25497,46.94299],[13.2556,46.94345],[13.25624,46.94333],[13.25692,46.94256],[13.25735,46.94285],[13.25857,46.94311],[13.26083,46.94192],[13.26271,46.94183],[13.2632,46.94165],[13.26443,46.94185],[13.26663,46.94163],[13.26674,46.94232],[13.2663,46.94383],[13.26733,46.94561],[13.26786,46.94369],[13.26772,46.94287],[13.26868,46.94324],[13.26966,46.94207],[13.27235,46.94595],[13.27132,46.94739],[13.26719,46.94632],[13.25775,46.94792],[13.25256,46.95047],[13.25443,46.95102],[13.26132,46.95045],[13.25976,46.95165],[13.2592,46.95296],[13.25881,46.95458],[13.25687,46.95625],[13.25735,46.95609],[13.25436,46.95992],[13.25155,46.96661],[13.24978,46.96595],[13.24245,46.96043],[13.2421,46.96133],[13.24181,46.96122],[13.24109,46.96157],[13.24063,46.96246],[13.24096,46.96272],[13.24081,46.9632],[13.24216,46.96545],[13.24129,46.96568],[13.24,46.96566],[13.2394,46.96516],[13.23711,46.96459],[13.23516,46.96519],[13.23514,46.96536],[13.2342,46.96572],[13.22996,46.9661],[13.2282,46.96693],[13.22712,46.96704],[13.22581,46.96694],[13.22369,46.96581],[13.22024,46.96497],[13.21881,46.96617],[13.21793,46.96631],[13.21547,46.96599],[13.21564,46.96667],[13.21457,46.9669],[13.2138,46.9673],[13.21281,46.96735],[13.21194,46.96762],[13.21164,46.96717]]]}}, {"type":"Feature","id":130,"properties":{"_id":"68428e9cabdf33f4484a6d47","createdBy":"OPONcQnzWGOLiJSceNaf8pvx1fA2","createdAt":"2025-06-06T06:45:48.563Z","updatedBy":"OPONcQnzWGOLiJSceNaf8pvx1fA2","updatedAt":"2025-06-06T07:06:22.839Z","name":"NATIONALPARK HOHE TAUERN AUSSENZONE T1","dataIngestion":true,"type":29,"icaoClass":8,"activity":0,"onDemand":false,"onRequest":false,"byNotam":false,"specialAgreement":false,"requestCompliance":false,"country":"AT","upperLimit":{"value":16400,"unit":1,"referenceDatum":1},"lowerLimit":{"value":0,"unit":1,"referenceDatum":0},"hoursOfOperation":{"operatingHours":[{"dayOfWeek":0,"startTime":"00:00","endTime":"00:00","byNotam":false,"sunrise":false,"sunset":false,"publicHolidaysExcluded":false},{"dayOfWeek":1,"startTime":"00:00","endTime":"00:00","byNotam":false,"sunrise":false,"sunset":false,"publicHolidaysExcluded":false},{"dayOfWeek":2,"startTime":"00:00","endTime":"00:00","byNotam":false,"sunrise":false,"sunset":false,"publicHolidaysExcluded":false},{"dayOfWeek":3,"startTime":"00:00","endTime":"00:00","byNotam":false,"sunrise":false,"sunset":false,"publicHolidaysExcluded":false},{"dayOfWeek":4,"startTime":"00:00","endTime":"00:00","byNotam":false,"sunrise":false,"sunset":false,"publicHolidaysExcluded":false},{"dayOfWeek":5,"startTime":"00:00","endTime":"00:00","byNotam":false,"sunrise":false,"sunset":false,"publicHolidaysExcluded":false},{"dayOfWeek":6,"startTime":"00:00","endTime":"00:00","byNotam":false,"sunrise":false,"sunset":false,"publicHolidaysExcluded":false}]},"remarks":"Motorized aircrafts below an altitude of 5000 m (16400 ft) not permitted.\nTake-off or landing with non-motorized aerial devices or aircraft that can be operated independently in flight is prohibited.\nThis includes hang- and paragliding, whereby the overflight is allowed.","deletable":false},"geometry":{"type":"Polygon","coordinates":[[[12.18566,47.01599],[12.1884,47.02369],[12.17761,47.02029],[12.1775,47.01594],[12.16938,47.00572],[12.15957,47.00215],[12.15437,47.01491],[12.1474,47.02036],[12.13889,47.01665],[12.13507,47.01378],[12.1271,47.00557],[12.12288,47.00417],[12.12347,47.004],[12.12366,47.00373],[12.12412,47.00354],[12.1246,47.00289],[12.12512,47.00253],[12.12505,47.00206],[12.12547,47.00181],[12.12584,47.00079],[12.12655,47],[12.12667,46.99891],[12.1264,46.99827],[12.12634,46.99766],[12.1259,46.99715],[12.12664,46.99653],[12.1287,46.99535],[12.12941,46.99463],[12.13011,46.99355],[12.13064,46.99323],[12.12991,46.99277],[12.12989,46.99247],[12.12928,46.99259],[12.12919,46.99244],[12.12857,46.99235],[12.13004,46.98813],[12.12962,46.98805],[12.12892,46.98741],[12.12811,46.98623],[12.12818,46.98595],[12.12769,46.98579],[12.12751,46.98551],[12.12813,46.98503],[12.13209,46.98466],[12.1334,46.98332],[12.13317,46.98296],[12.13471,46.983],[12.13612,46.98275],[12.13645,46.98305],[12.1378,46.98294],[12.13794,46.98255],[12.13775,46.98222],[12.13819,46.98199],[12.13819,46.98074],[12.13803,46.98075],[12.13798,46.9801],[12.13818,46.97989],[12.13735,46.97954],[12.13676,46.97594],[12.13597,46.97528],[12.13682,46.97469],[12.13705,46.97358],[12.13646,46.97345],[12.13633,46.97317],[12.13555,46.97263],[12.13601,46.97099],[12.13564,46.97018],[12.13584,46.96993],[12.13577,46.96911],[12.13629,46.9684],[12.13645,46.96742],[12.13676,46.96711],[12.13721,46.96374],[12.14251,46.96569],[12.14592,46.96738],[12.15161,46.9658],[12.16065,46.96585],[12.17208,46.96092],[12.17677,46.95563],[12.18073,46.95602],[12.18785,46.95223],[12.18973,46.95046],[12.1941,46.9478],[12.19733,46.95478],[12.2004,46.95177],[12.207,46.9473],[12.21903,46.94012],[12.22186,46.94109],[12.22155,46.94258],[12.21945,46.94367],[12.21943,46.9444],[12.22438,46.94649],[12.23011,46.93756],[12.23401,46.93818],[12.23262,46.9369],[12.23321,46.93368],[12.23644,46.93236],[12.23475,46.93214],[12.23739,46.92964],[12.23703,46.92868],[12.24013,46.92829],[12.23998,46.92785],[12.24272,46.92723],[12.24457,46.92646],[12.24704,46.92573],[12.2452,46.92495],[12.25182,46.92413],[12.25315,46.9225],[12.25379,46.92214],[12.25429,46.92211],[12.2549,46.9234],[12.25536,46.92197],[12.25704,46.92218],[12.25858,46.92202],[12.25991,46.92298],[12.26063,46.92124],[12.26144,46.92046],[12.26307,46.92077],[12.26386,46.92027],[12.26549,46.92012],[12.26853,46.92054],[12.26872,46.92148],[12.27114,46.92128],[12.27491,46.92298],[12.27707,46.92159],[12.27719,46.92169],[12.27943,46.92159],[12.27906,46.92134],[12.28041,46.9203],[12.28267,46.9206],[12.28254,46.91987],[12.28405,46.91995],[12.2841,46.91941],[12.28568,46.91871],[12.28626,46.91866],[12.2869,46.91889],[12.28774,46.92101],[12.28886,46.92081],[12.28938,46.92041],[12.2896,46.92001],[12.29087,46.91999],[12.29216,46.9195],[12.29355,46.91933],[12.29511,46.91934],[12.29589,46.91975],[12.29668,46.91984],[12.29818,46.91966],[12.29945,46.91992],[12.29965,46.92043],[12.30013,46.92026],[12.30045,46.92038],[12.30102,46.92094],[12.30079,46.92134],[12.30133,46.92226],[12.30226,46.92272],[12.30216,46.92339],[12.30076,46.92608],[12.30252,46.92511],[12.30534,46.92496],[12.30514,46.92634],[12.30582,46.92622],[12.30618,46.92548],[12.3067,46.92566],[12.3066,46.92647],[12.30768,46.92596],[12.30831,46.92586],[12.30791,46.92506],[12.30992,46.92496],[12.31091,46.92467],[12.31204,46.9251],[12.31347,46.92638],[12.3149,46.92628],[12.31597,46.92598],[12.31678,46.92536],[12.31729,46.9252],[12.31781,46.92516],[12.31814,46.92545],[12.31819,46.92581],[12.31859,46.92585],[12.31879,46.92612],[12.31903,46.92606],[12.319,46.92591],[12.31983,46.92565],[12.31994,46.92545],[12.32135,46.92573],[12.3229,46.92579],[12.32432,46.92515],[12.32496,46.92542],[12.32567,46.92517],[12.32627,46.92525],[12.32624,46.92584],[12.32643,46.92651],[12.32596,46.92676],[12.32562,46.92732],[12.32537,46.92829],[12.32426,46.92868],[12.32399,46.92902],[12.32364,46.93017],[12.32447,46.92991],[12.32588,46.93025],[12.32588,46.93053],[12.32636,46.93073],[12.32671,46.93149],[12.32585,46.93241],[12.32597,46.93271],[12.32691,46.93308],[12.32726,46.93368],[12.3272,46.93384],[12.32621,46.93408],[12.32581,46.93434],[12.32382,46.93671],[12.32332,46.93698],[12.32342,46.93756],[12.32244,46.93829],[12.32197,46.93912],[12.3197,46.94133],[12.31116,46.94548],[12.31143,46.94598],[12.30524,46.94653],[12.30802,46.94971],[12.31004,46.94927],[12.3122,46.94909],[12.31257,46.94925],[12.31447,46.94939],[12.31483,46.94913],[12.31493,46.94937],[12.31518,46.94935],[12.31514,46.95027],[12.31465,46.95257],[12.31489,46.95354],[12.31514,46.95373],[12.32785,46.94988],[12.32765,46.94879],[12.32773,46.94792],[12.33147,46.94621],[12.33195,46.94586],[12.3321,46.94601],[12.3324,46.94598],[12.33301,46.94546],[12.33775,46.94282],[12.34109,46.9416],[12.34306,46.94008],[12.34342,46.93975],[12.34307,46.93855],[12.34238,46.93827],[12.34226,46.9376],[12.34392,46.93309],[12.34374,46.93275],[12.34402,46.93209],[12.34513,46.93125],[12.34471,46.93056],[12.34616,46.92938],[12.34682,46.92847],[12.34576,46.92751],[12.34525,46.92619],[12.346,46.92559],[12.34698,46.92513],[12.34804,46.92544],[12.34867,46.92599],[12.34889,46.926],[12.34887,46.92611],[12.34957,46.92621],[12.35073,46.92707],[12.3515,46.92707],[12.35182,46.92654],[12.35188,46.9268],[12.35245,46.92721],[12.35262,46.92705],[12.35424,46.92702],[12.35622,46.92948],[12.35779,46.9298],[12.3578,46.9291],[12.35924,46.92859],[12.36027,46.92792],[12.3604,46.92717],[12.36073,46.92692],[12.36382,46.92589],[12.36387,46.92517],[12.36565,46.92518],[12.36581,46.92559],[12.36782,46.92569],[12.36871,46.92591],[12.36946,46.92672],[12.37098,46.92649],[12.37206,46.92616],[12.37496,46.92609],[12.37539,46.92556],[12.37629,46.92524],[12.37794,46.92518],[12.37947,46.92546],[12.38007,46.92586],[12.38181,46.92561],[12.38246,46.9257],[12.3823,46.92633],[12.38295,46.92747],[12.3834,46.92786],[12.38314,46.92862],[12.38376,46.9289],[12.38418,46.92929],[12.38441,46.92798],[12.38436,46.92688],[12.38608,46.92682],[12.38623,46.92697],[12.38771,46.92704],[12.38942,46.9267],[12.3918,46.9269],[12.39273,46.92736],[12.39497,46.92755],[12.39501,46.92779],[12.39406,46.92866],[12.39485,46.92878],[12.39661,46.92818],[12.39714,46.92839],[12.39778,46.92833],[12.39919,46.92922],[12.39891,46.92985],[12.39824,46.92989],[12.39844,46.93106],[12.39913,46.9318],[12.40051,46.93237],[12.39888,46.93307],[12.39946,46.93324],[12.39861,46.93419],[12.39853,46.93525],[12.39934,46.93496],[12.40388,46.93413],[12.40413,46.93431],[12.4049,46.93564],[12.40809,46.93517],[12.40901,46.93537],[12.41137,46.93457],[12.41121,46.93475],[12.41296,46.9352],[12.41333,46.93569],[12.41454,46.93588],[12.41539,46.93579],[12.41588,46.93592],[12.41594,46.93616],[12.41724,46.93637],[12.41802,46.93733],[12.42319,46.93742],[12.4238,46.93785],[12.42738,46.93846],[12.42833,46.93842],[12.42834,46.93827],[12.42972,46.93789],[12.43071,46.93785],[12.43149,46.9383],[12.43144,46.93878],[12.43217,46.9383],[12.43323,46.93877],[12.43396,46.93829],[12.43522,46.93852],[12.43545,46.93841],[12.43492,46.93779],[12.43559,46.93708],[12.43669,46.93653],[12.43722,46.93666],[12.43901,46.93604],[12.43882,46.93563],[12.43906,46.93515],[12.43851,46.93344],[12.43937,46.9333],[12.44168,46.93391],[12.44325,46.93395],[12.44416,46.93424],[12.44399,46.93523],[12.44441,46.93531],[12.44544,46.93465],[12.44601,46.93503],[12.4457,46.93631],[12.44496,46.93697],[12.44525,46.93714],[12.44474,46.93887],[12.44606,46.93911],[12.4465,46.93934],[12.44711,46.93987],[12.44747,46.94045],[12.4474,46.94],[12.44939,46.9386],[12.4529,46.93778],[12.45338,46.93932],[12.45495,46.9385],[12.45499,46.93891],[12.45728,46.93775],[12.45758,46.93743],[12.45798,46.93788],[12.45857,46.93736],[12.45867,46.9365],[12.45944,46.93595],[12.45994,46.93579],[12.46091,46.93683],[12.46077,46.93751],[12.4613,46.93729],[12.4616,46.93736],[12.46109,46.9377],[12.46134,46.93825],[12.46183,46.93864],[12.46348,46.93851],[12.46425,46.93915],[12.4655,46.93837],[12.46672,46.93808],[12.46709,46.93905],[12.46774,46.93928],[12.46775,46.9397],[12.46864,46.94025],[12.46924,46.94116],[12.46954,46.9409],[12.47035,46.94156],[12.47114,46.94274],[12.47101,46.94346],[12.47163,46.94335],[12.47269,46.94229],[12.47229,46.94153],[12.47223,46.94055],[12.47329,46.94044],[12.47381,46.9398],[12.47473,46.93908],[12.47563,46.94008],[12.47718,46.93973],[12.47701,46.9394],[12.4781,46.93741],[12.47955,46.93783],[12.48515,46.93883],[12.48793,46.93764],[12.48791,46.93602],[12.48711,46.93519],[12.48848,46.93462],[12.48802,46.93392],[12.48908,46.93359],[12.48979,46.93517],[12.4906,46.93495],[12.49084,46.9358],[12.49135,46.93604],[12.49125,46.93572],[12.49168,46.93574],[12.49285,46.93527],[12.49311,46.93496],[12.49673,46.93457],[12.49722,46.9341],[12.50286,46.93379],[12.50371,46.93252],[12.50421,46.93251],[12.50422,46.93389],[12.50441,46.93377],[12.50479,46.93405],[12.50496,46.93374],[12.5059,46.93374],[12.50593,46.93448],[12.50736,46.93476],[12.508,46.9339],[12.50841,46.93409],[12.50934,46.93382],[12.51018,46.93386],[12.51117,46.93305],[12.51269,46.9332],[12.51356,46.93383],[12.51423,46.93379],[12.51503,46.93404],[12.51594,46.93311],[12.51669,46.93283],[12.51794,46.933],[12.51909,46.93294],[12.51872,46.93332],[12.51907,46.93383],[12.51922,46.93369],[12.51962,46.93375],[12.52001,46.9351],[12.52038,46.93444],[12.52121,46.93418],[12.52224,46.93461],[12.52272,46.93425],[12.52294,46.93459],[12.52291,46.93537],[12.52335,46.9359],[12.52427,46.93587],[12.52528,46.93551],[12.52532,46.93646],[12.52571,46.93661],[12.52604,46.93644],[12.52799,46.93647],[12.52796,46.93625],[12.5311,46.93602],[12.53082,46.93688],[12.53265,46.93727],[12.53328,46.93733],[12.53359,46.93668],[12.53758,46.93729],[12.54042,46.93799],[12.54113,46.93832],[12.54533,46.93852],[12.54541,46.93869],[12.54429,46.93881],[12.54389,46.939],[12.54378,46.93914],[12.54389,46.93939],[12.54465,46.9392],[12.54474,46.93948],[12.54395,46.94021],[12.54284,46.94046],[12.54206,46.94015],[12.54148,46.94075],[12.54032,46.94112],[12.53911,46.94216],[12.53898,46.94288],[12.53535,46.94524],[12.53491,46.94814],[12.52938,46.94996],[12.52524,46.9488],[12.52478,46.94994],[12.5247,46.9517],[12.52529,46.9527],[12.52534,46.95323],[12.52628,46.95385],[12.52498,46.95491],[12.52605,46.9556],[12.52721,46.95554],[12.52822,46.95647],[12.52754,46.95713],[12.52661,46.9577],[12.52642,46.95852],[12.52573,46.95931],[12.52451,46.9602],[12.52455,46.96112],[12.52379,46.96198],[12.52816,46.96299],[12.53109,46.96297],[12.52949,46.96426],[12.52867,46.96764],[12.52771,46.96839],[12.52245,46.96872],[12.51961,46.96768],[12.5178,46.97114],[12.51883,46.97178],[12.51961,46.97326],[12.51957,46.9736],[12.51917,46.97359],[12.51931,46.97392],[12.51871,46.97394],[12.51825,46.9742],[12.51788,46.97415],[12.51744,46.97377],[12.51615,46.97476],[12.51561,46.97497],[12.51499,46.97671],[12.5135,46.97611],[12.51352,46.97638],[12.51113,46.97823],[12.50857,46.97583],[12.50847,46.97517],[12.50161,46.97498],[12.50015,46.97481],[12.49834,46.97519],[12.49797,46.97494],[12.49817,46.97446],[12.4972,46.97396],[12.49732,46.97302],[12.49783,46.97217],[12.49641,46.97159],[12.49541,46.97049],[12.49347,46.97042],[12.49191,46.97001],[12.49194,46.97011],[12.48805,46.9715],[12.48911,46.9729],[12.48934,46.97348],[12.48897,46.97397],[12.48828,46.97433],[12.48778,46.97485],[12.48646,46.97428],[12.486,46.9743],[12.48547,46.97356],[12.48531,46.97287],[12.48571,46.97227],[12.485,46.97174],[12.48481,46.97168],[12.48443,46.97214],[12.4816,46.97296],[12.48012,46.97191],[12.47497,46.97063],[12.47459,46.97118],[12.47504,46.97187],[12.47432,46.97179],[12.47311,46.97135],[12.46824,46.97404],[12.46712,46.97499],[12.46663,46.97451],[12.46449,46.97487],[12.46374,46.97385],[12.46074,46.97391],[12.45816,46.97427],[12.45918,46.9748],[12.45939,46.97513],[12.45947,46.97545],[12.45884,46.97654],[12.46109,46.97831],[12.46088,46.97842],[12.4588,46.97796],[12.45867,46.97748],[12.45592,46.97657],[12.45611,46.97599],[12.45527,46.97533],[12.45494,46.97485],[12.45449,46.97348],[12.45341,46.97225],[12.451,46.97002],[12.44768,46.97019],[12.44692,46.9698],[12.44325,46.97102],[12.4418,46.97272],[12.43495,46.97531],[12.43407,46.9771],[12.43271,46.97736],[12.43187,46.97773],[12.43131,46.97743],[12.43008,46.97745],[12.4301,46.97724],[12.42625,46.97769],[12.42572,46.97763],[12.42562,46.97795],[12.42527,46.97825],[12.42547,46.9787],[12.4254,46.97912],[12.42422,46.97823],[12.42363,46.97804],[12.42004,46.97854],[12.41913,46.97834],[12.41901,46.97887],[12.41425,46.98362],[12.41344,46.98472],[12.41719,46.98985],[12.41734,46.99098],[12.41572,46.99128],[12.41579,46.99145],[12.41285,46.99112],[12.41056,46.99128],[12.41008,46.9923],[12.40928,46.99342],[12.40932,46.99449],[12.4077,46.99611],[12.40585,46.99694],[12.40479,46.99803],[12.40303,46.99908],[12.40069,47.00017],[12.40072,47.00043],[12.39983,47.00058],[12.39956,47.00119],[12.40022,47.00224],[12.40087,47.00219],[12.4019,47.00273],[12.40197,47.00307],[12.40276,47.00318],[12.40276,47.00383],[12.40247,47.00431],[12.4026,47.00511],[12.40293,47.00557],[12.40205,47.0056],[12.4016,47.0059],[12.39932,47.00562],[12.39899,47.00573],[12.39782,47.00564],[12.3975,47.005],[12.39718,47.00481],[12.39665,47.00494],[12.3964,47.00464],[12.39452,47.00432],[12.39433,47.00379],[12.39102,47.00285],[12.39185,47.00253],[12.39264,47.00097],[12.3918,47.00012],[12.3903,47.00015],[12.38811,46.99958],[12.38627,46.99954],[12.38527,46.99923],[12.38468,46.99881],[12.38466,46.99799],[12.38508,46.99741],[12.3865,46.996],[12.38841,46.99493],[12.38477,46.99383],[12.38216,46.99453],[12.37988,46.99236],[12.38021,46.99105],[12.3788,46.98906],[12.3759,46.98724],[12.37685,46.98586],[12.37425,46.98365],[12.37273,46.98045],[12.36968,46.97523],[12.36965,46.97446],[12.36788,46.97422],[12.36642,46.97352],[12.35999,46.97228],[12.35864,46.97233],[12.35775,46.97276],[12.35496,46.97586],[12.35423,46.97472],[12.35099,46.97405],[12.34851,46.97304],[12.34776,46.97127],[12.34783,46.96868],[12.35126,46.96513],[12.35183,46.96437],[12.3522,46.96327],[12.35328,46.96166],[12.354,46.96113],[12.3555,46.95956],[12.35556,46.95906],[12.35578,46.95891],[12.35616,46.95814],[12.35691,46.95765],[12.35718,46.95701],[12.35651,46.95533],[12.35673,46.95492],[12.35813,46.95331],[12.36162,46.9531],[12.36374,46.95283],[12.36501,46.95247],[12.36645,46.9516],[12.36684,46.95072],[12.36749,46.94999],[12.36703,46.94904],[12.36487,46.94771],[12.36376,46.94648],[12.36311,46.94512],[12.36344,46.94394],[12.36163,46.94288],[12.34661,46.94056],[12.34447,46.94567],[12.34415,46.94758],[12.34319,46.94904],[12.34271,46.95055],[12.34142,46.95135],[12.34039,46.95249],[12.33929,46.95467],[12.33878,46.95467],[12.33533,46.95367],[12.33645,46.95462],[12.33634,46.95858],[12.33554,46.96303],[12.33415,46.96417],[12.32968,46.96239],[12.32523,46.95764],[12.32378,46.95806],[12.32244,46.95912],[12.32302,46.96168],[12.32418,46.9641],[12.32374,46.96572],[12.32394,46.96585],[12.32461,46.96571],[12.32144,46.96871],[12.31978,46.97076],[12.31638,46.96806],[12.31549,46.96767],[12.31443,46.9658],[12.31313,46.96534],[12.31121,46.96585],[12.31104,46.96782],[12.31001,46.96839],[12.30816,46.96884],[12.30942,46.96242],[12.30585,46.96172],[12.30208,46.96724],[12.30024,46.96692],[12.29917,46.96774],[12.29838,46.96894],[12.29683,46.96577],[12.29607,46.96339],[12.29683,46.96127],[12.29446,46.96038],[12.29326,46.96128],[12.29259,46.9623],[12.29172,46.96501],[12.28757,46.96648],[12.28712,46.96907],[12.28617,46.96894],[12.28581,46.96827],[12.28537,46.96786],[12.28531,46.96726],[12.28474,46.96638],[12.28026,46.96911],[12.27855,46.97202],[12.27708,46.97074],[12.27578,46.96148],[12.27881,46.95958],[12.27718,46.95641],[12.27781,46.9547],[12.27902,46.95354],[12.27966,46.95104],[12.28075,46.95078],[12.28117,46.951],[12.28391,46.94816],[12.28884,46.94677],[12.29009,46.94591],[12.29239,46.94629],[12.29645,46.94374],[12.2998,46.94346],[12.30181,46.94234],[12.30511,46.94181],[12.3073,46.94185],[12.31062,46.94068],[12.31106,46.93899],[12.31621,46.93908],[12.31852,46.93788],[12.31842,46.93724],[12.31693,46.93576],[12.312,46.93424],[12.30995,46.93391],[12.3057,46.93413],[12.29931,46.93534],[12.29532,46.93642],[12.29056,46.9344],[12.28652,46.93356],[12.27699,46.93896],[12.27551,46.93883],[12.27401,46.93899],[12.26858,46.93469],[12.25138,46.92824],[12.2509,46.9286],[12.2498,46.93104],[12.24866,46.93282],[12.24754,46.93414],[12.24733,46.93504],[12.24709,46.93731],[12.24621,46.96092],[12.23191,46.96132],[12.19797,46.97308],[12.19727,46.97546],[12.19767,46.97636],[12.1984,46.97771],[12.20062,46.97877],[12.19572,46.98114],[12.19492,46.99408],[12.19148,47.00386],[12.19124,47.01481],[12.18928,47.01454],[12.18566,47.01599]]]}}, {"type":"Feature","id":131,"properties":{"_id":"68428e9cabdf33f4484a6d4a","createdBy":"OPONcQnzWGOLiJSceNaf8pvx1fA2","createdAt":"2025-06-06T06:45:48.614Z","updatedBy":"OPONcQnzWGOLiJSceNaf8pvx1fA2","updatedAt":"2025-06-06T07:06:23.114Z","name":"NATIONALPARK HOHE TAUERN AUSSENZONE T10","dataIngestion":true,"type":29,"icaoClass":8,"activity":0,"onDemand":false,"onRequest":false,"byNotam":false,"specialAgreement":false,"requestCompliance":false,"country":"AT","upperLimit":{"value":16400,"unit":1,"referenceDatum":1},"lowerLimit":{"value":0,"unit":1,"referenceDatum":0},"hoursOfOperation":{"operatingHours":[{"dayOfWeek":0,"startTime":"00:00","endTime":"00:00","byNotam":false,"sunrise":false,"sunset":false,"publicHolidaysExcluded":false},{"dayOfWeek":1,"startTime":"00:00","endTime":"00:00","byNotam":false,"sunrise":false,"sunset":false,"publicHolidaysExcluded":false},{"dayOfWeek":2,"startTime":"00:00","endTime":"00:00","byNotam":false,"sunrise":false,"sunset":false,"publicHolidaysExcluded":false},{"dayOfWeek":3,"startTime":"00:00","endTime":"00:00","byNotam":false,"sunrise":false,"sunset":false,"publicHolidaysExcluded":false},{"dayOfWeek":4,"startTime":"00:00","endTime":"00:00","byNotam":false,"sunrise":false,"sunset":false,"publicHolidaysExcluded":false},{"dayOfWeek":5,"startTime":"00:00","endTime":"00:00","byNotam":false,"sunrise":false,"sunset":false,"publicHolidaysExcluded":false},{"dayOfWeek":6,"startTime":"00:00","endTime":"00:00","byNotam":false,"sunrise":false,"sunset":false,"publicHolidaysExcluded":false}]},"remarks":"Motorized aircrafts below an altitude of 5000 m (16400 ft) not permitted.\nTake-off or landing with non-motorized aerial devices or aircraft that can be operated independently in flight is prohibited.\nThis includes hang- and paragliding, whereby the overflight is allowed.","deletable":false},"geometry":{"type":"Polygon","coordinates":[[[12.55464,47.08096],[12.55034,47.08222],[12.5465,47.08375],[12.54485,47.08396],[12.54408,47.08318],[12.54436,47.08233],[12.54528,47.08102],[12.5456,47.08015],[12.54526,47.07945],[12.54523,47.07897],[12.54556,47.07856],[12.54631,47.07858],[12.54623,47.07819],[12.54647,47.07671],[12.54582,47.07576],[12.54204,47.07483],[12.54205,47.07423],[12.54343,47.07407],[12.54286,47.07345],[12.54225,47.07345],[12.54125,47.07268],[12.54026,47.07236],[12.54005,47.07089],[12.54094,47.07055],[12.53726,47.07046],[12.53685,47.06991],[12.53659,47.06899],[12.53549,47.06894],[12.53554,47.06767],[12.53628,47.0679],[12.53628,47.06738],[12.53764,47.0673],[12.53925,47.06694],[12.53921,47.06576],[12.53743,47.06491],[12.53644,47.06278],[12.53628,47.06211],[12.53784,47.06195],[12.53774,47.06143],[12.54031,47.06126],[12.54175,47.06079],[12.54316,47.06056],[12.54558,47.05934],[12.54531,47.06035],[12.55166,47.05826],[12.55733,47.05929],[12.55823,47.06104],[12.56142,47.06398],[12.56293,47.06509],[12.56269,47.0673],[12.56481,47.0683],[12.56911,47.06954],[12.57115,47.07147],[12.57241,47.07336],[12.57178,47.07513],[12.57241,47.07757],[12.56386,47.078],[12.56256,47.07955],[12.5611,47.08042],[12.55925,47.08079],[12.55633,47.08053],[12.55464,47.08096]]]}}, {"type":"Feature","id":132,"properties":{"_id":"68428e9cabdf33f4484a6d4d","createdBy":"OPONcQnzWGOLiJSceNaf8pvx1fA2","createdAt":"2025-06-06T06:45:48.628Z","updatedBy":"OPONcQnzWGOLiJSceNaf8pvx1fA2","updatedAt":"2025-06-06T07:06:23.615Z","name":"NATIONALPARK HOHE TAUERN AUSSENZONE T11","dataIngestion":true,"type":29,"icaoClass":8,"activity":0,"onDemand":false,"onRequest":false,"byNotam":false,"specialAgreement":false,"requestCompliance":false,"country":"AT","upperLimit":{"value":16400,"unit":1,"referenceDatum":1},"lowerLimit":{"value":0,"unit":1,"referenceDatum":0},"hoursOfOperation":{"operatingHours":[{"dayOfWeek":0,"startTime":"00:00","endTime":"00:00","byNotam":false,"sunrise":false,"sunset":false,"publicHolidaysExcluded":false},{"dayOfWeek":1,"startTime":"00:00","endTime":"00:00","byNotam":false,"sunrise":false,"sunset":false,"publicHolidaysExcluded":false},{"dayOfWeek":2,"startTime":"00:00","endTime":"00:00","byNotam":false,"sunrise":false,"sunset":false,"publicHolidaysExcluded":false},{"dayOfWeek":3,"startTime":"00:00","endTime":"00:00","byNotam":false,"sunrise":false,"sunset":false,"publicHolidaysExcluded":false},{"dayOfWeek":4,"startTime":"00:00","endTime":"00:00","byNotam":false,"sunrise":false,"sunset":false,"publicHolidaysExcluded":false},{"dayOfWeek":5,"startTime":"00:00","endTime":"00:00","byNotam":false,"sunrise":false,"sunset":false,"publicHolidaysExcluded":false},{"dayOfWeek":6,"startTime":"00:00","endTime":"00:00","byNotam":false,"sunrise":false,"sunset":false,"publicHolidaysExcluded":false}]},"remarks":"Motorized aircrafts below an altitude of 5000 m (16400 ft) not permitted.\nTake-off or landing with non-motorized aerial devices or aircraft that can be operated independently in flight is prohibited.\nThis includes hang- and paragliding, whereby the overflight is allowed.","deletable":false},"geometry":{"type":"Polygon","coordinates":[[[12.71244,46.97075],[12.71317,46.97241],[12.69419,46.97578],[12.69082,46.9702],[12.6911,46.96995],[12.69102,46.96983],[12.68956,46.9701],[12.68877,46.96961],[12.68864,46.96899],[12.68803,46.9688],[12.68766,46.96889],[12.68708,46.96859],[12.68548,46.96901],[12.68522,46.96887],[12.68512,46.96856],[12.68447,46.96833],[12.68346,46.9683],[12.6835,46.96803],[12.68396,46.96766],[12.68402,46.96725],[12.6839,46.96719],[12.68354,46.96732],[12.68208,46.96854],[12.68198,46.96978],[12.68259,46.9716],[12.68046,46.97312],[12.67858,46.97245],[12.67841,46.97103],[12.67728,46.97142],[12.6768,46.97076],[12.67377,46.97161],[12.67157,46.97263],[12.67124,46.97192],[12.67039,46.9713],[12.66944,46.97299],[12.66957,46.97359],[12.66724,46.974],[12.66687,46.9743],[12.66659,46.97523],[12.65644,46.97532],[12.65872,46.97263],[12.66273,46.97057],[12.66968,46.96622],[12.68326,46.96007],[12.69217,46.95996],[12.68732,46.96578],[12.69034,46.96703],[12.69538,46.96661],[12.70356,46.96471],[12.71104,46.96757],[12.71244,46.97075]]]}}, {"type":"Feature","id":133,"properties":{"_id":"68428e9cabdf33f4484a6d50","createdBy":"OPONcQnzWGOLiJSceNaf8pvx1fA2","createdAt":"2025-06-06T06:45:48.640Z","updatedBy":"OPONcQnzWGOLiJSceNaf8pvx1fA2","updatedAt":"2025-06-06T07:06:22.955Z","name":"NATIONALPARK HOHE TAUERN AUSSENZONE T12","dataIngestion":true,"type":29,"icaoClass":8,"activity":0,"onDemand":false,"onRequest":false,"byNotam":false,"specialAgreement":false,"requestCompliance":false,"country":"AT","upperLimit":{"value":16400,"unit":1,"referenceDatum":1},"lowerLimit":{"value":0,"unit":1,"referenceDatum":0},"hoursOfOperation":{"operatingHours":[{"dayOfWeek":0,"startTime":"00:00","endTime":"00:00","byNotam":false,"sunrise":false,"sunset":false,"publicHolidaysExcluded":false},{"dayOfWeek":1,"startTime":"00:00","endTime":"00:00","byNotam":false,"sunrise":false,"sunset":false,"publicHolidaysExcluded":false},{"dayOfWeek":2,"startTime":"00:00","endTime":"00:00","byNotam":false,"sunrise":false,"sunset":false,"publicHolidaysExcluded":false},{"dayOfWeek":3,"startTime":"00:00","endTime":"00:00","byNotam":false,"sunrise":false,"sunset":false,"publicHolidaysExcluded":false},{"dayOfWeek":4,"startTime":"00:00","endTime":"00:00","byNotam":false,"sunrise":false,"sunset":false,"publicHolidaysExcluded":false},{"dayOfWeek":5,"startTime":"00:00","endTime":"00:00","byNotam":false,"sunrise":false,"sunset":false,"publicHolidaysExcluded":false},{"dayOfWeek":6,"startTime":"00:00","endTime":"00:00","byNotam":false,"sunrise":false,"sunset":false,"publicHolidaysExcluded":false}]},"remarks":"Motorized aircrafts below an altitude of 5000 m (16400 ft) not permitted.\nTake-off or landing with non-motorized aerial devices or aircraft that can be operated independently in flight is prohibited.\nThis includes hang- and paragliding, whereby the overflight is allowed.","deletable":false},"geometry":{"type":"Polygon","coordinates":[[[12.69911,47.04363],[12.70042,47.04971],[12.6933,47.05012],[12.6916,47.05072],[12.69134,47.05156],[12.69173,47.05232],[12.69169,47.05304],[12.69043,47.05377],[12.68948,47.05379],[12.688,47.05315],[12.6876,47.04359],[12.68782,47.04073],[12.6902,47.04118],[12.69187,47.04193],[12.69441,47.04105],[12.6937,47.0395],[12.69511,47.03773],[12.69516,47.03728],[12.69473,47.03629],[12.6949,47.03564],[12.69281,47.03351],[12.69419,47.03364],[12.69362,47.0333],[12.69376,47.03287],[12.69273,47.03273],[12.69141,47.03311],[12.69112,47.0329],[12.6913,47.03203],[12.69083,47.03132],[12.69076,47.02958],[12.69014,47.02804],[12.69034,47.02634],[12.69164,47.02542],[12.69305,47.02521],[12.69293,47.02589],[12.69323,47.02664],[12.697,47.02745],[12.69764,47.02849],[12.7,47.02941],[12.70733,47.03559],[12.70572,47.04162],[12.70256,47.04345],[12.69889,47.04247],[12.69911,47.04363]]]}}, {"type":"Feature","id":134,"properties":{"_id":"68428e9cabdf33f4484a6d53","createdBy":"OPONcQnzWGOLiJSceNaf8pvx1fA2","createdAt":"2025-06-06T06:45:48.674Z","updatedBy":"OPONcQnzWGOLiJSceNaf8pvx1fA2","updatedAt":"2025-06-06T07:06:23.251Z","name":"NATIONALPARK HOHE TAUERN AUSSENZONE T13","dataIngestion":true,"type":29,"icaoClass":8,"activity":0,"onDemand":false,"onRequest":false,"byNotam":false,"specialAgreement":false,"requestCompliance":false,"country":"AT","upperLimit":{"value":16400,"unit":1,"referenceDatum":1},"lowerLimit":{"value":0,"unit":1,"referenceDatum":0},"hoursOfOperation":{"operatingHours":[{"dayOfWeek":0,"startTime":"00:00","endTime":"00:00","byNotam":false,"sunrise":false,"sunset":false,"publicHolidaysExcluded":false},{"dayOfWeek":1,"startTime":"00:00","endTime":"00:00","byNotam":false,"sunrise":false,"sunset":false,"publicHolidaysExcluded":false},{"dayOfWeek":2,"startTime":"00:00","endTime":"00:00","byNotam":false,"sunrise":false,"sunset":false,"publicHolidaysExcluded":false},{"dayOfWeek":3,"startTime":"00:00","endTime":"00:00","byNotam":false,"sunrise":false,"sunset":false,"publicHolidaysExcluded":false},{"dayOfWeek":4,"startTime":"00:00","endTime":"00:00","byNotam":false,"sunrise":false,"sunset":false,"publicHolidaysExcluded":false},{"dayOfWeek":5,"startTime":"00:00","endTime":"00:00","byNotam":false,"sunrise":false,"sunset":false,"publicHolidaysExcluded":false},{"dayOfWeek":6,"startTime":"00:00","endTime":"00:00","byNotam":false,"sunrise":false,"sunset":false,"publicHolidaysExcluded":false}]},"remarks":"Motorized aircrafts below an altitude of 5000 m (16400 ft) not permitted.\nTake-off or landing with non-motorized aerial devices or aircraft that can be operated independently in flight is prohibited.\nThis includes hang- and paragliding, whereby the overflight is allowed.","deletable":false},"geometry":{"type":"Polygon","coordinates":[[[12.65112,46.95715],[12.64422,46.95937],[12.64264,46.95939],[12.64634,46.95739],[12.64447,46.95628],[12.64358,46.95598],[12.64195,46.95589],[12.64235,46.95573],[12.64243,46.95551],[12.64334,46.95486],[12.64409,46.95521],[12.64475,46.95529],[12.64693,46.95494],[12.64762,46.95522],[12.64811,46.95578],[12.64889,46.95624],[12.6496,46.95568],[12.64934,46.9555],[12.64906,46.95477],[12.64936,46.95432],[12.64868,46.95347],[12.64656,46.95346],[12.64625,46.95322],[12.64205,46.95324],[12.64204,46.95228],[12.64279,46.95228],[12.64334,46.95258],[12.645,46.95287],[12.64584,46.95242],[12.64664,46.95157],[12.64712,46.94977],[12.64684,46.94975],[12.64584,46.95064],[12.64503,46.95064],[12.64477,46.95021],[12.64495,46.94873],[12.64392,46.94954],[12.64279,46.95005],[12.6421,46.94977],[12.64268,46.9495],[12.64217,46.94915],[12.64282,46.94822],[12.64297,46.94705],[12.64167,46.94673],[12.64233,46.94598],[12.64292,46.94481],[12.64158,46.94316],[12.63791,46.93995],[12.63918,46.93959],[12.6401,46.93898],[12.64095,46.93899],[12.64238,46.93818],[12.64436,46.93783],[12.64518,46.93753],[12.6467,46.93735],[12.64948,46.94262],[12.65178,46.94604],[12.66208,46.94847],[12.65601,46.95558],[12.65112,46.95715]]]}}, {"type":"Feature","id":135,"properties":{"_id":"68428e9cabdf33f4484a6d56","createdBy":"OPONcQnzWGOLiJSceNaf8pvx1fA2","createdAt":"2025-06-06T06:45:48.690Z","updatedBy":"OPONcQnzWGOLiJSceNaf8pvx1fA2","updatedAt":"2025-06-06T07:06:23.218Z","name":"NATIONALPARK HOHE TAUERN AUSSENZONE T14","dataIngestion":true,"type":29,"icaoClass":8,"activity":0,"onDemand":false,"onRequest":false,"byNotam":false,"specialAgreement":false,"requestCompliance":false,"country":"AT","upperLimit":{"value":16400,"unit":1,"referenceDatum":1},"lowerLimit":{"value":0,"unit":1,"referenceDatum":0},"hoursOfOperation":{"operatingHours":[{"dayOfWeek":0,"startTime":"00:00","endTime":"00:00","byNotam":false,"sunrise":false,"sunset":false,"publicHolidaysExcluded":false},{"dayOfWeek":1,"startTime":"00:00","endTime":"00:00","byNotam":false,"sunrise":false,"sunset":false,"publicHolidaysExcluded":false},{"dayOfWeek":2,"startTime":"00:00","endTime":"00:00","byNotam":false,"sunrise":false,"sunset":false,"publicHolidaysExcluded":false},{"dayOfWeek":3,"startTime":"00:00","endTime":"00:00","byNotam":false,"sunrise":false,"sunset":false,"publicHolidaysExcluded":false},{"dayOfWeek":4,"startTime":"00:00","endTime":"00:00","byNotam":false,"sunrise":false,"sunset":false,"publicHolidaysExcluded":false},{"dayOfWeek":5,"startTime":"00:00","endTime":"00:00","byNotam":false,"sunrise":false,"sunset":false,"publicHolidaysExcluded":false},{"dayOfWeek":6,"startTime":"00:00","endTime":"00:00","byNotam":false,"sunrise":false,"sunset":false,"publicHolidaysExcluded":false}]},"remarks":"Motorized aircrafts below an altitude of 5000 m (16400 ft) not permitted.\nTake-off or landing with non-motorized aerial devices or aircraft that can be operated independently in flight is prohibited.\nThis includes hang- and paragliding, whereby the overflight is allowed.","deletable":false},"geometry":{"type":"Polygon","coordinates":[[[12.52837,47.10268],[12.53259,47.10518],[12.53434,47.10519],[12.54005,47.10674],[12.53344,47.11055],[12.52918,47.11514],[12.51826,47.11536],[12.51765,47.11297],[12.51809,47.11185],[12.51951,47.11076],[12.51783,47.10843],[12.52318,47.1072],[12.52834,47.10436],[12.52812,47.10253],[12.52837,47.10268]]]}}, {"type":"Feature","id":136,"properties":{"_id":"68428e9cabdf33f4484a6d59","createdBy":"OPONcQnzWGOLiJSceNaf8pvx1fA2","createdAt":"2025-06-06T06:45:48.700Z","updatedBy":"OPONcQnzWGOLiJSceNaf8pvx1fA2","updatedAt":"2025-06-06T07:06:22.483Z","name":"NATIONALPARK HOHE TAUERN AUSSENZONE T15","dataIngestion":true,"type":29,"icaoClass":8,"activity":0,"onDemand":false,"onRequest":false,"byNotam":false,"specialAgreement":false,"requestCompliance":false,"country":"AT","upperLimit":{"value":16400,"unit":1,"referenceDatum":1},"lowerLimit":{"value":0,"unit":1,"referenceDatum":0},"hoursOfOperation":{"operatingHours":[{"dayOfWeek":0,"startTime":"00:00","endTime":"00:00","byNotam":false,"sunrise":false,"sunset":false,"publicHolidaysExcluded":false},{"dayOfWeek":1,"startTime":"00:00","endTime":"00:00","byNotam":false,"sunrise":false,"sunset":false,"publicHolidaysExcluded":false},{"dayOfWeek":2,"startTime":"00:00","endTime":"00:00","byNotam":false,"sunrise":false,"sunset":false,"publicHolidaysExcluded":false},{"dayOfWeek":3,"startTime":"00:00","endTime":"00:00","byNotam":false,"sunrise":false,"sunset":false,"publicHolidaysExcluded":false},{"dayOfWeek":4,"startTime":"00:00","endTime":"00:00","byNotam":false,"sunrise":false,"sunset":false,"publicHolidaysExcluded":false},{"dayOfWeek":5,"startTime":"00:00","endTime":"00:00","byNotam":false,"sunrise":false,"sunset":false,"publicHolidaysExcluded":false},{"dayOfWeek":6,"startTime":"00:00","endTime":"00:00","byNotam":false,"sunrise":false,"sunset":false,"publicHolidaysExcluded":false}]},"remarks":"Motorized aircrafts below an altitude of 5000 m (16400 ft) not permitted.\nTake-off or landing with non-motorized aerial devices or aircraft that can be operated independently in flight is prohibited.\nThis includes hang- and paragliding, whereby the overflight is allowed.","deletable":false},"geometry":{"type":"Polygon","coordinates":[[[12.20619,46.92845],[12.19648,46.92736],[12.19674,46.9223],[12.21218,46.92375],[12.21267,46.92665],[12.20998,46.92836],[12.20651,46.92687],[12.20619,46.92845]]]}}, {"type":"Feature","id":137,"properties":{"_id":"68428e9cabdf33f4484a6d5c","createdBy":"OPONcQnzWGOLiJSceNaf8pvx1fA2","createdAt":"2025-06-06T06:45:48.714Z","updatedBy":"OPONcQnzWGOLiJSceNaf8pvx1fA2","updatedAt":"2025-06-06T07:06:24.027Z","name":"NATIONALPARK HOHE TAUERN AUSSENZONE T2","dataIngestion":true,"type":29,"icaoClass":8,"activity":0,"onDemand":false,"onRequest":false,"byNotam":false,"specialAgreement":false,"requestCompliance":false,"country":"AT","upperLimit":{"value":16400,"unit":1,"referenceDatum":1},"lowerLimit":{"value":0,"unit":1,"referenceDatum":0},"hoursOfOperation":{"operatingHours":[{"dayOfWeek":0,"startTime":"00:00","endTime":"00:00","byNotam":false,"sunrise":false,"sunset":false,"publicHolidaysExcluded":false},{"dayOfWeek":1,"startTime":"00:00","endTime":"00:00","byNotam":false,"sunrise":false,"sunset":false,"publicHolidaysExcluded":false},{"dayOfWeek":2,"startTime":"00:00","endTime":"00:00","byNotam":false,"sunrise":false,"sunset":false,"publicHolidaysExcluded":false},{"dayOfWeek":3,"startTime":"00:00","endTime":"00:00","byNotam":false,"sunrise":false,"sunset":false,"publicHolidaysExcluded":false},{"dayOfWeek":4,"startTime":"00:00","endTime":"00:00","byNotam":false,"sunrise":false,"sunset":false,"publicHolidaysExcluded":false},{"dayOfWeek":5,"startTime":"00:00","endTime":"00:00","byNotam":false,"sunrise":false,"sunset":false,"publicHolidaysExcluded":false},{"dayOfWeek":6,"startTime":"00:00","endTime":"00:00","byNotam":false,"sunrise":false,"sunset":false,"publicHolidaysExcluded":false}]},"remarks":"Motorized aircrafts below an altitude of 5000 m (16400 ft) not permitted.\nTake-off or landing with non-motorized aerial devices or aircraft that can be operated independently in flight is prohibited.\nThis includes hang- and paragliding, whereby the overflight is allowed.","deletable":false},"geometry":{"type":"Polygon","coordinates":[[[12.45949,47.10405],[12.45368,47.10357],[12.43995,47.10391],[12.43064,47.10118],[12.42435,47.1015],[12.41992,47.10193],[12.41731,47.10015],[12.41098,47.09766],[12.41475,47.09649],[12.41813,47.09189],[12.42111,47.09036],[12.41965,47.08927],[12.41592,47.08977],[12.41457,47.08905],[12.41484,47.08865],[12.41606,47.0889],[12.42011,47.08706],[12.41951,47.08624],[12.41675,47.08468],[12.41634,47.08296],[12.41831,47.08178],[12.42767,47.07902],[12.43522,47.08079],[12.44037,47.08284],[12.44034,47.08339],[12.44321,47.08209],[12.44489,47.08026],[12.44674,47.07869],[12.43608,47.07299],[12.4362,47.07094],[12.43997,47.06877],[12.44389,47.06596],[12.43815,47.06257],[12.4368,47.05888],[12.4378,47.05499],[12.44269,47.05192],[12.44709,47.05114],[12.44672,47.0497],[12.4492,47.04852],[12.45314,47.05014],[12.45438,47.05251],[12.45543,47.05193],[12.45879,47.05408],[12.45833,47.05097],[12.45941,47.0473],[12.46202,47.04733],[12.46692,47.05027],[12.47266,47.05011],[12.47726,47.05039],[12.48283,47.0491],[12.48297,47.0487],[12.48065,47.04838],[12.48483,47.04686],[12.48669,47.03894],[12.48829,47.03467],[12.49092,47.03294],[12.49396,47.03211],[12.49767,47.0322],[12.49859,47.03256],[12.50038,47.03211],[12.50482,47.03172],[12.50552,47.03305],[12.50604,47.03296],[12.5062,47.03317],[12.50643,47.03361],[12.50635,47.03418],[12.50664,47.03458],[12.50611,47.03485],[12.50616,47.03558],[12.50646,47.03556],[12.50666,47.03579],[12.50623,47.03685],[12.50693,47.03736],[12.50611,47.039],[12.50452,47.0385],[12.50312,47.03922],[12.50224,47.03838],[12.50089,47.03927],[12.50006,47.03956],[12.49731,47.03962],[12.4971,47.04012],[12.49491,47.0407],[12.49456,47.04009],[12.49308,47.04058],[12.4922,47.04236],[12.49235,47.0433],[12.48774,47.05075],[12.49013,47.05175],[12.49199,47.05295],[12.49192,47.05321],[12.49278,47.05338],[12.49051,47.05411],[12.49066,47.05641],[12.49144,47.05629],[12.49274,47.05649],[12.4932,47.05723],[12.49825,47.05934],[12.49719,47.06003],[12.499,47.06112],[12.49965,47.0606],[12.50133,47.05786],[12.50148,47.0573],[12.50247,47.05667],[12.5028,47.05739],[12.50292,47.05986],[12.50499,47.05919],[12.50593,47.05989],[12.50714,47.05826],[12.50867,47.05693],[12.50928,47.05717],[12.50988,47.05623],[12.51144,47.05683],[12.51048,47.05809],[12.51071,47.05858],[12.51035,47.06019],[12.51112,47.06087],[12.51065,47.06134],[12.51046,47.06203],[12.51062,47.06243],[12.51377,47.06129],[12.51458,47.0613],[12.51484,47.06151],[12.51538,47.06159],[12.51552,47.062],[12.51778,47.06281],[12.51905,47.06426],[12.5179,47.06527],[12.51616,47.06615],[12.5125,47.06713],[12.51171,47.0672],[12.5081,47.06835],[12.50868,47.06911],[12.50803,47.06988],[12.50462,47.06998],[12.50261,47.07054],[12.50731,47.07729],[12.50383,47.08498],[12.50006,47.08452],[12.49719,47.08366],[12.49145,47.08299],[12.49005,47.07991],[12.49233,47.07779],[12.49239,47.07581],[12.49492,47.07407],[12.49831,47.07311],[12.49134,47.0736],[12.49001,47.07519],[12.48401,47.07718],[12.48416,47.08157],[12.48202,47.08236],[12.47801,47.08246],[12.47691,47.08331],[12.47242,47.08352],[12.46731,47.08776],[12.46435,47.08893],[12.46336,47.0931],[12.45963,47.09711],[12.46021,47.09859],[12.45949,47.10405]]]}}, {"type":"Feature","id":138,"properties":{"_id":"68428e9cabdf33f4484a6d5f","createdBy":"OPONcQnzWGOLiJSceNaf8pvx1fA2","createdAt":"2025-06-06T06:45:48.730Z","updatedBy":"OPONcQnzWGOLiJSceNaf8pvx1fA2","updatedAt":"2025-06-06T07:06:23.235Z","name":"NATIONALPARK HOHE TAUERN AUSSENZONE T3","dataIngestion":true,"type":29,"icaoClass":8,"activity":0,"onDemand":false,"onRequest":false,"byNotam":false,"specialAgreement":false,"requestCompliance":false,"country":"AT","upperLimit":{"value":16400,"unit":1,"referenceDatum":1},"lowerLimit":{"value":0,"unit":1,"referenceDatum":0},"hoursOfOperation":{"operatingHours":[{"dayOfWeek":0,"startTime":"00:00","endTime":"00:00","byNotam":false,"sunrise":false,"sunset":false,"publicHolidaysExcluded":false},{"dayOfWeek":1,"startTime":"00:00","endTime":"00:00","byNotam":false,"sunrise":false,"sunset":false,"publicHolidaysExcluded":false},{"dayOfWeek":2,"startTime":"00:00","endTime":"00:00","byNotam":false,"sunrise":false,"sunset":false,"publicHolidaysExcluded":false},{"dayOfWeek":3,"startTime":"00:00","endTime":"00:00","byNotam":false,"sunrise":false,"sunset":false,"publicHolidaysExcluded":false},{"dayOfWeek":4,"startTime":"00:00","endTime":"00:00","byNotam":false,"sunrise":false,"sunset":false,"publicHolidaysExcluded":false},{"dayOfWeek":5,"startTime":"00:00","endTime":"00:00","byNotam":false,"sunrise":false,"sunset":false,"publicHolidaysExcluded":false},{"dayOfWeek":6,"startTime":"00:00","endTime":"00:00","byNotam":false,"sunrise":false,"sunset":false,"publicHolidaysExcluded":false}]},"remarks":"Motorized aircrafts below an altitude of 5000 m (16400 ft) not permitted.\nTake-off or landing with non-motorized aerial devices or aircraft that can be operated independently in flight is prohibited.\nThis includes hang- and paragliding, whereby the overflight is allowed.","deletable":false},"geometry":{"type":"Polygon","coordinates":[[[12.64074,47.05844],[12.6395,47.0602],[12.63559,47.06182],[12.63656,47.06553],[12.64005,47.06905],[12.64062,47.07054],[12.64055,47.07233],[12.63911,47.07413],[12.63848,47.077],[12.63956,47.07894],[12.63896,47.08145],[12.63639,47.08232],[12.63485,47.08497],[12.6328,47.09126],[12.63146,47.09415],[12.62423,47.09123],[12.62021,47.0883],[12.61814,47.08608],[12.61029,47.07043],[12.60678,47.06221],[12.60308,47.0618],[12.60274,47.06109],[12.60082,47.05954],[12.59915,47.05777],[12.59932,47.05523],[12.60086,47.05225],[12.60443,47.05073],[12.60864,47.04925],[12.6124,47.04745],[12.60603,47.0464],[12.60261,47.03974],[12.60414,47.0374],[12.60498,47.03511],[12.60144,47.03446],[12.59818,47.03153],[12.59229,47.03116],[12.59141,47.0322],[12.58967,47.0324],[12.58809,47.03173],[12.5865,47.03031],[12.58092,47.03272],[12.57297,47.03246],[12.57252,47.03133],[12.57794,47.03082],[12.57613,47.02842],[12.56974,47.02689],[12.56528,47.02882],[12.56481,47.02951],[12.56816,47.03055],[12.56937,47.03118],[12.57127,47.03291],[12.56914,47.03667],[12.56977,47.03861],[12.57373,47.0402],[12.5777,47.04225],[12.58385,47.04433],[12.58273,47.04762],[12.57998,47.04903],[12.57817,47.0516],[12.57312,47.05269],[12.56913,47.05275],[12.56594,47.05172],[12.56358,47.05303],[12.55964,47.05237],[12.55294,47.0518],[12.55091,47.0449],[12.54977,47.04395],[12.5498,47.04347],[12.54922,47.04218],[12.54942,47.04144],[12.54885,47.04054],[12.54894,47.03986],[12.54786,47.03826],[12.5454,47.03622],[12.54205,47.03493],[12.53921,47.03421],[12.53373,47.03321],[12.53326,47.03057],[12.5367,47.03023],[12.53671,47.02999],[12.53784,47.02921],[12.5375,47.02896],[12.53801,47.02792],[12.53896,47.02733],[12.53933,47.02673],[12.53641,47.02637],[12.5384,47.02522],[12.5391,47.02459],[12.54293,47.02361],[12.54462,47.02245],[12.54738,47.02226],[12.54739,47.02146],[12.54799,47.02136],[12.54733,47.02052],[12.54756,47.01993],[12.54821,47.01939],[12.54922,47.01964],[12.54969,47.01857],[12.54941,47.01849],[12.55022,47.01773],[12.55106,47.0176],[12.55264,47.01837],[12.55324,47.0184],[12.55366,47.01868],[12.5555,47.01875],[12.55544,47.01849],[12.55723,47.01915],[12.55717,47.01948],[12.55773,47.01954],[12.55798,47.02008],[12.56068,47.02002],[12.56109,47.0208],[12.56155,47.02099],[12.56188,47.02229],[12.56269,47.02233],[12.56306,47.02273],[12.56496,47.02299],[12.56535,47.02318],[12.56779,47.02291],[12.56945,47.02253],[12.56985,47.02292],[12.56981,47.02375],[12.5737,47.02243],[12.57413,47.0213],[12.57458,47.02125],[12.57507,47.02182],[12.57839,47.02352],[12.57921,47.02284],[12.58018,47.0224],[12.58518,47.02251],[12.58657,47.02178],[12.58738,47.02088],[12.58863,47.02055],[12.58933,47.02098],[12.58931,47.02113],[12.59004,47.02178],[12.59282,47.02376],[12.59368,47.02476],[12.59416,47.02602],[12.59471,47.02619],[12.59567,47.02692],[12.59754,47.02621],[12.59875,47.02426],[12.60234,47.02482],[12.60333,47.02478],[12.60332,47.02489],[12.60419,47.02505],[12.60487,47.02492],[12.6088,47.02526],[12.60975,47.02564],[12.61355,47.02605],[12.61322,47.02612],[12.61678,47.02697],[12.61842,47.02674],[12.62178,47.02669],[12.62589,47.02586],[12.62578,47.0261],[12.62618,47.02591],[12.62694,47.02625],[12.62759,47.02681],[12.62659,47.02756],[12.62503,47.03005],[12.62435,47.03171],[12.62439,47.03193],[12.62532,47.03281],[12.62468,47.03286],[12.62431,47.03394],[12.62469,47.03428],[12.62477,47.03465],[12.62521,47.03522],[12.62568,47.03565],[12.62596,47.03555],[12.62797,47.0333],[12.62944,47.03441],[12.63092,47.03463],[12.63246,47.03427],[12.63266,47.03362],[12.63261,47.03307],[12.63449,47.03334],[12.63491,47.03358],[12.63493,47.03378],[12.63615,47.03419],[12.63491,47.03529],[12.6354,47.03789],[12.63516,47.03811],[12.6349,47.03798],[12.63445,47.03826],[12.63346,47.03793],[12.63498,47.03995],[12.63678,47.04043],[12.6351,47.04691],[12.6375,47.04937],[12.63808,47.05456],[12.64027,47.05589],[12.63959,47.05807],[12.6411,47.05793],[12.64074,47.05844]]]}}, {"type":"Feature","id":139,"properties":{"_id":"68428e9cabdf33f4484a6d62","createdBy":"OPONcQnzWGOLiJSceNaf8pvx1fA2","createdAt":"2025-06-06T06:45:48.748Z","updatedBy":"OPONcQnzWGOLiJSceNaf8pvx1fA2","updatedAt":"2025-06-06T07:06:22.745Z","name":"NATIONALPARK HOHE TAUERN AUSSENZONE T4","dataIngestion":true,"type":29,"icaoClass":8,"activity":0,"onDemand":false,"onRequest":false,"byNotam":false,"specialAgreement":false,"requestCompliance":false,"country":"AT","upperLimit":{"value":16400,"unit":1,"referenceDatum":1},"lowerLimit":{"value":0,"unit":1,"referenceDatum":0},"hoursOfOperation":{"operatingHours":[{"dayOfWeek":0,"startTime":"00:00","endTime":"00:00","byNotam":false,"sunrise":false,"sunset":false,"publicHolidaysExcluded":false},{"dayOfWeek":1,"startTime":"00:00","endTime":"00:00","byNotam":false,"sunrise":false,"sunset":false,"publicHolidaysExcluded":false},{"dayOfWeek":2,"startTime":"00:00","endTime":"00:00","byNotam":false,"sunrise":false,"sunset":false,"publicHolidaysExcluded":false},{"dayOfWeek":3,"startTime":"00:00","endTime":"00:00","byNotam":false,"sunrise":false,"sunset":false,"publicHolidaysExcluded":false},{"dayOfWeek":4,"startTime":"00:00","endTime":"00:00","byNotam":false,"sunrise":false,"sunset":false,"publicHolidaysExcluded":false},{"dayOfWeek":5,"startTime":"00:00","endTime":"00:00","byNotam":false,"sunrise":false,"sunset":false,"publicHolidaysExcluded":false},{"dayOfWeek":6,"startTime":"00:00","endTime":"00:00","byNotam":false,"sunrise":false,"sunset":false,"publicHolidaysExcluded":false}]},"remarks":"Motorized aircrafts below an altitude of 5000 m (16400 ft) not permitted.\nTake-off or landing with non-motorized aerial devices or aircraft that can be operated independently in flight is prohibited.\nThis includes hang- and paragliding, whereby the overflight is allowed.","deletable":false},"geometry":{"type":"Polygon","coordinates":[[[12.77374,46.9325],[12.76377,46.93898],[12.75461,46.94114],[12.73825,46.94166],[12.7367,46.93387],[12.7372,46.93279],[12.72992,46.93242],[12.72351,46.92796],[12.72334,46.92424],[12.73902,46.92575],[12.74565,46.92496],[12.74541,46.92383],[12.73967,46.92185],[12.74116,46.91918],[12.75542,46.90929],[12.76156,46.89882],[12.77835,46.89038],[12.78,46.88825],[12.78106,46.88765],[12.78258,46.88629],[12.78392,46.88685],[12.78502,46.88652],[12.78516,46.88711],[12.78579,46.88764],[12.78695,46.88784],[12.78906,46.88916],[12.79358,46.89047],[12.79368,46.89086],[12.79635,46.89225],[12.79928,46.8933],[12.79928,46.89393],[12.79866,46.89436],[12.79849,46.89484],[12.79625,46.89446],[12.79581,46.89531],[12.79577,46.89583],[12.79535,46.89614],[12.79433,46.89741],[12.79308,46.897],[12.79103,46.89677],[12.79037,46.89695],[12.78876,46.89921],[12.78838,46.89999],[12.79019,46.89985],[12.78982,46.90091],[12.79014,46.90204],[12.79373,46.9021],[12.79233,46.90509],[12.78977,46.90454],[12.78798,46.90662],[12.78398,46.9059],[12.78263,46.90613],[12.78133,46.90696],[12.77994,46.90813],[12.7763,46.90891],[12.77558,46.90948],[12.77449,46.91607],[12.77867,46.91434],[12.78164,46.91235],[12.78445,46.9113],[12.79022,46.90822],[12.79043,46.90836],[12.79143,46.90802],[12.79196,46.90913],[12.79439,46.91099],[12.79866,46.90816],[12.80212,46.90962],[12.79997,46.90754],[12.80067,46.90738],[12.80473,46.90727],[12.80594,46.90641],[12.80704,46.90516],[12.80779,46.90332],[12.81023,46.90233],[12.81154,46.9001],[12.81294,46.8985],[12.81267,46.89834],[12.81338,46.8977],[12.81311,46.89748],[12.81328,46.89719],[12.81301,46.89688],[12.81475,46.89571],[12.81518,46.89601],[12.81658,46.89621],[12.81854,46.89553],[12.82107,46.89535],[12.82424,46.89285],[12.82573,46.89139],[12.82663,46.89142],[12.82954,46.89343],[12.83321,46.89137],[12.83563,46.8906],[12.83783,46.88953],[12.8415,46.88742],[12.84126,46.88986],[12.84192,46.89298],[12.83987,46.89289],[12.8379,46.89463],[12.83666,46.89534],[12.83619,46.89619],[12.83559,46.89682],[12.83199,46.89979],[12.83176,46.90083],[12.83207,46.90268],[12.83545,46.9072],[12.8186,46.91447],[12.81229,46.91833],[12.80299,46.92026],[12.80246,46.9197],[12.80267,46.91835],[12.79987,46.91671],[12.79683,46.91921],[12.7948,46.92017],[12.79368,46.91953],[12.77374,46.9325]]]}}, {"type":"Feature","id":140,"properties":{"_id":"68428e9cabdf33f4484a6d65","createdBy":"OPONcQnzWGOLiJSceNaf8pvx1fA2","createdAt":"2025-06-06T06:45:48.762Z","updatedBy":"OPONcQnzWGOLiJSceNaf8pvx1fA2","updatedAt":"2025-06-06T07:06:22.705Z","name":"NATIONALPARK HOHE TAUERN AUSSENZONE T5","dataIngestion":true,"type":29,"icaoClass":8,"activity":0,"onDemand":false,"onRequest":false,"byNotam":false,"specialAgreement":false,"requestCompliance":false,"country":"AT","upperLimit":{"value":16400,"unit":1,"referenceDatum":1},"lowerLimit":{"value":0,"unit":1,"referenceDatum":0},"hoursOfOperation":{"operatingHours":[{"dayOfWeek":0,"startTime":"00:00","endTime":"00:00","byNotam":false,"sunrise":false,"sunset":false,"publicHolidaysExcluded":false},{"dayOfWeek":1,"startTime":"00:00","endTime":"00:00","byNotam":false,"sunrise":false,"sunset":false,"publicHolidaysExcluded":false},{"dayOfWeek":2,"startTime":"00:00","endTime":"00:00","byNotam":false,"sunrise":false,"sunset":false,"publicHolidaysExcluded":false},{"dayOfWeek":3,"startTime":"00:00","endTime":"00:00","byNotam":false,"sunrise":false,"sunset":false,"publicHolidaysExcluded":false},{"dayOfWeek":4,"startTime":"00:00","endTime":"00:00","byNotam":false,"sunrise":false,"sunset":false,"publicHolidaysExcluded":false},{"dayOfWeek":5,"startTime":"00:00","endTime":"00:00","byNotam":false,"sunrise":false,"sunset":false,"publicHolidaysExcluded":false},{"dayOfWeek":6,"startTime":"00:00","endTime":"00:00","byNotam":false,"sunrise":false,"sunset":false,"publicHolidaysExcluded":false}]},"remarks":"Motorized aircrafts below an altitude of 5000 m (16400 ft) not permitted.\nTake-off or landing with non-motorized aerial devices or aircraft that can be operated independently in flight is prohibited.\nThis includes hang- and paragliding, whereby the overflight is allowed.","deletable":false},"geometry":{"type":"Polygon","coordinates":[[[12.29032,47.004],[12.28978,47.00576],[12.28549,47.00491],[12.27573,47.00168],[12.27148,47.00008],[12.27113,46.99962],[12.26833,46.99816],[12.25959,46.99727],[12.25798,46.99563],[12.25558,46.99623],[12.25583,46.99333],[12.25462,46.98848],[12.25827,46.98667],[12.25986,46.98561],[12.26071,46.9839],[12.26095,46.98272],[12.26199,46.98064],[12.26184,46.9792],[12.26197,46.97844],[12.2627,46.9771],[12.2672,46.97609],[12.27521,46.97588],[12.27607,46.97528],[12.2783,46.97431],[12.27946,46.97394],[12.28129,46.97369],[12.28498,46.97977],[12.29544,46.97949],[12.29864,46.97727],[12.30771,46.97835],[12.31015,46.98014],[12.32138,46.98211],[12.31897,46.98541],[12.31836,46.98654],[12.31856,46.98749],[12.31849,46.98858],[12.31694,46.98949],[12.31558,46.99086],[12.31504,46.99224],[12.31848,46.99378],[12.32027,46.99581],[12.3222,46.99661],[12.3226,46.99799],[12.32043,47.00281],[12.32019,47.0045],[12.31956,47.00501],[12.31644,47.00407],[12.31351,47.00363],[12.31329,47.0032],[12.31165,47.00288],[12.31003,47.00212],[12.3059,47.00176],[12.3056,47.00153],[12.30444,47.00138],[12.30191,47.00166],[12.30219,47.00396],[12.30039,47.00541],[12.2934,47.00403],[12.29166,47.00349],[12.29032,47.004]]]}}, {"type":"Feature","id":141,"properties":{"_id":"68428e9cabdf33f4484a6d68","createdBy":"OPONcQnzWGOLiJSceNaf8pvx1fA2","createdAt":"2025-06-06T06:45:48.773Z","updatedBy":"OPONcQnzWGOLiJSceNaf8pvx1fA2","updatedAt":"2025-06-06T07:06:23.640Z","name":"NATIONALPARK HOHE TAUERN AUSSENZONE T6","dataIngestion":true,"type":29,"icaoClass":8,"activity":0,"onDemand":false,"onRequest":false,"byNotam":false,"specialAgreement":false,"requestCompliance":false,"country":"AT","upperLimit":{"value":16400,"unit":1,"referenceDatum":1},"lowerLimit":{"value":0,"unit":1,"referenceDatum":0},"hoursOfOperation":{"operatingHours":[{"dayOfWeek":0,"startTime":"00:00","endTime":"00:00","byNotam":false,"sunrise":false,"sunset":false,"publicHolidaysExcluded":false},{"dayOfWeek":1,"startTime":"00:00","endTime":"00:00","byNotam":false,"sunrise":false,"sunset":false,"publicHolidaysExcluded":false},{"dayOfWeek":2,"startTime":"00:00","endTime":"00:00","byNotam":false,"sunrise":false,"sunset":false,"publicHolidaysExcluded":false},{"dayOfWeek":3,"startTime":"00:00","endTime":"00:00","byNotam":false,"sunrise":false,"sunset":false,"publicHolidaysExcluded":false},{"dayOfWeek":4,"startTime":"00:00","endTime":"00:00","byNotam":false,"sunrise":false,"sunset":false,"publicHolidaysExcluded":false},{"dayOfWeek":5,"startTime":"00:00","endTime":"00:00","byNotam":false,"sunrise":false,"sunset":false,"publicHolidaysExcluded":false},{"dayOfWeek":6,"startTime":"00:00","endTime":"00:00","byNotam":false,"sunrise":false,"sunset":false,"publicHolidaysExcluded":false}]},"remarks":"Motorized aircrafts below an altitude of 5000 m (16400 ft) not permitted.\nTake-off or landing with non-motorized aerial devices or aircraft that can be operated independently in flight is prohibited.\nThis includes hang- and paragliding, whereby the overflight is allowed.","deletable":false},"geometry":{"type":"Polygon","coordinates":[[[12.48539,47.13638],[12.48692,47.13756],[12.48769,47.13794],[12.48788,47.1385],[12.48955,47.13927],[12.49039,47.13944],[12.49127,47.15361],[12.4842,47.14693],[12.46999,47.14032],[12.46269,47.13897],[12.45645,47.13652],[12.45532,47.13786],[12.44461,47.13872],[12.4318,47.13732],[12.42709,47.13553],[12.42356,47.13013],[12.42099,47.13004],[12.42441,47.12793],[12.42346,47.12661],[12.42545,47.12457],[12.42597,47.1234],[12.42639,47.12306],[12.43172,47.12077],[12.4316,47.12096],[12.4335,47.12049],[12.43492,47.12081],[12.43602,47.12033],[12.43813,47.11975],[12.45117,47.11855],[12.46043,47.1244],[12.46039,47.12474],[12.46408,47.12513],[12.47082,47.12466],[12.4751,47.12359],[12.4739,47.12039],[12.47219,47.11667],[12.47591,47.11688],[12.47948,47.11361],[12.47899,47.1085],[12.48839,47.10373],[12.49076,47.10804],[12.49181,47.10725],[12.49268,47.1044],[12.49208,47.10111],[12.49076,47.09896],[12.49003,47.09473],[12.49325,47.09363],[12.50191,47.09319],[12.50515,47.08965],[12.50399,47.08678],[12.50956,47.0876],[12.5123,47.08859],[12.51309,47.08963],[12.51135,47.09076],[12.50946,47.09133],[12.50761,47.09267],[12.50595,47.09452],[12.50333,47.09825],[12.50117,47.09987],[12.50183,47.10023],[12.49893,47.10392],[12.49701,47.10794],[12.4946,47.10943],[12.49319,47.10986],[12.49233,47.10978],[12.48856,47.11059],[12.48674,47.11174],[12.48618,47.11243],[12.48725,47.11189],[12.48866,47.11192],[12.48968,47.11215],[12.49212,47.11403],[12.49108,47.11689],[12.49125,47.11744],[12.48902,47.11628],[12.48829,47.11735],[12.48801,47.11728],[12.48758,47.1179],[12.48741,47.11845],[12.48793,47.1189],[12.4877,47.11912],[12.48664,47.11943],[12.48623,47.11996],[12.48548,47.12016],[12.48513,47.12042],[12.48313,47.11985],[12.4786,47.1239],[12.47568,47.12559],[12.47634,47.127],[12.47535,47.12789],[12.47521,47.12838],[12.47459,47.12832],[12.47272,47.1274],[12.47178,47.12738],[12.47152,47.1278],[12.47093,47.12802],[12.47087,47.12845],[12.47127,47.12876],[12.47055,47.12973],[12.4719,47.12996],[12.47147,47.13054],[12.4712,47.13164],[12.48191,47.13251],[12.48235,47.13417],[12.48354,47.13476],[12.48539,47.13638]]]}}, {"type":"Feature","id":142,"properties":{"_id":"68428e9cabdf33f4484a6d6b","createdBy":"OPONcQnzWGOLiJSceNaf8pvx1fA2","createdAt":"2025-06-06T06:45:48.787Z","updatedBy":"OPONcQnzWGOLiJSceNaf8pvx1fA2","updatedAt":"2025-06-06T07:06:22.503Z","name":"NATIONALPARK HOHE TAUERN AUSSENZONE T7","dataIngestion":true,"type":29,"icaoClass":8,"activity":0,"onDemand":false,"onRequest":false,"byNotam":false,"specialAgreement":false,"requestCompliance":false,"country":"AT","upperLimit":{"value":16400,"unit":1,"referenceDatum":1},"lowerLimit":{"value":0,"unit":1,"referenceDatum":0},"hoursOfOperation":{"operatingHours":[{"dayOfWeek":0,"startTime":"00:00","endTime":"00:00","byNotam":false,"sunrise":false,"sunset":false,"publicHolidaysExcluded":false},{"dayOfWeek":1,"startTime":"00:00","endTime":"00:00","byNotam":false,"sunrise":false,"sunset":false,"publicHolidaysExcluded":false},{"dayOfWeek":2,"startTime":"00:00","endTime":"00:00","byNotam":false,"sunrise":false,"sunset":false,"publicHolidaysExcluded":false},{"dayOfWeek":3,"startTime":"00:00","endTime":"00:00","byNotam":false,"sunrise":false,"sunset":false,"publicHolidaysExcluded":false},{"dayOfWeek":4,"startTime":"00:00","endTime":"00:00","byNotam":false,"sunrise":false,"sunset":false,"publicHolidaysExcluded":false},{"dayOfWeek":5,"startTime":"00:00","endTime":"00:00","byNotam":false,"sunrise":false,"sunset":false,"publicHolidaysExcluded":false},{"dayOfWeek":6,"startTime":"00:00","endTime":"00:00","byNotam":false,"sunrise":false,"sunset":false,"publicHolidaysExcluded":false}]},"remarks":"Motorized aircrafts below an altitude of 5000 m (16400 ft) not permitted.\nTake-off or landing with non-motorized aerial devices or aircraft that can be operated independently in flight is prohibited.\nThis includes hang- and paragliding, whereby the overflight is allowed.","deletable":false},"geometry":{"type":"Polygon","coordinates":[[[12.67694,47.04435],[12.6777,47.04558],[12.67724,47.04824],[12.6721,47.05136],[12.6702,47.05004],[12.66484,47.04966],[12.66357,47.04709],[12.66408,47.04679],[12.66328,47.04629],[12.66357,47.046],[12.66202,47.04563],[12.66227,47.04463],[12.66252,47.04433],[12.66232,47.0441],[12.65971,47.04535],[12.65668,47.04219],[12.6555,47.04033],[12.65493,47.03978],[12.65487,47.03919],[12.65525,47.03892],[12.65498,47.03871],[12.65279,47.03876],[12.65294,47.03935],[12.65253,47.0393],[12.65217,47.03906],[12.65131,47.03787],[12.65111,47.03709],[12.64952,47.03732],[12.64924,47.03709],[12.64886,47.03713],[12.64857,47.03745],[12.64718,47.03661],[12.64701,47.03601],[12.64475,47.03617],[12.64254,47.03488],[12.64074,47.03547],[12.64007,47.03535],[12.63884,47.03414],[12.63906,47.0337],[12.63904,47.03201],[12.63884,47.03155],[12.64165,47.0325],[12.64246,47.03298],[12.64713,47.0338],[12.6496,47.03471],[12.65262,47.0349],[12.6535,47.03468],[12.65324,47.03452],[12.65348,47.03425],[12.65114,47.03405],[12.64994,47.03311],[12.64616,47.03138],[12.64562,47.03073],[12.64753,47.03041],[12.64697,47.03009],[12.64541,47.0303],[12.64499,47.02998],[12.64455,47.0299],[12.64406,47.02921],[12.64184,47.02889],[12.63967,47.02791],[12.63917,47.028],[12.639,47.02723],[12.63936,47.02566],[12.64074,47.02446],[12.64098,47.02405],[12.64239,47.02367],[12.64425,47.02358],[12.6454,47.02266],[12.64519,47.02214],[12.64535,47.02193],[12.64579,47.02205],[12.64633,47.02262],[12.64671,47.02264],[12.64698,47.02287],[12.64731,47.0229],[12.64727,47.02266],[12.64772,47.02271],[12.64796,47.0231],[12.64845,47.02341],[12.64913,47.02345],[12.64936,47.02329],[12.64973,47.02353],[12.64973,47.02387],[12.65017,47.02462],[12.65251,47.02569],[12.65269,47.02539],[12.65361,47.02483],[12.65221,47.02256],[12.65265,47.02182],[12.65201,47.02147],[12.65122,47.01979],[12.65271,47.01993],[12.65504,47.01986],[12.65427,47.01802],[12.65302,47.01744],[12.65322,47.01744],[12.65273,47.01681],[12.65282,47.01676],[12.65246,47.01604],[12.65199,47.01578],[12.65199,47.01565],[12.65172,47.01564],[12.65135,47.01522],[12.65223,47.01495],[12.65326,47.01499],[12.65537,47.01443],[12.65552,47.01416],[12.65809,47.01451],[12.65923,47.01527],[12.65983,47.0154],[12.66057,47.01523],[12.66073,47.01484],[12.66086,47.0149],[12.66125,47.01458],[12.66184,47.0136],[12.66199,47.0136],[12.66275,47.01407],[12.66545,47.01483],[12.6658,47.01471],[12.66579,47.01527],[12.66614,47.0156],[12.66752,47.01545],[12.6677,47.01534],[12.6677,47.01495],[12.66832,47.01486],[12.66881,47.01449],[12.66931,47.01453],[12.66996,47.01533],[12.67046,47.01512],[12.67026,47.01444],[12.66956,47.01366],[12.66981,47.01346],[12.66976,47.01299],[12.67066,47.01325],[12.6716,47.0129],[12.67236,47.01229],[12.67296,47.0124],[12.67331,47.0122],[12.67533,47.01277],[12.67577,47.01312],[12.67669,47.01347],[12.67778,47.01447],[12.67867,47.01414],[12.67878,47.01496],[12.6791,47.01515],[12.67958,47.01422],[12.68164,47.01473],[12.6823,47.01424],[12.6831,47.01433],[12.68326,47.01452],[12.68273,47.01536],[12.68345,47.01558],[12.68408,47.01601],[12.68434,47.0165],[12.68427,47.01728],[12.68452,47.01791],[12.68548,47.01888],[12.68627,47.01916],[12.6863,47.01962],[12.68558,47.0215],[12.68593,47.02381],[12.68622,47.02427],[12.68616,47.025],[12.68582,47.02518],[12.68616,47.02642],[12.68567,47.02683],[12.68543,47.03138],[12.68562,47.03359],[12.68615,47.03443],[12.6819,47.03472],[12.67529,47.03135],[12.67497,47.0318],[12.67605,47.03264],[12.67761,47.0343],[12.67874,47.03583],[12.67868,47.03741],[12.67694,47.03924],[12.67694,47.04435]]]}}, {"type":"Feature","id":143,"properties":{"_id":"68428e9cabdf33f4484a6d6e","createdBy":"OPONcQnzWGOLiJSceNaf8pvx1fA2","createdAt":"2025-06-06T06:45:48.804Z","updatedBy":"OPONcQnzWGOLiJSceNaf8pvx1fA2","updatedAt":"2025-06-06T07:06:23.363Z","name":"NATIONALPARK HOHE TAUERN AUSSENZONE T8","dataIngestion":true,"type":29,"icaoClass":8,"activity":0,"onDemand":false,"onRequest":false,"byNotam":false,"specialAgreement":false,"requestCompliance":false,"country":"AT","upperLimit":{"value":16400,"unit":1,"referenceDatum":1},"lowerLimit":{"value":0,"unit":1,"referenceDatum":0},"hoursOfOperation":{"operatingHours":[{"dayOfWeek":0,"startTime":"00:00","endTime":"00:00","byNotam":false,"sunrise":false,"sunset":false,"publicHolidaysExcluded":false},{"dayOfWeek":1,"startTime":"00:00","endTime":"00:00","byNotam":false,"sunrise":false,"sunset":false,"publicHolidaysExcluded":false},{"dayOfWeek":2,"startTime":"00:00","endTime":"00:00","byNotam":false,"sunrise":false,"sunset":false,"publicHolidaysExcluded":false},{"dayOfWeek":3,"startTime":"00:00","endTime":"00:00","byNotam":false,"sunrise":false,"sunset":false,"publicHolidaysExcluded":false},{"dayOfWeek":4,"startTime":"00:00","endTime":"00:00","byNotam":false,"sunrise":false,"sunset":false,"publicHolidaysExcluded":false},{"dayOfWeek":5,"startTime":"00:00","endTime":"00:00","byNotam":false,"sunrise":false,"sunset":false,"publicHolidaysExcluded":false},{"dayOfWeek":6,"startTime":"00:00","endTime":"00:00","byNotam":false,"sunrise":false,"sunset":false,"publicHolidaysExcluded":false}]},"remarks":"Motorized aircrafts below an altitude of 5000 m (16400 ft) not permitted.\nTake-off or landing with non-motorized aerial devices or aircraft that can be operated independently in flight is prohibited.\nThis includes hang- and paragliding, whereby the overflight is allowed.","deletable":false},"geometry":{"type":"Polygon","coordinates":[[[12.29357,47.02293],[12.2934,47.02398],[12.29247,47.02564],[12.29164,47.02581],[12.28937,47.02706],[12.28656,47.02961],[12.27024,47.03283],[12.271,47.02972],[12.27069,47.02848],[12.27271,47.02645],[12.27688,47.02403],[12.27686,47.02309],[12.27588,47.02188],[12.27349,47.02175],[12.26724,47.02854],[12.26585,47.02865],[12.263,47.02674],[12.2581,47.02445],[12.24801,47.0266],[12.23885,47.02587],[12.23763,47.02494],[12.23432,47.02725],[12.22125,47.02345],[12.22513,47.02178],[12.23018,47.02025],[12.23635,47.02121],[12.2367,47.02062],[12.23375,47.01974],[12.22835,47.01737],[12.22756,47.00903],[12.23406,47.00791],[12.23661,47.00919],[12.24362,47.01055],[12.24597,47.01315],[12.24842,47.0139],[12.25266,47.01188],[12.25409,47.01153],[12.25483,47.0123],[12.25461,47.01345],[12.25591,47.01507],[12.25958,47.01403],[12.2636,47.01385],[12.26504,47.0165],[12.26669,47.01593],[12.26791,47.01493],[12.26974,47.01553],[12.26999,47.01785],[12.27255,47.01661],[12.27788,47.01571],[12.27967,47.01584],[12.28435,47.01749],[12.28567,47.01646],[12.28715,47.01558],[12.2887,47.01564],[12.28831,47.01693],[12.28968,47.01678],[12.28916,47.01404],[12.29076,47.01212],[12.29113,47.0095],[12.29139,47.00937],[12.29555,47.00933],[12.29743,47.00949],[12.30324,47.00919],[12.30379,47.00945],[12.30445,47.00951],[12.30356,47.0118],[12.30749,47.01131],[12.30741,47.012],[12.30949,47.01196],[12.30823,47.01495],[12.30734,47.01548],[12.31176,47.01583],[12.31063,47.0193],[12.30051,47.01876],[12.29496,47.02132],[12.29357,47.02293]]]}}, {"type":"Feature","id":144,"properties":{"_id":"68428e9cabdf33f4484a6d71","createdBy":"OPONcQnzWGOLiJSceNaf8pvx1fA2","createdAt":"2025-06-06T06:45:48.817Z","updatedBy":"OPONcQnzWGOLiJSceNaf8pvx1fA2","updatedAt":"2025-06-06T07:06:22.801Z","name":"NATIONALPARK HOHE TAUERN AUSSENZONE T9","dataIngestion":true,"type":29,"icaoClass":8,"activity":0,"onDemand":false,"onRequest":false,"byNotam":false,"specialAgreement":false,"requestCompliance":false,"country":"AT","upperLimit":{"value":16400,"unit":1,"referenceDatum":1},"lowerLimit":{"value":0,"unit":1,"referenceDatum":0},"hoursOfOperation":{"operatingHours":[{"dayOfWeek":0,"startTime":"00:00","endTime":"00:00","byNotam":false,"sunrise":false,"sunset":false,"publicHolidaysExcluded":false},{"dayOfWeek":1,"startTime":"00:00","endTime":"00:00","byNotam":false,"sunrise":false,"sunset":false,"publicHolidaysExcluded":false},{"dayOfWeek":2,"startTime":"00:00","endTime":"00:00","byNotam":false,"sunrise":false,"sunset":false,"publicHolidaysExcluded":false},{"dayOfWeek":3,"startTime":"00:00","endTime":"00:00","byNotam":false,"sunrise":false,"sunset":false,"publicHolidaysExcluded":false},{"dayOfWeek":4,"startTime":"00:00","endTime":"00:00","byNotam":false,"sunrise":false,"sunset":false,"publicHolidaysExcluded":false},{"dayOfWeek":5,"startTime":"00:00","endTime":"00:00","byNotam":false,"sunrise":false,"sunset":false,"publicHolidaysExcluded":false},{"dayOfWeek":6,"startTime":"00:00","endTime":"00:00","byNotam":false,"sunrise":false,"sunset":false,"publicHolidaysExcluded":false}]},"remarks":"Motorized aircrafts below an altitude of 5000 m (16400 ft) not permitted.\nTake-off or landing with non-motorized aerial devices or aircraft that can be operated independently in flight is prohibited.\nThis includes hang- and paragliding, whereby the overflight is allowed.","deletable":false},"geometry":{"type":"Polygon","coordinates":[[[12.7221,47.01431],[12.72205,47.01561],[12.71894,47.01716],[12.71661,47.01949],[12.71117,47.01993],[12.70265,47.01729],[12.70246,47.0165],[12.70425,47.01428],[12.70077,47.01322],[12.69972,47.0139],[12.69518,47.01304],[12.69564,47.01206],[12.69481,47.01126],[12.6945,47.01119],[12.69513,47.01106],[12.69472,47.00975],[12.69402,47.00946],[12.69535,47.00829],[12.6932,47.00791],[12.69411,47.00676],[12.69412,47.00628],[12.69383,47.00598],[12.69325,47.00578],[12.69237,47.00589],[12.69114,47.00649],[12.69043,47.00637],[12.69167,47.00323],[12.69042,47.00206],[12.6843,47.00069],[12.68058,47.00216],[12.67967,47.00269],[12.67964,47.0031],[12.67835,47.00443],[12.67684,47.00402],[12.67696,47.00381],[12.67543,47.00317],[12.67503,47.00328],[12.6745,47.00318],[12.67444,47.0034],[12.67402,47.0033],[12.67402,47.00317],[12.6728,47.00324],[12.67225,47.00296],[12.6722,47.00272],[12.67279,47.0027],[12.67302,47.00239],[12.67332,47.00096],[12.67309,47.00099],[12.67309,47.00077],[12.67384,46.99995],[12.67517,46.99923],[12.67605,46.99839],[12.67493,46.99819],[12.6745,46.99794],[12.67472,46.99734],[12.67362,46.99702],[12.67219,46.99711],[12.67153,46.99673],[12.67034,46.99641],[12.66872,46.9962],[12.66657,46.99533],[12.66643,46.99502],[12.6641,46.99463],[12.66384,46.99435],[12.66145,46.9944],[12.65998,46.99402],[12.65901,46.99343],[12.65945,46.993],[12.66029,46.99272],[12.65972,46.9924],[12.65898,46.99163],[12.65814,46.99155],[12.65785,46.99102],[12.65803,46.98996],[12.65874,46.98936],[12.65879,46.98895],[12.65847,46.98882],[12.65872,46.98858],[12.65881,46.98817],[12.6599,46.98798],[12.6605,46.98757],[12.66137,46.98777],[12.66211,46.98751],[12.66203,46.98743],[12.66222,46.98714],[12.66324,46.98637],[12.66314,46.98573],[12.66417,46.98604],[12.66462,46.98588],[12.66436,46.98558],[12.66516,46.98527],[12.6655,46.98534],[12.66563,46.98499],[12.66624,46.98434],[12.66659,46.98424],[12.66674,46.98441],[12.6671,46.98434],[12.66764,46.98493],[12.66763,46.98446],[12.66893,46.98445],[12.67066,46.98526],[12.67024,46.98497],[12.6698,46.98433],[12.6698,46.98411],[12.66936,46.98394],[12.67145,46.98381],[12.67217,46.98309],[12.67259,46.983],[12.67307,46.98234],[12.67369,46.98186],[12.67438,46.98216],[12.67475,46.98197],[12.67673,46.98174],[12.67774,46.9813],[12.67682,46.98053],[12.6778,46.98],[12.67865,46.97929],[12.67947,46.97906],[12.67998,46.97932],[12.68058,46.97906],[12.68045,46.97877],[12.6814,46.97876],[12.68172,46.9785],[12.68166,46.97821],[12.68249,46.97747],[12.68468,46.97724],[12.68461,46.97698],[12.68364,46.97641],[12.68504,46.97553],[12.68605,46.9759],[12.68605,46.9756],[12.68687,46.97593],[12.68773,46.97572],[12.68924,46.97584],[12.68972,46.97671],[12.68861,46.97693],[12.6881,46.97757],[12.68909,46.97825],[12.68684,46.97869],[12.68896,46.98062],[12.69143,46.98191],[12.69142,46.98278],[12.69099,46.98333],[12.69109,46.98346],[12.68764,46.98362],[12.6869,46.98432],[12.68691,46.98489],[12.68738,46.98555],[12.68334,46.98446],[12.68312,46.98497],[12.68229,46.9858],[12.68372,46.98644],[12.68328,46.98688],[12.68507,46.98791],[12.68472,46.98946],[12.68596,46.99055],[12.68514,46.99096],[12.68251,46.99152],[12.68323,46.99311],[12.68381,46.99348],[12.7103,47.00016],[12.70821,47.00434],[12.7221,47.01431]]]}}, {"type":"Feature","id":145,"properties":{"_id":"68428e9cabdf33f4484a6d74","createdBy":"OPONcQnzWGOLiJSceNaf8pvx1fA2","createdAt":"2025-06-06T06:45:48.834Z","updatedBy":"OPONcQnzWGOLiJSceNaf8pvx1fA2","updatedAt":"2025-06-06T07:06:23.189Z","name":"NATIONALPARK HOHE TAUERN KERNZONE/SONDERSG K1","dataIngestion":true,"type":29,"icaoClass":8,"activity":0,"onDemand":false,"onRequest":false,"byNotam":false,"specialAgreement":false,"requestCompliance":false,"country":"AT","upperLimit":{"value":999,"unit":6,"referenceDatum":2},"lowerLimit":{"value":0,"unit":1,"referenceDatum":0},"hoursOfOperation":{"operatingHours":[{"dayOfWeek":0,"startTime":"00:00","endTime":"00:00","byNotam":false,"sunrise":false,"sunset":false,"publicHolidaysExcluded":false},{"dayOfWeek":1,"startTime":"00:00","endTime":"00:00","byNotam":false,"sunrise":false,"sunset":false,"publicHolidaysExcluded":false},{"dayOfWeek":2,"startTime":"00:00","endTime":"00:00","byNotam":false,"sunrise":false,"sunset":false,"publicHolidaysExcluded":false},{"dayOfWeek":3,"startTime":"00:00","endTime":"00:00","byNotam":false,"sunrise":false,"sunset":false,"publicHolidaysExcluded":false},{"dayOfWeek":4,"startTime":"00:00","endTime":"00:00","byNotam":false,"sunrise":false,"sunset":false,"publicHolidaysExcluded":false},{"dayOfWeek":5,"startTime":"00:00","endTime":"00:00","byNotam":false,"sunrise":false,"sunset":false,"publicHolidaysExcluded":false},{"dayOfWeek":6,"startTime":"00:00","endTime":"00:00","byNotam":false,"sunrise":false,"sunset":false,"publicHolidaysExcluded":false}]},"remarks":"All aerial activities strictly prohibited.","deletable":false},"geometry":{"type":"Polygon","coordinates":[[[12.70827,47.05413],[12.71013,47.04974],[12.71051,47.04843],[12.71111,47.04817],[12.71147,47.04739],[12.71189,47.04713],[12.71221,47.04667],[12.71278,47.04644],[12.71396,47.04509],[12.71458,47.04471],[12.71636,47.04416],[12.7164,47.0439],[12.71679,47.04379],[12.71699,47.0435],[12.72252,47.04328],[12.72803,47.04247],[12.73079,47.04238],[12.73359,47.04166],[12.73483,47.04168],[12.73863,47.04225],[12.74143,47.04199],[12.74242,47.04175],[12.74322,47.04198],[12.74389,47.0419],[12.7449,47.0424],[12.74611,47.04236],[12.74738,47.04296],[12.74816,47.04273],[12.7491,47.04307],[12.75003,47.04295],[12.75133,47.04317],[12.75343,47.04401],[12.75374,47.04431],[12.75394,47.0448],[12.75463,47.04549],[12.75782,47.04582],[12.76069,47.04454],[12.76592,47.04443],[12.77228,47.04015],[12.76867,47.0393],[12.76646,47.03717],[12.7608,47.03516],[12.75966,47.03491],[12.75613,47.03352],[12.7544,47.02672],[12.75413,47.02633],[12.75488,47.02486],[12.74782,47.02105],[12.74651,47.01998],[12.74561,47.01875],[12.74454,47.01828],[12.74227,47.01454],[12.74036,47.0144],[12.73871,47.01406],[12.73577,47.013],[12.73617,47.01045],[12.73586,47.00762],[12.73757,47.00578],[12.73745,47.00385],[12.73623,47.00268],[12.73355,47.00109],[12.73177,46.99887],[12.72938,46.9975],[12.72464,46.99579],[12.7259,46.99237],[12.72739,46.9917],[12.72943,46.98887],[12.73208,46.98659],[12.73381,46.98487],[12.73633,46.98287],[12.73897,46.97879],[12.74179,46.97293],[12.74108,46.96899],[12.74216,46.96859],[12.74397,46.96746],[12.74457,46.96052],[12.75054,46.95666],[12.75957,46.95661],[12.76071,46.95341],[12.76248,46.95106],[12.76663,46.94778],[12.76883,46.94655],[12.76964,46.94478],[12.77264,46.94421],[12.77761,46.94218],[12.78017,46.94008],[12.78641,46.93956],[12.78417,46.93693],[12.78294,46.93189],[12.78931,46.92883],[12.79882,46.92357],[12.8024,46.92254],[12.80845,46.9226],[12.81195,46.92288],[12.81727,46.9205],[12.82001,46.92078],[12.82183,46.91682],[12.82251,46.91703],[12.82525,46.91699],[12.83095,46.91517],[12.83706,46.91249],[12.837,46.9119],[12.83776,46.91149],[12.83842,46.90997],[12.8361,46.90802],[12.83206,46.90268],[12.83175,46.90083],[12.83198,46.89979],[12.83558,46.89682],[12.83619,46.89619],[12.83665,46.89534],[12.8379,46.89463],[12.83987,46.89288],[12.84191,46.89298],[12.8373,46.8996],[12.83741,46.90137],[12.84546,46.9132],[12.84587,46.92004],[12.83779,46.92669],[12.82305,46.92828],[12.82076,46.93029],[12.81757,46.92996],[12.81581,46.9317],[12.81656,46.93232],[12.81826,46.93213],[12.81855,46.93222],[12.81958,46.932],[12.82056,46.93155],[12.82271,46.93208],[12.82525,46.93138],[12.8259,46.93131],[12.82653,46.93144],[12.82934,46.93074],[12.83183,46.93103],[12.8352,46.93394],[12.83925,46.93362],[12.84084,46.93407],[12.84052,46.93538],[12.84147,46.93475],[12.84382,46.9339],[12.84563,46.93399],[12.84657,46.9333],[12.84739,46.93361],[12.84833,46.93479],[12.85168,46.93467],[12.85273,46.93409],[12.8549,46.93505],[12.85277,46.93575],[12.85402,46.93621],[12.85551,46.93571],[12.8563,46.93567],[12.8573,46.93679],[12.85645,46.93763],[12.85592,46.93761],[12.85377,46.93952],[12.85334,46.94035],[12.85596,46.94165],[12.8533,46.94214],[12.85612,46.9429],[12.85729,46.94063],[12.85825,46.94177],[12.85966,46.94224],[12.85941,46.94438],[12.85726,46.94612],[12.86638,46.94643],[12.86702,46.9461],[12.86909,46.94794],[12.86885,46.94905],[12.87037,46.94906],[12.87309,46.95015],[12.87418,46.95185],[12.87413,46.95233],[12.87353,46.95331],[12.87286,46.95372],[12.87129,46.95243],[12.86812,46.95103],[12.86515,46.95294],[12.86343,46.95216],[12.85124,46.95494],[12.84905,46.95756],[12.85346,46.95855],[12.85336,46.96061],[12.8605,46.95985],[12.86236,46.96234],[12.86237,46.96362],[12.85996,46.96597],[12.85261,46.96872],[12.846,46.96928],[12.84407,46.96845],[12.844,46.97032],[12.84283,46.97241],[12.84286,46.97303],[12.84209,46.97367],[12.842,46.97427],[12.84334,46.97675],[12.84371,46.97775],[12.8435,46.97813],[12.83927,46.97516],[12.8353,46.97701],[12.82862,46.9745],[12.82805,46.97485],[12.82821,46.97619],[12.82785,46.97645],[12.82812,46.9762],[12.82759,46.97509],[12.82765,46.97391],[12.82455,46.97176],[12.82361,46.97238],[12.82244,46.9727],[12.82077,46.97194],[12.82026,46.97142],[12.81746,46.9698],[12.8113,46.96563],[12.80948,46.96655],[12.80757,46.96703],[12.80943,46.96744],[12.80937,46.96787],[12.80899,46.9683],[12.80994,46.96848],[12.81015,46.96901],[12.81137,46.9691],[12.81168,46.96931],[12.8121,46.96997],[12.81401,46.97072],[12.81509,46.97089],[12.81622,46.9714],[12.81622,46.97183],[12.81576,46.97203],[12.81356,46.97286],[12.81177,46.97317],[12.81177,46.97361],[12.81341,46.97516],[12.81526,46.97644],[12.81834,46.97711],[12.81993,46.97955],[12.82327,46.98003],[12.82402,46.9821],[12.82674,46.98192],[12.82775,46.98319],[12.83258,46.98398],[12.83612,46.98901],[12.83732,46.98986],[12.84082,46.99011],[12.84219,46.99219],[12.84339,46.99442],[12.84358,46.99448],[12.84369,46.99574],[12.84433,46.99685],[12.84295,46.99798],[12.84243,46.99868],[12.84366,46.99871],[12.84387,46.99849],[12.84458,46.99865],[12.84497,46.99844],[12.84512,46.99852],[12.84513,46.99837],[12.84564,46.9981],[12.84689,46.99842],[12.84745,46.99889],[12.84808,46.99882],[12.84988,46.99947],[12.85048,46.99932],[12.85099,46.99884],[12.85145,46.99875],[12.85335,46.9998],[12.85219,47.00053],[12.85182,47.00104],[12.8528,47.00156],[12.85351,47.00098],[12.85347,47.00122],[12.85614,47.0012],[12.85606,47.00218],[12.85546,47.00312],[12.85714,47.00299],[12.85733,47.00305],[12.85749,47.00339],[12.85647,47.00431],[12.85606,47.00532],[12.85402,47.00608],[12.8536,47.00641],[12.8522,47.0057],[12.85189,47.00528],[12.85085,47.00631],[12.84908,47.0073],[12.84668,47.00827],[12.84566,47.00806],[12.84266,47.00529],[12.84066,47.00435],[12.83778,47.00347],[12.83643,47.00335],[12.83473,47.00365],[12.83369,47.00528],[12.83469,47.00624],[12.83366,47.00823],[12.83245,47.00862],[12.83277,47.00933],[12.82991,47.01024],[12.82931,47.01073],[12.83729,47.01124],[12.83787,47.01219],[12.83877,47.01226],[12.83865,47.01284],[12.83876,47.01405],[12.83863,47.01584],[12.83813,47.01707],[12.8384,47.01818],[12.84761,47.0216],[12.84388,47.02272],[12.84549,47.0237],[12.83514,47.03014],[12.83394,47.02843],[12.83258,47.02979],[12.83224,47.02949],[12.83081,47.02895],[12.82933,47.02877],[12.82927,47.02755],[12.82869,47.02627],[12.8283,47.0259],[12.8282,47.02544],[12.82889,47.02452],[12.83011,47.02441],[12.82956,47.0242],[12.82947,47.02324],[12.82992,47.02276],[12.82936,47.02268],[12.82933,47.02235],[12.82905,47.02223],[12.82818,47.02226],[12.82712,47.0226],[12.82676,47.02219],[12.82522,47.02176],[12.82475,47.02117],[12.82527,47.01998],[12.82598,47.01953],[12.82432,47.01877],[12.82394,47.01699],[12.82481,47.01649],[12.82813,47.01351],[12.82599,47.0134],[12.82245,47.01282],[12.81886,47.01268],[12.81566,47.01347],[12.81285,47.01477],[12.8124,47.01716],[12.81031,47.01821],[12.81018,47.01882],[12.80898,47.02076],[12.80997,47.02223],[12.81086,47.02426],[12.81195,47.02505],[12.81193,47.02576],[12.81094,47.02668],[12.79928,47.0157],[12.79647,47.01517],[12.79271,47.01402],[12.79173,47.0144],[12.79022,47.01593],[12.7882,47.01702],[12.78534,47.0189],[12.78636,47.01952],[12.78647,47.02074],[12.78734,47.02135],[12.78735,47.02199],[12.78793,47.02355],[12.78365,47.0246],[12.78209,47.02483],[12.78136,47.02471],[12.77994,47.02487],[12.77708,47.0255],[12.77384,47.02572],[12.77134,47.02529],[12.76915,47.0247],[12.76698,47.02327],[12.76645,47.02625],[12.76062,47.02741],[12.75891,47.03293],[12.77142,47.03619],[12.77176,47.03826],[12.77528,47.03665],[12.77703,47.03705],[12.77752,47.0377],[12.77863,47.03799],[12.77743,47.04154],[12.77691,47.04145],[12.77711,47.04799],[12.7733,47.04757],[12.77094,47.04811],[12.77196,47.04805],[12.7734,47.04766],[12.77626,47.04806],[12.77582,47.05142],[12.77297,47.05548],[12.76553,47.06088],[12.76304,47.06106],[12.7616,47.06256],[12.76063,47.06472],[12.76024,47.06514],[12.75772,47.06681],[12.75925,47.0684],[12.76303,47.07017],[12.75782,47.07039],[12.75337,47.07298],[12.75069,47.0751],[12.74907,47.07406],[12.7488,47.07425],[12.75043,47.07531],[12.74826,47.07701],[12.75118,47.07703],[12.75139,47.07618],[12.75221,47.07546],[12.7564,47.07385],[12.75844,47.07327],[12.75896,47.07369],[12.75947,47.07453],[12.75973,47.07449],[12.75987,47.07536],[12.76168,47.07659],[12.76269,47.07761],[12.7629,47.0791],[12.76255,47.07989],[12.76592,47.08422],[12.76709,47.08752],[12.76722,47.08895],[12.77229,47.08898],[12.77182,47.08679],[12.77205,47.08451],[12.77181,47.08389],[12.77151,47.0837],[12.77152,47.08261],[12.77183,47.08275],[12.77153,47.08257],[12.7723,47.08257],[12.77445,47.07379],[12.77865,47.07091],[12.77793,47.06936],[12.7779,47.06879],[12.78272,47.06811],[12.78253,47.06574],[12.78268,47.06569],[12.78413,47.06769],[12.78471,47.06901],[12.7861,47.06908],[12.78714,47.07026],[12.78814,47.07353],[12.79732,47.06798],[12.79978,47.06716],[12.80187,47.06754],[12.80462,47.06878],[12.80592,47.06914],[12.80964,47.07171],[12.81021,47.07239],[12.8103,47.0734],[12.81342,47.07322],[12.81359,47.0741],[12.81349,47.07582],[12.81098,47.08429],[12.80523,47.08492],[12.80982,47.08814],[12.82037,47.08874],[12.82776,47.08854],[12.82905,47.08818],[12.83317,47.08772],[12.83177,47.09071],[12.83023,47.09143],[12.82718,47.09167],[12.8246,47.0928],[12.82282,47.09507],[12.82028,47.09766],[12.81875,47.09693],[12.81814,47.09684],[12.81737,47.09696],[12.81681,47.09739],[12.81633,47.09739],[12.81475,47.09803],[12.81478,47.09818],[12.81403,47.09805],[12.81356,47.09777],[12.8128,47.09769],[12.81268,47.09751],[12.81027,47.09765],[12.80951,47.09752],[12.80479,47.098],[12.80404,47.09652],[12.80391,47.09551],[12.79884,47.09452],[12.79497,47.09289],[12.78977,47.09374],[12.78743,47.09281],[12.78487,47.09245],[12.78378,47.09253],[12.78262,47.093],[12.78203,47.09279],[12.78159,47.09299],[12.78116,47.0936],[12.78054,47.09584],[12.78026,47.09624],[12.77842,47.09738],[12.7765,47.09783],[12.77623,47.09822],[12.77589,47.09831],[12.77538,47.09875],[12.77517,47.09922],[12.77406,47.10006],[12.77366,47.10057],[12.77277,47.10094],[12.77145,47.10045],[12.76979,47.09945],[12.76638,47.09945],[12.76487,47.10021],[12.76417,47.10031],[12.76179,47.10002],[12.75965,47.09915],[12.75756,47.09798],[12.7562,47.09772],[12.7544,47.09792],[12.75123,47.09868],[12.7494,47.09933],[12.74888,47.09966],[12.74724,47.09952],[12.74498,47.09903],[12.74227,47.09987],[12.73885,47.10032],[12.73668,47.10147],[12.73507,47.10293],[12.73395,47.10357],[12.73306,47.10438],[12.73381,47.10544],[12.7339,47.10593],[12.73376,47.10646],[12.73566,47.1115],[12.73492,47.1129],[12.735,47.11304],[12.73439,47.11358],[12.73255,47.12616],[12.7309,47.13099],[12.72972,47.13091],[12.72541,47.13128],[12.72459,47.13077],[12.72028,47.12943],[12.71796,47.12938],[12.71461,47.12781],[12.7139,47.12772],[12.71302,47.12807],[12.713,47.12725],[12.71271,47.12626],[12.71177,47.12498],[12.71035,47.12443],[12.70939,47.12484],[12.70842,47.12456],[12.70448,47.12201],[12.70392,47.12149],[12.70334,47.12218],[12.70064,47.12244],[12.69713,47.12162],[12.69423,47.12212],[12.69209,47.12283],[12.6919,47.1235],[12.68902,47.12431],[12.6879,47.1236],[12.68558,47.12256],[12.68391,47.12212],[12.68266,47.1219],[12.67917,47.12171],[12.67233,47.12071],[12.67039,47.12075],[12.66777,47.12147],[12.66721,47.1217],[12.66614,47.12283],[12.66604,47.12241],[12.66625,47.12105],[12.66732,47.11984],[12.66681,47.11899],[12.66649,47.11795],[12.66684,47.11611],[12.66731,47.11561],[12.66814,47.11389],[12.67012,47.11248],[12.67046,47.11186],[12.67184,47.11086],[12.67296,47.10927],[12.6711,47.10848],[12.671,47.10739],[12.67074,47.10681],[12.66606,47.10514],[12.66334,47.10366],[12.6619,47.10261],[12.66068,47.10239],[12.65891,47.10161],[12.65878,47.10138],[12.65804,47.10105],[12.65691,47.10001],[12.65683,47.09952],[12.65965,47.09769],[12.66137,47.09619],[12.66205,47.09538],[12.66415,47.09433],[12.66497,47.09344],[12.66856,47.09144],[12.67089,47.09093],[12.67436,47.09095],[12.6764,47.08961],[12.6765,47.08934],[12.6773,47.08875],[12.67734,47.08816],[12.67781,47.08776],[12.67873,47.08728],[12.67985,47.08704],[12.6795,47.08683],[12.6793,47.08646],[12.67923,47.08581],[12.68085,47.08405],[12.68163,47.08349],[12.68263,47.08311],[12.68372,47.08319],[12.68569,47.0819],[12.68597,47.08163],[12.68604,47.08088],[12.68589,47.08027],[12.68602,47.0799],[12.68758,47.07836],[12.6893,47.07718],[12.69213,47.07608],[12.69214,47.07561],[12.6925,47.07522],[12.69448,47.07413],[12.69496,47.07394],[12.69569,47.07392],[12.696,47.07372],[12.69741,47.07386],[12.69959,47.07306],[12.69992,47.07262],[12.70002,47.07171],[12.70072,47.07093],[12.70128,47.07058],[12.70827,47.05413]]]}}, {"type":"Feature","id":146,"properties":{"_id":"68428e9cabdf33f4484a6d77","createdBy":"OPONcQnzWGOLiJSceNaf8pvx1fA2","createdAt":"2025-06-06T06:45:48.983Z","updatedBy":"OPONcQnzWGOLiJSceNaf8pvx1fA2","updatedAt":"2025-06-06T07:06:22.526Z","name":"NATIONALPARK HOHE TAUERN KERNZONE/SONDERSG K2","dataIngestion":true,"type":29,"icaoClass":8,"activity":0,"onDemand":false,"onRequest":false,"byNotam":false,"specialAgreement":false,"requestCompliance":false,"country":"AT","upperLimit":{"value":999,"unit":6,"referenceDatum":2},"lowerLimit":{"value":0,"unit":1,"referenceDatum":0},"hoursOfOperation":{"operatingHours":[{"dayOfWeek":0,"startTime":"00:00","endTime":"00:00","byNotam":false,"sunrise":false,"sunset":false,"publicHolidaysExcluded":false},{"dayOfWeek":1,"startTime":"00:00","endTime":"00:00","byNotam":false,"sunrise":false,"sunset":false,"publicHolidaysExcluded":false},{"dayOfWeek":2,"startTime":"00:00","endTime":"00:00","byNotam":false,"sunrise":false,"sunset":false,"publicHolidaysExcluded":false},{"dayOfWeek":3,"startTime":"00:00","endTime":"00:00","byNotam":false,"sunrise":false,"sunset":false,"publicHolidaysExcluded":false},{"dayOfWeek":4,"startTime":"00:00","endTime":"00:00","byNotam":false,"sunrise":false,"sunset":false,"publicHolidaysExcluded":false},{"dayOfWeek":5,"startTime":"00:00","endTime":"00:00","byNotam":false,"sunrise":false,"sunset":false,"publicHolidaysExcluded":false},{"dayOfWeek":6,"startTime":"00:00","endTime":"00:00","byNotam":false,"sunrise":false,"sunset":false,"publicHolidaysExcluded":false}]},"remarks":"All aerial activities strictly prohibited.","deletable":false},"geometry":{"type":"Polygon","coordinates":[[[12.87601,47.08461],[12.87088,47.08626],[12.86993,47.08579],[12.86884,47.08559],[12.86781,47.08488],[12.86702,47.08461],[12.86555,47.08466],[12.86376,47.08352],[12.86066,47.08195],[12.85972,47.08068],[12.85971,47.08036],[12.85827,47.07757],[12.85848,47.07605],[12.85833,47.07327],[12.8586,47.07092],[12.86081,47.06878],[12.86095,47.06699],[12.86111,47.06661],[12.86193,47.06701],[12.86185,47.0683],[12.86175,47.06951],[12.86075,47.07111],[12.8607,47.07406],[12.86028,47.07698],[12.86224,47.07886],[12.86528,47.08073],[12.87155,47.08202],[12.87628,47.07429],[12.87789,47.07437],[12.877,47.07344],[12.87881,47.07321],[12.90162,47.07422],[12.9072,47.07159],[12.90707,47.06959],[12.91142,47.06341],[12.9176,47.06036],[12.91907,47.06078],[12.92005,47.06153],[12.92074,47.06173],[12.92087,47.06203],[12.92127,47.06205],[12.92166,47.06181],[12.92206,47.06197],[12.92289,47.06194],[12.92324,47.06212],[12.92377,47.06176],[12.9244,47.06215],[12.92507,47.06234],[12.92535,47.06224],[12.92638,47.06262],[12.92781,47.06259],[12.92956,47.06232],[12.9306,47.06245],[12.9314,47.06233],[12.93179,47.06262],[12.93225,47.06268],[12.93246,47.06344],[12.933,47.06369],[12.93448,47.06376],[12.93508,47.06361],[12.93692,47.0638],[12.93762,47.06355],[12.93764,47.06301],[12.93685,47.06213],[12.93543,47.06165],[12.93557,47.0612],[12.93545,47.06105],[12.93391,47.06039],[12.93378,47.05949],[12.9321,47.05893],[12.93146,47.0582],[12.93065,47.05779],[12.92933,47.05748],[12.92815,47.05692],[12.92721,47.05678],[12.92634,47.05611],[12.92612,47.05532],[12.92631,47.05495],[12.92698,47.05531],[12.92803,47.05524],[12.92883,47.05479],[12.92975,47.05281],[12.93106,47.05226],[12.93218,47.05139],[12.93168,47.05107],[12.93149,47.05075],[12.93238,47.05069],[12.93346,47.05124],[12.93399,47.05115],[12.93582,47.05139],[12.9361,47.05131],[12.93688,47.05156],[12.93755,47.05095],[12.93799,47.05087],[12.93833,47.05053],[12.93878,47.0504],[12.93926,47.04952],[12.93914,47.04898],[12.93885,47.04871],[12.93806,47.04828],[12.93717,47.04806],[12.93533,47.04709],[12.93397,47.04666],[12.93188,47.04646],[12.93114,47.04624],[12.93102,47.04591],[12.90526,47.04417],[12.8993,47.03997],[12.898,47.03953],[12.89476,47.03615],[12.9044,47.03519],[12.9053,47.03626],[12.91165,47.03329],[12.92236,47.02611],[12.92454,47.02401],[12.92461,47.02439],[12.92798,47.02541],[12.93346,47.02959],[12.94003,47.02032],[12.94045,47.01888],[12.94102,47.01933],[12.94186,47.01937],[12.94335,47.01868],[12.94462,47.0169],[12.94565,47.01667],[12.947,47.01661],[12.94645,47.01565],[12.94668,47.01496],[12.94662,47.01443],[12.94624,47.01414],[12.94597,47.01334],[12.94606,47.01321],[12.94463,47.01168],[12.94483,47.01152],[12.94453,47.01099],[12.94435,47.01088],[12.94204,47.01198],[12.9406,47.01162],[12.9423,47.00715],[12.94395,47.00694],[12.95126,47.00515],[12.95115,47.0057],[12.95134,47.00633],[12.95167,47.01195],[12.98179,47.01943],[12.98297,47.02032],[12.98553,47.02156],[12.98742,47.02142],[12.98944,47.02181],[12.98357,47.01358],[12.98821,47.00867],[12.98036,46.99513],[12.97904,46.99627],[12.97567,46.99725],[12.95257,46.99186],[12.9532,46.99469],[12.95116,46.99486],[12.95099,46.99406],[12.94861,46.99468],[12.94855,46.99375],[12.94809,46.99278],[12.94622,46.99277],[12.94575,46.99258],[12.94385,46.99321],[12.94241,46.99273],[12.941,46.99136],[12.94126,46.99093],[12.94188,46.99051],[12.94008,46.99024],[12.93926,46.9896],[12.93803,46.98929],[12.93502,46.98899],[12.93415,46.9882],[12.93149,46.98676],[12.93263,46.98597],[12.93151,46.98446],[12.93346,46.98355],[12.93492,46.98389],[12.9466,46.9856],[12.95876,46.97499],[12.95904,46.97503],[12.96051,46.98157],[12.96505,46.97944],[12.97336,46.98258],[12.97578,46.98631],[12.97773,46.98994],[12.99111,46.9891],[12.99556,46.99233],[12.99965,46.99463],[13.00443,46.99893],[13.00337,47.00147],[13.00471,47.00804],[13.00231,47.00927],[13.00044,47.0112],[12.99922,47.0131],[12.99596,47.01541],[12.99518,47.01675],[12.9941,47.01929],[12.99451,47.0211],[12.99388,47.02264],[12.99235,47.02397],[12.99052,47.02618],[12.98872,47.02728],[12.98335,47.02937],[12.98328,47.03199],[12.98351,47.0341],[12.98535,47.0356],[12.98264,47.03839],[12.97996,47.03877],[12.97614,47.0386],[12.97173,47.03786],[12.96484,47.039],[12.96111,47.04152],[12.95685,47.04323],[12.953,47.04926],[12.95416,47.05067],[12.95563,47.05422],[12.94507,47.05803],[12.9432,47.05923],[12.94301,47.06375],[12.94176,47.06625],[12.93919,47.07065],[12.93642,47.0731],[12.93729,47.07601],[12.93753,47.07617],[12.92948,47.07888],[12.92673,47.07947],[12.92576,47.07993],[12.91933,47.08161],[12.9166,47.08146],[12.91453,47.08158],[12.91342,47.08132],[12.90755,47.081],[12.90405,47.08141],[12.90154,47.08078],[12.89574,47.08133],[12.89545,47.08104],[12.89433,47.08124],[12.89251,47.08129],[12.88968,47.08238],[12.88772,47.08355],[12.88512,47.08459],[12.88256,47.08431],[12.88039,47.08456],[12.87861,47.08445],[12.87769,47.08417],[12.87601,47.08461]]]}}, {"type":"Feature","id":147,"properties":{"_id":"68428e9dabdf33f4484a6d7a","createdBy":"OPONcQnzWGOLiJSceNaf8pvx1fA2","createdAt":"2025-06-06T06:45:49.007Z","updatedBy":"OPONcQnzWGOLiJSceNaf8pvx1fA2","updatedAt":"2025-06-06T07:06:22.621Z","name":"NATIONALPARK HOHE TAUERN KERNZONE/SONDERSG K3","dataIngestion":true,"type":29,"icaoClass":8,"activity":0,"onDemand":false,"onRequest":false,"byNotam":false,"specialAgreement":false,"requestCompliance":false,"country":"AT","upperLimit":{"value":999,"unit":6,"referenceDatum":2},"lowerLimit":{"value":0,"unit":1,"referenceDatum":0},"hoursOfOperation":{"operatingHours":[{"dayOfWeek":0,"startTime":"00:00","endTime":"00:00","byNotam":false,"sunrise":false,"sunset":false,"publicHolidaysExcluded":false},{"dayOfWeek":1,"startTime":"00:00","endTime":"00:00","byNotam":false,"sunrise":false,"sunset":false,"publicHolidaysExcluded":false},{"dayOfWeek":2,"startTime":"00:00","endTime":"00:00","byNotam":false,"sunrise":false,"sunset":false,"publicHolidaysExcluded":false},{"dayOfWeek":3,"startTime":"00:00","endTime":"00:00","byNotam":false,"sunrise":false,"sunset":false,"publicHolidaysExcluded":false},{"dayOfWeek":4,"startTime":"00:00","endTime":"00:00","byNotam":false,"sunrise":false,"sunset":false,"publicHolidaysExcluded":false},{"dayOfWeek":5,"startTime":"00:00","endTime":"00:00","byNotam":false,"sunrise":false,"sunset":false,"publicHolidaysExcluded":false},{"dayOfWeek":6,"startTime":"00:00","endTime":"00:00","byNotam":false,"sunrise":false,"sunset":false,"publicHolidaysExcluded":false}]},"remarks":"All aerial activities strictly prohibited.","deletable":false},"geometry":{"type":"Polygon","coordinates":[[[13.29682,47.09123],[13.29011,47.09439],[13.27731,47.09515],[13.26853,47.09173],[13.26592,47.0911],[13.26068,47.08936],[13.25469,47.08787],[13.25088,47.08741],[13.24981,47.08751],[13.24815,47.08578],[13.24801,47.08391],[13.24546,47.0786],[13.24131,47.07487],[13.23979,47.07178],[13.23939,47.07153],[13.24554,47.06785],[13.2486,47.0513],[13.24813,47.05058],[13.22836,47.0471],[13.22802,47.04677],[13.21488,47.03969],[13.21441,47.03808],[13.21405,47.03569],[13.21025,47.03062],[13.20798,47.02827],[13.20579,47.02675],[13.19748,47.02009],[13.20149,47.02115],[13.20524,47.02164],[13.21264,47.0235],[13.21379,47.02392],[13.22683,47.02681],[13.23542,47.02479],[13.23266,47.0201],[13.21762,47.01848],[13.21722,47.01968],[13.21659,47.02078],[13.21568,47.02139],[13.20609,47.01786],[13.19992,47.01697],[13.20101,47.01496],[13.20127,47.01371],[13.20124,47.01299],[13.20308,47.01202],[13.20322,47.01168],[13.20208,47.01078],[13.20065,47.01045],[13.20033,47.0101],[13.1989,47.00925],[13.19484,47.00707],[13.19596,47.00619],[13.19595,47.00579],[13.19471,47.00397],[13.19526,47.00348],[13.19321,47.00265],[13.19271,47.00286],[13.19186,47.0028],[13.19134,47.00217],[13.19134,47.00187],[13.19196,47.00187],[13.1935,47.00127],[13.19431,47.00078],[13.1938,46.99891],[13.19002,46.99962],[13.18936,46.99901],[13.18992,46.9986],[13.1912,46.99718],[13.18418,46.994],[13.18435,46.99183],[13.18367,46.99048],[13.18171,46.99032],[13.18172,46.98891],[13.18262,46.98765],[13.18417,46.98649],[13.18753,46.98682],[13.18806,46.98747],[13.18817,46.98681],[13.18878,46.98643],[13.19117,46.9859],[13.19074,46.98553],[13.19106,46.98497],[13.19191,46.98434],[13.19269,46.98433],[13.19365,46.98519],[13.19413,46.98524],[13.19431,46.98557],[13.19419,46.98587],[13.19458,46.98631],[13.19524,46.98658],[13.19557,46.9869],[13.19957,46.98841],[13.20003,46.98825],[13.20067,46.98827],[13.20052,46.988],[13.20118,46.9879],[13.20128,46.98897],[13.20197,46.98858],[13.20259,46.98785],[13.20292,46.98807],[13.20344,46.9881],[13.20354,46.987],[13.20436,46.98696],[13.20424,46.98609],[13.2046,46.98566],[13.2051,46.98573],[13.20521,46.986],[13.20571,46.98634],[13.20729,46.98604],[13.20754,46.98615],[13.20807,46.98604],[13.20873,46.98565],[13.2091,46.98633],[13.21169,46.98625],[13.21197,46.9868],[13.21267,46.98693],[13.21514,46.98692],[13.2175,46.98757],[13.21892,46.98741],[13.22831,46.9873],[13.23183,46.98869],[13.23231,46.98793],[13.23295,46.98935],[13.23428,46.9889],[13.2343,46.98753],[13.23398,46.98726],[13.23517,46.98701],[13.23505,46.98657],[13.23518,46.98657],[13.23668,46.98388],[13.23458,46.98376],[13.23397,46.98351],[13.23051,46.98381],[13.22087,46.98206],[13.22083,46.98063],[13.22124,46.97835],[13.22018,46.97702],[13.21696,46.9758],[13.21564,46.97605],[13.21511,46.97509],[13.21219,46.9739],[13.2153,46.97134],[13.21628,46.97128],[13.21889,46.97026],[13.21815,46.9694],[13.21625,46.96916],[13.21454,46.96965],[13.21498,46.9675],[13.21457,46.9669],[13.21564,46.96667],[13.21547,46.96599],[13.21793,46.96631],[13.21881,46.96617],[13.22024,46.96497],[13.22369,46.96581],[13.22581,46.96694],[13.22712,46.96704],[13.2282,46.96693],[13.22996,46.9661],[13.2342,46.96572],[13.23514,46.96536],[13.23516,46.96519],[13.23711,46.96459],[13.2394,46.96516],[13.24,46.96566],[13.24129,46.96568],[13.24216,46.96545],[13.24081,46.9632],[13.24096,46.96272],[13.24063,46.96246],[13.24109,46.96157],[13.24181,46.96122],[13.2421,46.96133],[13.24245,46.96043],[13.24978,46.96595],[13.25155,46.96661],[13.25436,46.95992],[13.25735,46.95609],[13.25687,46.95625],[13.25881,46.95458],[13.2592,46.95296],[13.25976,46.95165],[13.26132,46.95045],[13.25443,46.95102],[13.25256,46.95047],[13.25775,46.94792],[13.26719,46.94632],[13.27132,46.94739],[13.26944,46.95002],[13.26952,46.95034],[13.2707,46.95145],[13.2715,46.95179],[13.27288,46.95275],[13.27805,46.95484],[13.27853,46.95534],[13.27871,46.95619],[13.2823,46.95672],[13.28415,46.95716],[13.2857,46.95682],[13.28951,46.95829],[13.29165,46.9581],[13.2943,46.95821],[13.29764,46.96103],[13.30215,46.96203],[13.30894,46.9639],[13.31001,46.97001],[13.30566,46.97758],[13.31929,46.97854],[13.30989,46.99119],[13.30988,46.99284],[13.3173,46.99492],[13.33346,46.99565],[13.34256,46.99578],[13.35899,46.99661],[13.358,47.00232],[13.36343,47.00376],[13.36983,47.00288],[13.37315,47.00384],[13.37718,47.00379],[13.3799,47.00354],[13.38317,47.00384],[13.38337,47.0064],[13.38459,47.00815],[13.37795,47.02078],[13.37738,47.02705],[13.37578,47.03241],[13.37425,47.03477],[13.37036,47.03357],[13.36842,47.0357],[13.37072,47.03986],[13.36802,47.043],[13.36656,47.04794],[13.36714,47.04865],[13.36256,47.05213],[13.36208,47.05198],[13.35586,47.05798],[13.35642,47.05858],[13.35066,47.06282],[13.34538,47.06878],[13.33939,47.07425],[13.33798,47.07694],[13.31907,47.07514],[13.31271,47.072],[13.30527,47.04977],[13.2988,47.0381],[13.29687,47.0374],[13.28732,47.04212],[13.28164,47.04771],[13.29354,47.07585],[13.28222,47.07357],[13.26001,47.08144],[13.27537,47.09048],[13.29401,47.08966],[13.29992,47.08776],[13.29682,47.09123]]]}}, {"type":"Feature","id":148,"properties":{"_id":"68428e9dabdf33f4484a6d7d","createdBy":"OPONcQnzWGOLiJSceNaf8pvx1fA2","createdAt":"2025-06-06T06:45:49.030Z","updatedBy":"OPONcQnzWGOLiJSceNaf8pvx1fA2","updatedAt":"2025-06-06T07:06:22.731Z","name":"NATIONALPARK HOHE TAUERN KERNZONE/SONDERSG K4","dataIngestion":true,"type":29,"icaoClass":8,"activity":0,"onDemand":false,"onRequest":false,"byNotam":false,"specialAgreement":false,"requestCompliance":false,"country":"AT","upperLimit":{"value":999,"unit":6,"referenceDatum":2},"lowerLimit":{"value":0,"unit":1,"referenceDatum":0},"hoursOfOperation":{"operatingHours":[{"dayOfWeek":0,"startTime":"00:00","endTime":"00:00","byNotam":false,"sunrise":false,"sunset":false,"publicHolidaysExcluded":false},{"dayOfWeek":1,"startTime":"00:00","endTime":"00:00","byNotam":false,"sunrise":false,"sunset":false,"publicHolidaysExcluded":false},{"dayOfWeek":2,"startTime":"00:00","endTime":"00:00","byNotam":false,"sunrise":false,"sunset":false,"publicHolidaysExcluded":false},{"dayOfWeek":3,"startTime":"00:00","endTime":"00:00","byNotam":false,"sunrise":false,"sunset":false,"publicHolidaysExcluded":false},{"dayOfWeek":4,"startTime":"00:00","endTime":"00:00","byNotam":false,"sunrise":false,"sunset":false,"publicHolidaysExcluded":false},{"dayOfWeek":5,"startTime":"00:00","endTime":"00:00","byNotam":false,"sunrise":false,"sunset":false,"publicHolidaysExcluded":false},{"dayOfWeek":6,"startTime":"00:00","endTime":"00:00","byNotam":false,"sunrise":false,"sunset":false,"publicHolidaysExcluded":false}]},"remarks":"All aerial activities strictly prohibited.","deletable":false},"geometry":{"type":"Polygon","coordinates":[[[13.18462,47.04374],[13.17888,47.04215],[13.17636,47.04087],[13.17124,47.04174],[13.16771,47.04081],[13.16638,47.03963],[13.16198,47.03704],[13.15559,47.03548],[13.15185,47.03562],[13.14669,47.03497],[13.14004,47.03596],[13.13924,47.03535],[13.13796,47.03478],[13.13382,47.0349],[13.13321,47.0348],[13.13045,47.03223],[13.12916,47.02983],[13.12822,47.02893],[13.12697,47.02705],[13.12364,47.02658],[13.12016,47.02637],[13.1122,47.02546],[13.10646,47.02629],[13.10365,47.02525],[13.10072,47.02506],[13.09564,47.02542],[13.09373,47.02602],[13.0918,47.02628],[13.08965,47.02773],[13.08925,47.0277],[13.08856,47.02699],[13.08748,47.02655],[13.08606,47.0276],[13.08034,47.02681],[13.07953,47.02441],[13.07945,47.02225],[13.07978,47.0203],[13.07861,47.0183],[13.07618,47.01569],[13.07302,47.01341],[13.07168,47.00823],[13.07,47.00034],[13.07748,46.9967],[13.08327,46.99073],[13.091,46.98944],[13.09407,46.98807],[13.10244,46.98351],[13.1055,46.9849],[13.11167,46.98719],[13.11322,46.98713],[13.11577,46.98646],[13.12206,46.98261],[13.12757,46.98107],[13.12874,46.98093],[13.13025,46.9802],[13.13104,46.97917],[13.13357,46.97704],[13.13363,46.97662],[13.13931,46.97355],[13.14163,46.97402],[13.14315,46.97467],[13.1449,46.97454],[13.14587,46.97429],[13.14826,46.97588],[13.15399,46.98157],[13.15537,46.9826],[13.1567,46.98456],[13.15502,46.98546],[13.15008,46.98703],[13.14968,46.98658],[13.14815,46.98606],[13.14717,46.98509],[13.14437,46.98577],[13.14159,46.98591],[13.14013,46.9869],[13.13856,46.98727],[13.13789,46.98823],[13.1368,46.98882],[13.13766,46.99138],[13.13731,46.99104],[13.13672,46.99163],[13.13506,46.99142],[13.13451,46.99204],[13.13051,46.9916],[13.12987,46.99214],[13.13173,46.9926],[13.12985,46.9939],[13.12722,46.99422],[13.12513,46.9941],[13.12262,46.99674],[13.12092,46.99713],[13.11967,46.99703],[13.11871,46.99738],[13.11832,46.99768],[13.10964,46.99748],[13.10436,47.00086],[13.10218,47.00176],[13.09958,47.00173],[13.09789,47.00228],[13.09712,47.00237],[13.09697,47.00256],[13.0957,47.00235],[13.08512,47.01037],[13.08537,47.01326],[13.09049,47.01591],[13.10044,47.01979],[13.10112,47.0203],[13.10288,47.02066],[13.10389,47.02062],[13.10592,47.0211],[13.12618,47.02337],[13.12491,47.01589],[13.12593,47.01315],[13.12639,47.01051],[13.12523,47.00723],[13.12679,47.00739],[13.12907,47.00735],[13.1309,47.00822],[13.13236,47.00952],[13.13338,47.00924],[13.13439,47.00864],[13.13545,47.01032],[13.13619,47.01053],[13.13655,47.0113],[13.13631,47.0117],[13.13619,47.01272],[13.13739,47.0125],[13.13741,47.01381],[13.13834,47.01494],[13.1406,47.0137],[13.14123,47.0136],[13.14239,47.01413],[13.14528,47.01435],[13.14664,47.00989],[13.14701,47.00744],[13.14739,47.00638],[13.14815,47.0053],[13.14804,47.00424],[13.14714,47.00294],[13.14822,47.00312],[13.14979,47.00391],[13.15227,47.00254],[13.15377,47.00322],[13.15406,47.00224],[13.15554,47.0029],[13.15735,47.00255],[13.15736,47.00396],[13.15769,47.00514],[13.15803,47.00505],[13.15973,47.00545],[13.16267,47.00649],[13.15939,47.00839],[13.15947,47.01111],[13.16351,47.01253],[13.16804,47.01318],[13.16995,47.01799],[13.17399,47.0187],[13.17486,47.01959],[13.17931,47.02162],[13.18127,47.02464],[13.18702,47.02563],[13.19702,47.04257],[13.1882,47.04262],[13.18462,47.04374]]]}}, {"type":"Feature","id":149,"properties":{"_id":"68428e9dabdf33f4484a6d80","createdBy":"OPONcQnzWGOLiJSceNaf8pvx1fA2","createdAt":"2025-06-06T06:45:49.047Z","updatedBy":"OPONcQnzWGOLiJSceNaf8pvx1fA2","updatedAt":"2025-06-06T07:06:23.109Z","name":"NATIONALPARK HOHE TAUERN KERNZONE T1","dataIngestion":true,"type":29,"icaoClass":8,"activity":0,"onDemand":false,"onRequest":false,"byNotam":false,"specialAgreement":false,"requestCompliance":false,"country":"AT","upperLimit":{"value":999,"unit":6,"referenceDatum":2},"lowerLimit":{"value":0,"unit":1,"referenceDatum":0},"hoursOfOperation":{"operatingHours":[{"dayOfWeek":0,"startTime":"00:00","endTime":"00:00","byNotam":false,"sunrise":false,"sunset":false,"publicHolidaysExcluded":false},{"dayOfWeek":1,"startTime":"00:00","endTime":"00:00","byNotam":false,"sunrise":false,"sunset":false,"publicHolidaysExcluded":false},{"dayOfWeek":2,"startTime":"00:00","endTime":"00:00","byNotam":false,"sunrise":false,"sunset":false,"publicHolidaysExcluded":false},{"dayOfWeek":3,"startTime":"00:00","endTime":"00:00","byNotam":false,"sunrise":false,"sunset":false,"publicHolidaysExcluded":false},{"dayOfWeek":4,"startTime":"00:00","endTime":"00:00","byNotam":false,"sunrise":false,"sunset":false,"publicHolidaysExcluded":false},{"dayOfWeek":5,"startTime":"00:00","endTime":"00:00","byNotam":false,"sunrise":false,"sunset":false,"publicHolidaysExcluded":false},{"dayOfWeek":6,"startTime":"00:00","endTime":"00:00","byNotam":false,"sunrise":false,"sunset":false,"publicHolidaysExcluded":false}]},"remarks":"All aerial activities strictly prohibited.","deletable":false},"geometry":{"type":"Polygon","coordinates":[[[12.4792,47.14462],[12.4842,47.14693],[12.49127,47.15361],[12.49147,47.1564],[12.48352,47.15784],[12.48173,47.15139],[12.46556,47.14435],[12.45095,47.1437],[12.43463,47.15049],[12.42909,47.14827],[12.42426,47.14377],[12.42344,47.14365],[12.42268,47.14328],[12.41781,47.14233],[12.41293,47.14343],[12.41189,47.14425],[12.40681,47.14702],[12.39952,47.1528],[12.36328,47.14138],[12.35869,47.1168],[12.34562,47.10927],[12.33862,47.10829],[12.33134,47.10807],[12.32541,47.10744],[12.31314,47.10292],[12.31045,47.1005],[12.30864,47.09314],[12.28378,47.09255],[12.27379,47.08337],[12.26145,47.07272],[12.24075,47.06917],[12.2403,47.06813],[12.23921,47.06745],[12.23884,47.06644],[12.23688,47.06525],[12.23542,47.06517],[12.23274,47.06449],[12.23214,47.064],[12.22939,47.06297],[12.22852,47.06207],[12.22713,47.06149],[12.22614,47.06083],[12.22406,47.0607],[12.22248,47.06033],[12.22068,47.05952],[12.21927,47.05941],[12.21656,47.05868],[12.21668,47.05821],[12.21642,47.05701],[12.21661,47.05636],[12.21572,47.05566],[12.21549,47.05523],[12.21581,47.05497],[12.2157,47.05461],[12.21589,47.05331],[12.21572,47.05293],[12.21598,47.05236],[12.21622,47.05237],[12.21728,47.05085],[12.21653,47.04998],[12.21698,47.04861],[12.21677,47.04829],[12.21697,47.04785],[12.2166,47.04706],[12.21615,47.04659],[12.21643,47.04619],[12.21667,47.04509],[12.21614,47.04494],[12.2145,47.04384],[12.21356,47.04267],[12.21248,47.04217],[12.21242,47.04167],[12.21265,47.04075],[12.21251,47.04052],[12.21292,47.03971],[12.21228,47.03898],[12.21181,47.03871],[12.21182,47.03819],[12.21165,47.03806],[12.21203,47.03751],[12.2119,47.03725],[12.21137,47.03631],[12.21079,47.03571],[12.21078,47.03545],[12.20925,47.03465],[12.2096,47.0333],[12.20957,47.0329],[12.20847,47.03162],[12.20769,47.03159],[12.20771,47.03131],[12.2072,47.03086],[12.20719,47.03019],[12.20691,47.02955],[12.20492,47.0283],[12.20495,47.02716],[12.20472,47.02688],[12.20429,47.0268],[12.20245,47.02704],[12.20168,47.02732],[12.2005,47.02723],[12.19931,47.0269],[12.19791,47.02688],[12.19677,47.02705],[12.19565,47.02684],[12.19376,47.02684],[12.19017,47.02611],[12.18914,47.02559],[12.18551,47.02529],[12.1831,47.02527],[12.18181,47.02493],[12.18062,47.02546],[12.18023,47.0255],[12.17959,47.02525],[12.17803,47.02377],[12.1773,47.02349],[12.17646,47.02338],[12.1737,47.02371],[12.17147,47.02303],[12.16966,47.02196],[12.16902,47.02174],[12.16788,47.02089],[12.16637,47.0204],[12.16646,47.02007],[12.1661,47.01966],[12.16502,47.01901],[12.16437,47.0189],[12.16347,47.01934],[12.16126,47.01995],[12.15952,47.02137],[12.15806,47.02216],[12.15638,47.0227],[12.15549,47.02266],[12.1543,47.02315],[12.15333,47.02385],[12.15053,47.02385],[12.1493,47.02412],[12.1489,47.02443],[12.14741,47.0249],[12.14671,47.02431],[12.14513,47.02363],[12.14417,47.02298],[12.1429,47.02265],[12.14188,47.02213],[12.1412,47.02102],[12.14026,47.02006],[12.14015,47.01953],[12.13945,47.01881],[12.137,47.01789],[12.13432,47.01716],[12.13206,47.01606],[12.1311,47.01602],[12.13093,47.0155],[12.13003,47.0146],[12.12804,47.01418],[12.12689,47.01324],[12.12606,47.0131],[12.126,47.01283],[12.12563,47.01259],[12.12564,47.01216],[12.12464,47.01182],[12.1245,47.01146],[12.12463,47.01112],[12.12385,47.0109],[12.12399,47.0104],[12.12331,47.00867],[12.12316,47.00843],[12.12224,47.00797],[12.1214,47.0071],[12.12122,47.00586],[12.12184,47.00541],[12.12216,47.00499],[12.12217,47.00468],[12.12288,47.00417],[12.1271,47.00557],[12.13507,47.01378],[12.13889,47.01665],[12.1474,47.02036],[12.15437,47.01491],[12.15957,47.00215],[12.16938,47.00572],[12.1775,47.01594],[12.17761,47.02029],[12.1884,47.02369],[12.18566,47.01599],[12.18928,47.01454],[12.19124,47.01481],[12.19148,47.00386],[12.19492,46.99408],[12.19572,46.98114],[12.20062,46.97877],[12.1984,46.97771],[12.19767,46.97636],[12.19727,46.97546],[12.19797,46.97308],[12.23191,46.96132],[12.24621,46.96092],[12.24709,46.93731],[12.24733,46.93504],[12.24754,46.93414],[12.24866,46.93282],[12.2498,46.93104],[12.2509,46.9286],[12.25138,46.92824],[12.26858,46.93469],[12.27401,46.93899],[12.27551,46.93883],[12.27699,46.93896],[12.28652,46.93356],[12.29056,46.9344],[12.29532,46.93642],[12.29931,46.93534],[12.3057,46.93413],[12.30995,46.93391],[12.312,46.93424],[12.31693,46.93576],[12.31842,46.93724],[12.31852,46.93788],[12.31621,46.93908],[12.31106,46.93899],[12.31062,46.94068],[12.3073,46.94185],[12.30511,46.94181],[12.30181,46.94234],[12.2998,46.94346],[12.29645,46.94374],[12.29239,46.94629],[12.29009,46.94591],[12.28884,46.94677],[12.28391,46.94816],[12.28117,46.951],[12.28075,46.95078],[12.27966,46.95104],[12.27902,46.95354],[12.27781,46.9547],[12.27718,46.95641],[12.27881,46.95958],[12.27578,46.96148],[12.27708,46.97074],[12.27855,46.97202],[12.28026,46.96911],[12.28474,46.96638],[12.28531,46.96726],[12.28537,46.96786],[12.28581,46.96827],[12.28617,46.96894],[12.28712,46.96907],[12.28757,46.96648],[12.29172,46.96501],[12.29259,46.9623],[12.29326,46.96128],[12.29446,46.96038],[12.29683,46.96127],[12.29607,46.96339],[12.29683,46.96577],[12.29838,46.96894],[12.29917,46.96774],[12.30024,46.96692],[12.30208,46.96724],[12.30585,46.96172],[12.30942,46.96242],[12.30816,46.96884],[12.31001,46.96839],[12.31104,46.96782],[12.31121,46.96585],[12.31313,46.96534],[12.31443,46.9658],[12.31549,46.96767],[12.31638,46.96806],[12.31978,46.97076],[12.32144,46.96871],[12.32461,46.96571],[12.32394,46.96585],[12.32374,46.96572],[12.32418,46.9641],[12.32302,46.96168],[12.32244,46.95912],[12.32378,46.95806],[12.32523,46.95764],[12.32968,46.96239],[12.33415,46.96417],[12.33554,46.96303],[12.33634,46.95858],[12.33645,46.95462],[12.33533,46.95367],[12.33878,46.95467],[12.33929,46.95467],[12.34039,46.95249],[12.34142,46.95135],[12.34271,46.95055],[12.34319,46.94904],[12.34415,46.94758],[12.34447,46.94567],[12.34661,46.94056],[12.36163,46.94288],[12.36344,46.94394],[12.36311,46.94512],[12.36376,46.94648],[12.36487,46.94771],[12.36703,46.94904],[12.36749,46.94999],[12.36684,46.95072],[12.36645,46.9516],[12.36501,46.95247],[12.36374,46.95283],[12.36162,46.9531],[12.35813,46.95331],[12.35651,46.95533],[12.35718,46.95701],[12.35691,46.95765],[12.35616,46.95814],[12.35578,46.95891],[12.35556,46.95906],[12.3555,46.95956],[12.354,46.96113],[12.35328,46.96166],[12.3522,46.96327],[12.35183,46.96437],[12.35126,46.96513],[12.34783,46.96868],[12.34776,46.97127],[12.34851,46.97304],[12.35099,46.97405],[12.35423,46.97472],[12.35496,46.97586],[12.35775,46.97276],[12.35864,46.97233],[12.35999,46.97228],[12.36642,46.97352],[12.36788,46.97422],[12.36965,46.97446],[12.36968,46.97523],[12.37273,46.98045],[12.37425,46.98365],[12.36395,46.97933],[12.3608,46.97935],[12.35478,46.98226],[12.35483,46.98063],[12.33534,46.97416],[12.33162,46.97722],[12.32061,46.97724],[12.31959,46.97792],[12.31997,46.98018],[12.32127,46.98161],[12.32138,46.98211],[12.31015,46.98014],[12.30771,46.97835],[12.29864,46.97727],[12.29544,46.97949],[12.28498,46.97977],[12.28129,46.97369],[12.27973,46.97389],[12.2783,46.97431],[12.27607,46.97528],[12.27521,46.97588],[12.2672,46.97609],[12.2627,46.9771],[12.26197,46.97844],[12.26184,46.9792],[12.26199,46.98064],[12.26095,46.98272],[12.26071,46.9839],[12.25986,46.98561],[12.25827,46.98667],[12.25462,46.98848],[12.25583,46.99333],[12.25558,46.99623],[12.25798,46.99563],[12.25959,46.99727],[12.26833,46.99816],[12.27113,46.99962],[12.27145,47.00005],[12.26496,47.00103],[12.25325,47.00462],[12.25122,47.00356],[12.24919,46.99319],[12.24047,46.9866],[12.23922,46.98433],[12.24828,46.98153],[12.24805,46.97951],[12.24346,46.97958],[12.2371,46.98205],[12.22382,46.98486],[12.21908,46.99188],[12.21496,46.99565],[12.21446,46.99691],[12.21024,47.00462],[12.2124,47.01266],[12.22036,47.00672],[12.22815,47.00456],[12.22525,47.00762],[12.22756,47.00903],[12.22835,47.01737],[12.23375,47.01974],[12.2367,47.02062],[12.23635,47.02121],[12.23018,47.02025],[12.22513,47.02178],[12.22125,47.02345],[12.23432,47.02725],[12.23763,47.02494],[12.23885,47.02587],[12.24801,47.0266],[12.2581,47.02445],[12.263,47.02674],[12.26585,47.02865],[12.26724,47.02854],[12.27349,47.02175],[12.27588,47.02188],[12.27686,47.02309],[12.27688,47.02403],[12.27271,47.02645],[12.27069,47.02848],[12.271,47.02972],[12.27024,47.03283],[12.28656,47.02961],[12.28937,47.02706],[12.29164,47.02581],[12.29247,47.02564],[12.29296,47.02695],[12.2911,47.03151],[12.28892,47.03427],[12.28544,47.0409],[12.28994,47.04279],[12.28976,47.04348],[12.28027,47.04421],[12.27263,47.04524],[12.2722,47.04923],[12.27483,47.05083],[12.28138,47.05145],[12.28289,47.05226],[12.28762,47.05368],[12.29917,47.056],[12.30198,47.05412],[12.3027,47.0534],[12.30294,47.05346],[12.29952,47.0606],[12.29614,47.07056],[12.29876,47.07022],[12.3075,47.06447],[12.30864,47.0649],[12.31908,47.06376],[12.32942,47.07194],[12.32812,47.07813],[12.33549,47.0756],[12.33766,47.06744],[12.34238,47.0683],[12.34406,47.07317],[12.34462,47.07748],[12.35534,47.07755],[12.35746,47.0794],[12.35971,47.07708],[12.35868,47.07258],[12.35312,47.06919],[12.34771,47.06647],[12.34154,47.06256],[12.35064,47.0641],[12.34982,47.05817],[12.35047,47.0557],[12.3487,47.04952],[12.34591,47.04688],[12.34191,47.04649],[12.3391,47.04309],[12.34098,47.04287],[12.34194,47.04166],[12.34194,47.03844],[12.34266,47.03735],[12.34835,47.03684],[12.35062,47.03693],[12.35099,47.03772],[12.3527,47.03787],[12.35259,47.0382],[12.35313,47.03827],[12.35465,47.0381],[12.35702,47.03919],[12.35833,47.03813],[12.3638,47.03805],[12.36982,47.03605],[12.37005,47.03715],[12.36883,47.03811],[12.36797,47.03996],[12.3712,47.04107],[12.3717,47.04237],[12.36844,47.05571],[12.37126,47.05733],[12.37913,47.05852],[12.38513,47.05851],[12.39301,47.05642],[12.38918,47.04836],[12.3917,47.04532],[12.38828,47.04161],[12.39082,47.03701],[12.39184,47.03548],[12.39241,47.03417],[12.39497,47.03478],[12.39511,47.03527],[12.39573,47.03596],[12.39791,47.03661],[12.39881,47.03647],[12.40062,47.03764],[12.40428,47.03837],[12.40673,47.03854],[12.40873,47.03826],[12.41196,47.04144],[12.41157,47.04191],[12.41547,47.04257],[12.42056,47.04193],[12.42314,47.04228],[12.42575,47.04139],[12.42631,47.04165],[12.43085,47.04271],[12.43632,47.0416],[12.44618,47.0341],[12.4488,47.03234],[12.44945,47.03179],[12.45024,47.03007],[12.45257,47.02919],[12.45341,47.03137],[12.45343,47.03236],[12.45771,47.03713],[12.46089,47.0354],[12.46307,47.0339],[12.46033,47.03028],[12.45985,47.02875],[12.46017,47.02808],[12.46298,47.03012],[12.46396,47.03046],[12.46481,47.02978],[12.46448,47.0294],[12.46485,47.02907],[12.4649,47.02849],[12.46527,47.02841],[12.46913,47.03079],[12.46939,47.03076],[12.47193,47.029],[12.47335,47.02835],[12.47525,47.02862],[12.47679,47.02791],[12.47722,47.03048],[12.47836,47.03054],[12.48324,47.02692],[12.48797,47.02911],[12.49086,47.0302],[12.49124,47.02985],[12.49213,47.02982],[12.49442,47.029],[12.49543,47.02772],[12.49809,47.02944],[12.49993,47.02966],[12.50536,47.02963],[12.50471,47.03148],[12.50482,47.03172],[12.50038,47.03211],[12.49859,47.03256],[12.49767,47.0322],[12.49396,47.03211],[12.49092,47.03294],[12.48829,47.03467],[12.48669,47.03894],[12.48483,47.04686],[12.48065,47.04838],[12.48297,47.0487],[12.48283,47.0491],[12.47726,47.05039],[12.47266,47.05011],[12.46692,47.05027],[12.46202,47.04733],[12.45941,47.0473],[12.45833,47.05097],[12.45879,47.05408],[12.45543,47.05193],[12.45438,47.05251],[12.45314,47.05014],[12.4492,47.04852],[12.44672,47.0497],[12.44709,47.05114],[12.44269,47.05192],[12.4378,47.05499],[12.4368,47.05888],[12.43815,47.06257],[12.44389,47.06596],[12.43997,47.06877],[12.4362,47.07094],[12.43608,47.07299],[12.44674,47.07869],[12.44489,47.08026],[12.44321,47.08209],[12.44034,47.08339],[12.44037,47.08284],[12.43522,47.08079],[12.42767,47.07902],[12.41831,47.08178],[12.41634,47.08296],[12.41675,47.08468],[12.41951,47.08624],[12.42011,47.08706],[12.41606,47.0889],[12.41484,47.08865],[12.41457,47.08905],[12.41592,47.08977],[12.41965,47.08927],[12.42111,47.09036],[12.41813,47.09189],[12.41475,47.09649],[12.41098,47.09766],[12.41731,47.10015],[12.41992,47.10193],[12.42435,47.1015],[12.43064,47.10118],[12.43995,47.10391],[12.45368,47.10357],[12.45949,47.10405],[12.46021,47.09859],[12.45963,47.09711],[12.46336,47.0931],[12.46435,47.08893],[12.46731,47.08776],[12.47242,47.08352],[12.47691,47.08331],[12.47801,47.08246],[12.48202,47.08236],[12.48416,47.08157],[12.48401,47.07718],[12.49001,47.07519],[12.49134,47.0736],[12.49831,47.07311],[12.49492,47.07407],[12.49239,47.07581],[12.49233,47.07779],[12.49005,47.07991],[12.49145,47.08299],[12.49719,47.08366],[12.50006,47.08452],[12.50383,47.08498],[12.50399,47.08678],[12.50515,47.08965],[12.50191,47.09319],[12.49325,47.09363],[12.49003,47.09473],[12.49076,47.09896],[12.49208,47.10111],[12.49268,47.1044],[12.49181,47.10725],[12.49076,47.10804],[12.48839,47.10373],[12.47899,47.1085],[12.47948,47.11361],[12.47591,47.11688],[12.47219,47.11667],[12.4739,47.12039],[12.4751,47.12359],[12.47082,47.12466],[12.46408,47.12513],[12.46039,47.12474],[12.46043,47.1244],[12.45117,47.11855],[12.43813,47.11975],[12.43602,47.12033],[12.43492,47.12081],[12.4335,47.12049],[12.4316,47.12096],[12.43172,47.12077],[12.42639,47.12306],[12.42597,47.1234],[12.42545,47.12457],[12.42346,47.12661],[12.42441,47.12793],[12.42099,47.13004],[12.42356,47.13013],[12.42709,47.13553],[12.4318,47.13732],[12.44461,47.13872],[12.45532,47.13786],[12.45645,47.13652],[12.46269,47.13897],[12.46999,47.14032],[12.4792,47.14462]]]}}, {"type":"Feature","id":150,"properties":{"_id":"68428e9dabdf33f4484a6d83","createdBy":"OPONcQnzWGOLiJSceNaf8pvx1fA2","createdAt":"2025-06-06T06:45:49.085Z","updatedBy":"OPONcQnzWGOLiJSceNaf8pvx1fA2","updatedAt":"2025-06-06T07:06:22.559Z","name":"NATIONALPARK HOHE TAUERN KERNZONE T2","dataIngestion":true,"type":29,"icaoClass":8,"activity":0,"onDemand":false,"onRequest":false,"byNotam":false,"specialAgreement":false,"requestCompliance":false,"country":"AT","upperLimit":{"value":999,"unit":6,"referenceDatum":2},"lowerLimit":{"value":0,"unit":1,"referenceDatum":0},"hoursOfOperation":{"operatingHours":[{"dayOfWeek":0,"startTime":"00:00","endTime":"00:00","byNotam":false,"sunrise":false,"sunset":false,"publicHolidaysExcluded":false},{"dayOfWeek":1,"startTime":"00:00","endTime":"00:00","byNotam":false,"sunrise":false,"sunset":false,"publicHolidaysExcluded":false},{"dayOfWeek":2,"startTime":"00:00","endTime":"00:00","byNotam":false,"sunrise":false,"sunset":false,"publicHolidaysExcluded":false},{"dayOfWeek":3,"startTime":"00:00","endTime":"00:00","byNotam":false,"sunrise":false,"sunset":false,"publicHolidaysExcluded":false},{"dayOfWeek":4,"startTime":"00:00","endTime":"00:00","byNotam":false,"sunrise":false,"sunset":false,"publicHolidaysExcluded":false},{"dayOfWeek":5,"startTime":"00:00","endTime":"00:00","byNotam":false,"sunrise":false,"sunset":false,"publicHolidaysExcluded":false},{"dayOfWeek":6,"startTime":"00:00","endTime":"00:00","byNotam":false,"sunrise":false,"sunset":false,"publicHolidaysExcluded":false}]},"remarks":"All aerial activities strictly prohibited.","deletable":false},"geometry":{"type":"Polygon","coordinates":[[[12.55008,47.12821],[12.54722,47.12883],[12.54515,47.12887],[12.5441,47.12971],[12.52793,47.13765],[12.52625,47.12886],[12.53024,47.1203],[12.52681,47.12009],[12.51826,47.11536],[12.52918,47.11514],[12.53344,47.11055],[12.5452,47.10375],[12.54626,47.10611],[12.56343,47.11248],[12.57037,47.11789],[12.58124,47.10994],[12.58792,47.09999],[12.57789,47.0913],[12.57024,47.09249],[12.56493,47.09071],[12.56628,47.08737],[12.56678,47.08497],[12.56212,47.08372],[12.55842,47.08381],[12.55296,47.08139],[12.55633,47.08053],[12.55925,47.08079],[12.5611,47.08042],[12.56256,47.07955],[12.56386,47.078],[12.57241,47.07757],[12.57178,47.07513],[12.57241,47.07336],[12.57115,47.07147],[12.56911,47.06954],[12.56481,47.0683],[12.56269,47.0673],[12.56293,47.06509],[12.56142,47.06398],[12.55823,47.06104],[12.55733,47.05929],[12.55166,47.05826],[12.54531,47.06035],[12.54588,47.0583],[12.5419,47.05263],[12.54244,47.05183],[12.54354,47.04905],[12.54302,47.04567],[12.55294,47.0518],[12.55964,47.05237],[12.56358,47.05303],[12.56594,47.05172],[12.56913,47.05275],[12.57312,47.05269],[12.57817,47.0516],[12.57998,47.04903],[12.58273,47.04762],[12.58385,47.04433],[12.5777,47.04225],[12.57373,47.0402],[12.56977,47.03861],[12.56914,47.03667],[12.57127,47.03291],[12.56937,47.03118],[12.56816,47.03055],[12.56481,47.02951],[12.56528,47.02882],[12.56974,47.02689],[12.57613,47.02842],[12.57794,47.03082],[12.57252,47.03133],[12.57297,47.03246],[12.58092,47.03272],[12.5865,47.03031],[12.58809,47.03173],[12.58967,47.0324],[12.59141,47.0322],[12.59229,47.03116],[12.59818,47.03153],[12.60144,47.03446],[12.60498,47.03511],[12.60414,47.0374],[12.60261,47.03974],[12.60603,47.0464],[12.6124,47.04745],[12.60864,47.04925],[12.60443,47.05073],[12.60086,47.05225],[12.59932,47.05523],[12.59915,47.05777],[12.60082,47.05954],[12.60274,47.06109],[12.60308,47.0618],[12.60678,47.06221],[12.61029,47.07043],[12.61814,47.08608],[12.62021,47.0883],[12.62423,47.09123],[12.63146,47.09415],[12.6328,47.09126],[12.63485,47.08497],[12.63639,47.08232],[12.63896,47.08145],[12.63956,47.07894],[12.63848,47.077],[12.63911,47.07413],[12.64055,47.07233],[12.64062,47.07054],[12.64005,47.06905],[12.63656,47.06553],[12.63559,47.06182],[12.6395,47.0602],[12.6411,47.05793],[12.63959,47.05807],[12.64027,47.05589],[12.63808,47.05456],[12.6375,47.04937],[12.6351,47.04691],[12.63678,47.04043],[12.63498,47.03995],[12.63346,47.03793],[12.63445,47.03826],[12.6349,47.03798],[12.63516,47.03811],[12.6354,47.03789],[12.63491,47.03529],[12.63551,47.03476],[12.63735,47.03501],[12.63785,47.03437],[12.63884,47.03414],[12.64007,47.03535],[12.64074,47.03547],[12.64254,47.03488],[12.64475,47.03617],[12.64701,47.03601],[12.64718,47.03661],[12.64857,47.03745],[12.64886,47.03713],[12.64924,47.03709],[12.64952,47.03732],[12.65111,47.03709],[12.65131,47.03787],[12.65217,47.03906],[12.65253,47.0393],[12.65294,47.03935],[12.65279,47.03876],[12.65498,47.03871],[12.65525,47.03892],[12.65487,47.03919],[12.65493,47.03978],[12.6555,47.04033],[12.65668,47.04219],[12.65971,47.04535],[12.66232,47.0441],[12.66252,47.04433],[12.66227,47.04463],[12.66202,47.04563],[12.66357,47.046],[12.66328,47.04629],[12.66408,47.04679],[12.66357,47.04709],[12.66484,47.04966],[12.6702,47.05004],[12.6721,47.05136],[12.67724,47.04824],[12.6777,47.04558],[12.67694,47.04435],[12.67694,47.03924],[12.67868,47.03741],[12.67874,47.03583],[12.67761,47.0343],[12.67605,47.03264],[12.67497,47.0318],[12.67529,47.03135],[12.6819,47.03472],[12.68615,47.03443],[12.68807,47.0374],[12.6876,47.04359],[12.688,47.05315],[12.68948,47.05379],[12.69043,47.05377],[12.69169,47.05304],[12.69173,47.05232],[12.69134,47.05156],[12.6916,47.05072],[12.6933,47.05012],[12.70042,47.04971],[12.69889,47.04247],[12.70256,47.04345],[12.70572,47.04162],[12.70733,47.03559],[12.70792,47.0356],[12.70865,47.04125],[12.7158,47.04166],[12.72411,47.04151],[12.74319,47.03762],[12.74147,47.03276],[12.73391,47.02979],[12.72292,47.03104],[12.71704,47.03032],[12.71426,47.02891],[12.71325,47.02728],[12.71246,47.02499],[12.71117,47.01993],[12.71661,47.01949],[12.71894,47.01716],[12.72205,47.01561],[12.7221,47.01431],[12.70821,47.00434],[12.7103,47.00016],[12.68381,46.99348],[12.68323,46.99311],[12.68251,46.99152],[12.68514,46.99096],[12.68596,46.99055],[12.68472,46.98946],[12.68507,46.98791],[12.68328,46.98688],[12.68372,46.98644],[12.68229,46.9858],[12.68312,46.98497],[12.68334,46.98446],[12.68738,46.98555],[12.68691,46.98489],[12.6869,46.98432],[12.68764,46.98362],[12.69109,46.98346],[12.69099,46.98333],[12.69142,46.98278],[12.69143,46.98191],[12.68896,46.98062],[12.68684,46.97869],[12.68909,46.97825],[12.6881,46.97757],[12.68861,46.97693],[12.69072,46.97666],[12.69261,46.97686],[12.69492,46.97739],[12.6951,46.97734],[12.6949,46.97683],[12.69419,46.97578],[12.71317,46.97241],[12.71104,46.96757],[12.70356,46.96471],[12.69538,46.96661],[12.69034,46.96703],[12.68732,46.96578],[12.69217,46.95996],[12.68326,46.96007],[12.66968,46.96622],[12.66273,46.97057],[12.65872,46.97263],[12.65644,46.97532],[12.65307,46.97629],[12.65304,46.97544],[12.65482,46.97467],[12.65549,46.97422],[12.65325,46.97318],[12.65281,46.97312],[12.6527,46.9722],[12.6524,46.97202],[12.65014,46.97169],[12.64848,46.97192],[12.64702,46.97046],[12.64499,46.96917],[12.64601,46.96861],[12.64573,46.96827],[12.64445,46.96806],[12.64295,46.96727],[12.64205,46.96763],[12.63892,46.96829],[12.63891,46.96756],[12.63835,46.96727],[12.63752,46.96717],[12.63718,46.96655],[12.63851,46.9664],[12.63834,46.96614],[12.64112,46.96632],[12.64217,46.96621],[12.64367,46.96579],[12.643,46.96499],[12.64284,46.96443],[12.64474,46.96435],[12.64507,46.96274],[12.64623,46.96164],[12.64292,46.96123],[12.64378,46.96019],[12.64221,46.95974],[12.64264,46.95939],[12.64422,46.95937],[12.65601,46.95558],[12.66208,46.94847],[12.65178,46.94604],[12.64948,46.94262],[12.6467,46.93735],[12.6495,46.93785],[12.65009,46.93841],[12.65173,46.93849],[12.65339,46.93883],[12.65611,46.93825],[12.65737,46.93845],[12.6598,46.93765],[12.66233,46.93705],[12.66335,46.9366],[12.66392,46.93668],[12.66508,46.93603],[12.66641,46.9363],[12.66741,46.93616],[12.67052,46.93705],[12.67287,46.93721],[12.67569,46.93774],[12.67743,46.93843],[12.68262,46.9389],[12.68419,46.93931],[12.68591,46.9404],[12.69036,46.94271],[12.69258,46.94275],[12.69464,46.94409],[12.69821,46.94262],[12.70087,46.94103],[12.70164,46.94087],[12.70273,46.93986],[12.70401,46.93781],[12.70912,46.93393],[12.71026,46.93338],[12.71433,46.93337],[12.71668,46.93165],[12.71583,46.92833],[12.71668,46.92627],[12.71932,46.92397],[12.7236,46.9206],[12.72564,46.91962],[12.72789,46.91917],[12.73047,46.91804],[12.73147,46.91703],[12.73217,46.91562],[12.73284,46.91471],[12.73412,46.91369],[12.73554,46.91339],[12.73878,46.91189],[12.73932,46.91117],[12.74079,46.91033],[12.74149,46.90974],[12.74209,46.90909],[12.74189,46.90783],[12.7407,46.90642],[12.73974,46.9046],[12.73958,46.90383],[12.73965,46.90309],[12.74054,46.90241],[12.7408,46.90125],[12.74075,46.90037],[12.74135,46.89989],[12.7447,46.89828],[12.7453,46.89761],[12.74771,46.89678],[12.74867,46.89559],[12.75029,46.89542],[12.75266,46.89579],[12.75662,46.89752],[12.75788,46.89788],[12.76843,46.89207],[12.77835,46.89038],[12.76156,46.89882],[12.75542,46.90929],[12.74116,46.91918],[12.73967,46.92185],[12.74541,46.92383],[12.74565,46.92496],[12.73902,46.92575],[12.72334,46.92424],[12.72351,46.92796],[12.72992,46.93242],[12.7372,46.93279],[12.7367,46.93387],[12.73825,46.94166],[12.75461,46.94114],[12.76377,46.93898],[12.79368,46.91953],[12.7948,46.92017],[12.79683,46.91921],[12.79987,46.91671],[12.80267,46.91835],[12.80246,46.9197],[12.80299,46.92026],[12.81229,46.91833],[12.8186,46.91447],[12.83545,46.9072],[12.8361,46.90802],[12.83843,46.90997],[12.83776,46.91149],[12.837,46.9119],[12.83706,46.91249],[12.83096,46.91517],[12.82525,46.91699],[12.82251,46.91703],[12.82183,46.91682],[12.82002,46.92078],[12.81727,46.9205],[12.81195,46.92288],[12.80846,46.9226],[12.80199,46.92261],[12.79882,46.92357],[12.78931,46.92883],[12.78295,46.93189],[12.78417,46.93693],[12.78641,46.93956],[12.78017,46.94008],[12.77761,46.94218],[12.77264,46.94421],[12.76965,46.94479],[12.76883,46.94655],[12.76663,46.94779],[12.76248,46.95106],[12.76071,46.95341],[12.75957,46.95661],[12.75054,46.95667],[12.74458,46.96052],[12.74397,46.96746],[12.74216,46.96859],[12.74109,46.96899],[12.7418,46.97293],[12.73926,46.97872],[12.73634,46.98287],[12.73382,46.98487],[12.73209,46.98659],[12.72944,46.98887],[12.72739,46.9917],[12.72591,46.99237],[12.72464,46.99579],[12.72938,46.9975],[12.73178,46.99887],[12.73356,47.00109],[12.73624,47.00268],[12.73746,47.00385],[12.73757,47.00578],[12.73586,47.00763],[12.73618,47.01045],[12.73578,47.013],[12.73871,47.01406],[12.74037,47.0144],[12.74228,47.01454],[12.74455,47.01828],[12.74562,47.01875],[12.74651,47.01998],[12.74783,47.02106],[12.75489,47.02486],[12.75414,47.02633],[12.7544,47.02672],[12.75613,47.03352],[12.75966,47.03491],[12.7608,47.03516],[12.76646,47.03717],[12.76867,47.0393],[12.77228,47.04015],[12.76593,47.04443],[12.76069,47.04454],[12.75782,47.04583],[12.75464,47.04549],[12.75394,47.0448],[12.75375,47.04431],[12.75343,47.04402],[12.75133,47.04317],[12.75004,47.04295],[12.7491,47.04307],[12.74816,47.04273],[12.74738,47.04296],[12.74612,47.04236],[12.7449,47.0424],[12.74389,47.0419],[12.74323,47.04198],[12.74242,47.04175],[12.74143,47.042],[12.73864,47.04226],[12.73484,47.04168],[12.7336,47.04166],[12.7308,47.04238],[12.72803,47.04248],[12.72253,47.04328],[12.71706,47.04349],[12.7168,47.04379],[12.71641,47.0439],[12.71636,47.04416],[12.71458,47.04471],[12.71349,47.04554],[12.71278,47.04645],[12.71221,47.04667],[12.71189,47.04714],[12.71148,47.04739],[12.71111,47.04817],[12.71052,47.04844],[12.71014,47.04974],[12.70129,47.07058],[12.70072,47.07094],[12.70003,47.07171],[12.69993,47.07262],[12.69959,47.07306],[12.69742,47.07386],[12.69601,47.07372],[12.69569,47.07392],[12.69497,47.07394],[12.69449,47.07413],[12.69251,47.07522],[12.69214,47.07561],[12.69214,47.07608],[12.6893,47.07718],[12.68759,47.07836],[12.68602,47.0799],[12.6859,47.08027],[12.68605,47.08088],[12.68597,47.08163],[12.6857,47.0819],[12.68372,47.08319],[12.68263,47.08312],[12.68163,47.08349],[12.68086,47.08405],[12.67923,47.08581],[12.6793,47.08646],[12.6795,47.08683],[12.67986,47.08704],[12.67874,47.08728],[12.67782,47.08776],[12.67735,47.08816],[12.67731,47.08875],[12.67651,47.08934],[12.67641,47.08962],[12.67436,47.09095],[12.67089,47.09093],[12.66856,47.09144],[12.66497,47.09344],[12.66415,47.09433],[12.66205,47.09538],[12.66137,47.09619],[12.65966,47.09769],[12.65684,47.09952],[12.65436,47.10025],[12.65143,47.10022],[12.64717,47.1021],[12.64529,47.10228],[12.64505,47.10259],[12.64366,47.10345],[12.64187,47.10363],[12.64145,47.10445],[12.63949,47.10519],[12.63854,47.10592],[12.63823,47.10681],[12.63632,47.10827],[12.63563,47.10926],[12.63358,47.11092],[12.63254,47.11157],[12.63136,47.11196],[12.63067,47.11303],[12.62924,47.11457],[12.6289,47.11559],[12.62557,47.11707],[12.62248,47.11913],[12.62018,47.11946],[12.61904,47.12031],[12.61659,47.12147],[12.61382,47.12147],[12.61088,47.12256],[12.60787,47.12322],[12.60378,47.12362],[12.5974,47.12526],[12.595,47.12535],[12.59224,47.12487],[12.58755,47.13207],[12.58707,47.13216],[12.58606,47.13192],[12.57886,47.13178],[12.57421,47.13375],[12.56638,47.13603],[12.56214,47.1346],[12.55996,47.13344],[12.5528,47.12761],[12.55008,47.12821]]]}}, {"type":"Feature","id":151,"properties":{"_id":"68428e9dabdf33f4484a6d86","createdBy":"OPONcQnzWGOLiJSceNaf8pvx1fA2","createdAt":"2025-06-06T06:45:49.117Z","updatedBy":"OPONcQnzWGOLiJSceNaf8pvx1fA2","updatedAt":"2025-06-06T07:06:23.591Z","name":"NATIONALPARK HOHE TAUERN KERNZONE T3","dataIngestion":true,"type":29,"icaoClass":8,"activity":0,"onDemand":false,"onRequest":false,"byNotam":false,"specialAgreement":false,"requestCompliance":false,"country":"AT","upperLimit":{"value":999,"unit":6,"referenceDatum":2},"lowerLimit":{"value":0,"unit":1,"referenceDatum":0},"hoursOfOperation":{"operatingHours":[{"dayOfWeek":0,"startTime":"00:00","endTime":"00:00","byNotam":false,"sunrise":false,"sunset":false,"publicHolidaysExcluded":false},{"dayOfWeek":1,"startTime":"00:00","endTime":"00:00","byNotam":false,"sunrise":false,"sunset":false,"publicHolidaysExcluded":false},{"dayOfWeek":2,"startTime":"00:00","endTime":"00:00","byNotam":false,"sunrise":false,"sunset":false,"publicHolidaysExcluded":false},{"dayOfWeek":3,"startTime":"00:00","endTime":"00:00","byNotam":false,"sunrise":false,"sunset":false,"publicHolidaysExcluded":false},{"dayOfWeek":4,"startTime":"00:00","endTime":"00:00","byNotam":false,"sunrise":false,"sunset":false,"publicHolidaysExcluded":false},{"dayOfWeek":5,"startTime":"00:00","endTime":"00:00","byNotam":false,"sunrise":false,"sunset":false,"publicHolidaysExcluded":false},{"dayOfWeek":6,"startTime":"00:00","endTime":"00:00","byNotam":false,"sunrise":false,"sunset":false,"publicHolidaysExcluded":false}]},"remarks":"All aerial activities strictly prohibited.","deletable":false},"geometry":{"type":"Polygon","coordinates":[[[12.15004,46.96624],[12.14592,46.96738],[12.14251,46.96569],[12.13721,46.96374],[12.1368,46.96677],[12.13646,46.96612],[12.13654,46.96538],[12.13586,46.96471],[12.13481,46.96447],[12.13205,46.96441],[12.13112,46.96402],[12.13144,46.96311],[12.13198,46.96225],[12.13321,46.96156],[12.13463,46.96113],[12.13578,46.9601],[12.13617,46.95888],[12.13654,46.95862],[12.13742,46.95707],[12.13799,46.9565],[12.13921,46.95655],[12.13961,46.95615],[12.13997,46.95608],[12.14076,46.95628],[12.14114,46.956],[12.14268,46.95556],[12.14297,46.95561],[12.1436,46.95511],[12.14482,46.95467],[12.14567,46.95408],[12.14623,46.95395],[12.14766,46.95318],[12.15006,46.95328],[12.15133,46.95295],[12.15225,46.95261],[12.15426,46.95105],[12.15766,46.95083],[12.15822,46.95053],[12.15865,46.94984],[12.15965,46.94912],[12.15992,46.94859],[12.16068,46.94806],[12.16137,46.9465],[12.16135,46.94616],[12.16244,46.94429],[12.16314,46.94372],[12.16501,46.94274],[12.16527,46.94182],[12.16563,46.94141],[12.166,46.94127],[12.16603,46.94052],[12.16649,46.93999],[12.16668,46.93949],[12.16836,46.93829],[12.16867,46.93713],[12.16855,46.93681],[12.16798,46.93639],[12.16778,46.93604],[12.16801,46.93563],[12.16803,46.93466],[12.16757,46.93368],[12.16783,46.93326],[12.16679,46.93247],[12.16632,46.93254],[12.16581,46.93214],[12.16449,46.93165],[12.16322,46.9306],[12.16123,46.9296],[12.16093,46.9287],[12.15861,46.92628],[12.15768,46.92397],[12.15699,46.92307],[12.15612,46.92243],[12.15523,46.92144],[12.15496,46.92059],[12.15451,46.92],[12.15441,46.91961],[12.15344,46.9184],[12.15278,46.91709],[12.15145,46.91646],[12.15093,46.916],[12.14949,46.91554],[12.14923,46.91555],[12.14887,46.91595],[12.14707,46.91569],[12.14668,46.91544],[12.14587,46.91529],[12.14509,46.91442],[12.14381,46.91378],[12.15971,46.90909],[12.15995,46.90887],[12.16072,46.90727],[12.16153,46.90692],[12.16263,46.90693],[12.16596,46.90839],[12.16668,46.90911],[12.16762,46.90923],[12.1679,46.90951],[12.16973,46.91014],[12.17015,46.90999],[12.17072,46.90921],[12.17127,46.90896],[12.17185,46.90896],[12.17331,46.90848],[12.17455,46.90836],[12.17561,46.90738],[12.17669,46.90675],[12.17825,46.90743],[12.17846,46.90766],[12.18058,46.908],[12.18219,46.90759],[12.18276,46.90727],[12.18406,46.90715],[12.18494,46.90663],[12.1864,46.90633],[12.18743,46.90646],[12.19035,46.90612],[12.19057,46.9053],[12.19036,46.90459],[12.19062,46.90424],[12.19116,46.90393],[12.1911,46.90277],[12.19365,46.90343],[12.19399,46.90367],[12.19449,46.90331],[12.19516,46.90237],[12.19427,46.90098],[12.19438,46.90049],[12.19532,46.90017],[12.19522,46.89973],[12.19628,46.89965],[12.19679,46.8993],[12.19671,46.89923],[12.20516,46.90433],[12.22028,46.91184],[12.22314,46.91374],[12.22564,46.9158],[12.22448,46.917],[12.21976,46.9192],[12.21735,46.92272],[12.21218,46.92375],[12.19674,46.9223],[12.19648,46.92736],[12.20619,46.92845],[12.20651,46.92687],[12.20998,46.92836],[12.21273,46.92661],[12.2154,46.92764],[12.2187,46.92815],[12.21161,46.92904],[12.21256,46.92947],[12.21744,46.93427],[12.21903,46.94012],[12.207,46.9473],[12.2004,46.95177],[12.19733,46.95478],[12.1941,46.9478],[12.18973,46.95046],[12.18785,46.95223],[12.18073,46.95602],[12.17677,46.95563],[12.17208,46.96092],[12.16065,46.96585],[12.15161,46.9658],[12.15004,46.96624]]]}}, {"type":"Feature","id":152,"properties":{"_id":"68428e9dabdf33f4484a6d89","createdBy":"OPONcQnzWGOLiJSceNaf8pvx1fA2","createdAt":"2025-06-06T06:45:49.138Z","updatedBy":"OPONcQnzWGOLiJSceNaf8pvx1fA2","updatedAt":"2025-06-06T07:06:23.788Z","name":"NATIONALPARK HOHE TAUERN S1","dataIngestion":true,"type":29,"icaoClass":8,"activity":0,"onDemand":false,"onRequest":false,"byNotam":false,"specialAgreement":false,"requestCompliance":false,"country":"AT","upperLimit":{"value":16400,"unit":1,"referenceDatum":1},"lowerLimit":{"value":0,"unit":1,"referenceDatum":0},"hoursOfOperation":{"operatingHours":[{"dayOfWeek":0,"startTime":"00:00","endTime":"00:00","byNotam":false,"sunrise":false,"sunset":false,"publicHolidaysExcluded":false},{"dayOfWeek":1,"startTime":"00:00","endTime":"00:00","byNotam":false,"sunrise":false,"sunset":false,"publicHolidaysExcluded":false},{"dayOfWeek":2,"startTime":"00:00","endTime":"00:00","byNotam":false,"sunrise":false,"sunset":false,"publicHolidaysExcluded":false},{"dayOfWeek":3,"startTime":"00:00","endTime":"00:00","byNotam":false,"sunrise":false,"sunset":false,"publicHolidaysExcluded":false},{"dayOfWeek":4,"startTime":"00:00","endTime":"00:00","byNotam":false,"sunrise":false,"sunset":false,"publicHolidaysExcluded":false},{"dayOfWeek":5,"startTime":"00:00","endTime":"00:00","byNotam":false,"sunrise":false,"sunset":false,"publicHolidaysExcluded":false},{"dayOfWeek":6,"startTime":"00:00","endTime":"00:00","byNotam":false,"sunrise":false,"sunset":false,"publicHolidaysExcluded":false}]},"remarks":"Motorized aircrafts below an altitude of 5000 m (16400 ft) not permitted.\nTake-off or landing with non-motorized aerial devices or aircraft that can be operated independently in flight is prohibited.\nThis includes hang- and paragliding, whereby the overflight is allowed.","deletable":false},"geometry":{"type":"Polygon","coordinates":[[[12.39986,47.24968],[12.39762,47.25288],[12.39832,47.25335],[12.39425,47.25474],[12.39517,47.25546],[12.38863,47.25435],[12.38353,47.25154],[12.38027,47.24622],[12.3793,47.24684],[12.37035,47.24774],[12.36849,47.24769],[12.36727,47.2479],[12.36722,47.24616],[12.36758,47.24388],[12.36831,47.24246],[12.36816,47.24196],[12.36837,47.2409],[12.36806,47.24011],[12.36883,47.23842],[12.36831,47.23781],[12.35905,47.23461],[12.35534,47.23349],[12.35476,47.23442],[12.35092,47.2376],[12.34714,47.23662],[12.34561,47.23573],[12.34441,47.23546],[12.34248,47.23559],[12.34003,47.23468],[12.3324,47.23374],[12.32201,47.23045],[12.3194,47.22816],[12.31591,47.22618],[12.31303,47.22547],[12.31143,47.22679],[12.30954,47.23112],[12.29686,47.23145],[12.2909,47.23309],[12.29103,47.2345],[12.28952,47.23509],[12.28524,47.23513],[12.27938,47.2309],[12.27901,47.23048],[12.27597,47.21879],[12.27567,47.21932],[12.27566,47.2199],[12.27491,47.22008],[12.27495,47.22076],[12.27391,47.22093],[12.27401,47.22176],[12.27384,47.22213],[12.27167,47.2236],[12.2711,47.2253],[12.27058,47.22606],[12.26913,47.22713],[12.26907,47.22761],[12.26879,47.22787],[12.26797,47.22833],[12.26803,47.22957],[12.26738,47.22996],[12.26616,47.23137],[12.2637,47.22976],[12.25844,47.2306],[12.25813,47.23051],[12.2562,47.22942],[12.25718,47.22643],[12.26029,47.21545],[12.25398,47.21478],[12.25696,47.20862],[12.25875,47.20608],[12.25473,47.20446],[12.25326,47.20541],[12.24869,47.20356],[12.24585,47.20558],[12.24372,47.20524],[12.24024,47.20307],[12.2385,47.20271],[12.23484,47.20044],[12.23198,47.2067],[12.23471,47.21697],[12.23092,47.22055],[12.23155,47.22614],[12.23082,47.22778],[12.22285,47.22899],[12.22033,47.22911],[12.21585,47.22638],[12.21281,47.21976],[12.20092,47.21354],[12.20164,47.21026],[12.19155,47.21148],[12.18405,47.21421],[12.18335,47.21535],[12.1833,47.2139],[12.18186,47.21475],[12.1812,47.21408],[12.18088,47.2126],[12.1799,47.21133],[12.17917,47.21099],[12.17673,47.21105],[12.17566,47.21074],[12.17369,47.2109],[12.17308,47.21077],[12.17169,47.21083],[12.17136,47.21164],[12.17161,47.21283],[12.17026,47.21286],[12.16991,47.21255],[12.16988,47.21135],[12.1684,47.2109],[12.1672,47.21012],[12.15,47.20526],[12.1493,47.20855],[12.14263,47.21044],[12.13917,47.20618],[12.13156,47.20755],[12.13023,47.20808],[12.1237,47.20824],[12.12107,47.21072],[12.12034,47.2097],[12.11964,47.2092],[12.1194,47.20863],[12.11892,47.20827],[12.11605,47.20745],[12.11571,47.20036],[12.11656,47.19953],[12.11475,47.19818],[12.11289,47.19709],[12.111,47.19541],[12.10903,47.19557],[12.10394,47.19481],[12.09847,47.19225],[12.09441,47.19061],[12.08854,47.18879],[12.08658,47.19098],[12.08187,47.19186],[12.08215,47.19117],[12.08263,47.19057],[12.08407,47.18988],[12.08393,47.18924],[12.08427,47.18908],[12.08355,47.18598],[12.08428,47.18509],[12.08503,47.18366],[12.08652,47.18267],[12.08799,47.18131],[12.0881,47.18046],[12.08777,47.17983],[12.08817,47.17938],[12.088,47.1789],[12.08839,47.17848],[12.08838,47.17809],[12.08879,47.17793],[12.08876,47.17766],[12.08927,47.17695],[12.08909,47.17667],[12.08936,47.17561],[12.08721,47.17469],[12.08742,47.17453],[12.08728,47.17372],[12.0863,47.17261],[12.08608,47.17202],[12.08634,47.17178],[12.08634,47.17146],[12.08592,47.17069],[12.08636,47.17],[12.08716,47.16928],[12.08711,47.16866],[12.08891,47.16806],[12.08984,47.16819],[12.09192,47.16732],[12.0917,47.16675],[12.09175,47.16623],[12.09296,47.16363],[12.09359,47.16027],[12.09359,47.15979],[12.09319,47.15907],[12.09313,47.15851],[12.09361,47.15667],[12.09352,47.1537],[12.09392,47.15225],[12.09397,47.15065],[12.09372,47.14938],[12.09379,47.14884],[12.09306,47.14654],[12.09339,47.14584],[12.09439,47.14518],[12.09677,47.14462],[12.09839,47.14404],[12.09858,47.14368],[12.09962,47.14364],[12.10058,47.14322],[12.10124,47.14314],[12.10212,47.14263],[12.10323,47.14244],[12.10445,47.14187],[12.10755,47.14096],[12.10976,47.13987],[12.11069,47.13966],[12.11182,47.13852],[12.11231,47.13713],[12.11306,47.13656],[12.11252,47.1356],[12.11311,47.13463],[12.11335,47.13236],[12.1139,47.13205],[12.11408,47.13162],[12.11448,47.13123],[12.11428,47.13046],[12.11456,47.12728],[12.11395,47.126],[12.11364,47.12468],[12.11464,47.1217],[12.1167,47.12054],[12.11711,47.11963],[12.1182,47.11855],[12.11981,47.11738],[12.12062,47.11703],[12.12196,47.1158],[12.12214,47.11532],[12.12245,47.11504],[12.12231,47.11488],[12.12248,47.1147],[12.1229,47.1146],[12.12399,47.11379],[12.12491,47.11351],[12.12594,47.11176],[12.12722,47.11031],[12.12752,47.11026],[12.12786,47.10968],[12.12807,47.10773],[12.12941,47.10533],[12.12946,47.10426],[12.128,47.10348],[12.12736,47.1012],[12.1259,47.09724],[12.12579,47.09432],[12.12522,47.09257],[12.12705,47.09082],[12.12713,47.09054],[12.12739,47.09048],[12.12768,47.09014],[12.12894,47.08995],[12.13145,47.087],[12.13497,47.0816],[12.13603,47.08067],[12.13732,47.0808],[12.13909,47.0801],[12.14067,47.07983],[12.14334,47.08019],[12.14598,47.08034],[12.14842,47.07957],[12.15123,47.07942],[12.15156,47.07929],[12.1533,47.0803],[12.15434,47.08068],[12.15702,47.08131],[12.1586,47.08131],[12.16136,47.08189],[12.16502,47.08346],[12.16785,47.08546],[12.1693,47.0861],[12.16997,47.08697],[12.17069,47.08711],[12.17397,47.0871],[12.17768,47.08799],[12.1783,47.08882],[12.17847,47.08937],[12.17902,47.08966],[12.1794,47.09008],[12.18013,47.09043],[12.18056,47.09117],[12.18203,47.0909],[12.18314,47.09099],[12.18512,47.09157],[12.18598,47.09215],[12.1884,47.09118],[12.18996,47.09106],[12.1905,47.09071],[12.19149,47.09051],[12.19411,47.08953],[12.1948,47.08893],[12.19633,47.0887],[12.19669,47.08846],[12.19804,47.08874],[12.20088,47.08733],[12.20229,47.087],[12.20365,47.08718],[12.20693,47.08631],[12.20815,47.08635],[12.20934,47.0866],[12.21162,47.0862],[12.21357,47.08633],[12.21544,47.08609],[12.21657,47.08508],[12.21725,47.0841],[12.21864,47.08407],[12.22352,47.08338],[12.22497,47.08272],[12.22697,47.08212],[12.22769,47.08123],[12.22815,47.07938],[12.22871,47.0788],[12.22918,47.07784],[12.23044,47.07616],[12.23101,47.07578],[12.23183,47.07555],[12.23206,47.07519],[12.23251,47.07511],[12.2334,47.07447],[12.23411,47.07355],[12.23546,47.07274],[12.23742,47.07032],[12.23859,47.06995],[12.23934,47.0699],[12.24075,47.06917],[12.26145,47.07272],[12.27379,47.08337],[12.28545,47.09259],[12.28378,47.09255],[12.26646,47.10559],[12.25536,47.11473],[12.24311,47.1229],[12.2359,47.13208],[12.22139,47.14156],[12.22166,47.14439],[12.2307,47.14946],[12.23757,47.15174],[12.23955,47.15068],[12.23983,47.15225],[12.24072,47.15293],[12.24325,47.1534],[12.24383,47.15372],[12.24405,47.15425],[12.2464,47.15562],[12.24665,47.15645],[12.24819,47.15716],[12.24929,47.15811],[12.25406,47.15909],[12.25453,47.15895],[12.25476,47.15867],[12.25599,47.1591],[12.25764,47.15899],[12.25888,47.15949],[12.25948,47.1591],[12.2623,47.15979],[12.26245,47.15971],[12.26172,47.15714],[12.26177,47.15447],[12.26873,47.14335],[12.26694,47.14262],[12.26632,47.14255],[12.26483,47.14181],[12.26168,47.14152],[12.25813,47.13635],[12.26237,47.13058],[12.27033,47.12868],[12.27472,47.13023],[12.27817,47.12748],[12.27992,47.12764],[12.28095,47.12718],[12.28338,47.12526],[12.28482,47.12374],[12.28893,47.12249],[12.29134,47.12104],[12.2936,47.11873],[12.29439,47.1183],[12.29423,47.11943],[12.29505,47.11956],[12.29776,47.1188],[12.29903,47.11818],[12.30179,47.12011],[12.30519,47.12343],[12.30708,47.12458],[12.31025,47.12613],[12.31081,47.12667],[12.31053,47.12687],[12.306,47.12672],[12.30511,47.12625],[12.30453,47.12556],[12.30367,47.12496],[12.30082,47.12402],[12.29111,47.13013],[12.28779,47.13241],[12.28543,47.13433],[12.28271,47.13787],[12.28344,47.13872],[12.28035,47.1409],[12.27709,47.1494],[12.27841,47.15047],[12.27888,47.15288],[12.27765,47.15867],[12.27594,47.16101],[12.27573,47.1618],[12.2763,47.16233],[12.27595,47.16315],[12.27516,47.16346],[12.27615,47.16495],[12.27597,47.16567],[12.27263,47.1648],[12.27058,47.16815],[12.26962,47.17077],[12.2679,47.17321],[12.27066,47.17372],[12.27249,47.17371],[12.26923,47.18151],[12.28317,47.17734],[12.27983,47.18646],[12.28033,47.18585],[12.28187,47.18496],[12.28253,47.1844],[12.28285,47.18509],[12.28246,47.18588],[12.2853,47.18877],[12.28878,47.19061],[12.29302,47.19205],[12.29372,47.19207],[12.29643,47.1885],[12.30071,47.18533],[12.30285,47.18477],[12.30376,47.18496],[12.30393,47.18481],[12.30506,47.18279],[12.30768,47.17942],[12.30946,47.17856],[12.31174,47.17468],[12.31702,47.17609],[12.31279,47.18291],[12.30785,47.18505],[12.3058,47.18535],[12.30294,47.18904],[12.30022,47.19108],[12.2992,47.19462],[12.29861,47.19512],[12.29486,47.20244],[12.29652,47.20314],[12.29647,47.20332],[12.29935,47.20487],[12.30385,47.20468],[12.31195,47.20712],[12.31234,47.2066],[12.31473,47.19975],[12.3212,47.19457],[12.32656,47.1825],[12.32865,47.17677],[12.33113,47.17446],[12.33285,47.17321],[12.34197,47.17027],[12.34739,47.16729],[12.3551,47.15437],[12.36327,47.14138],[12.39952,47.1528],[12.40681,47.14702],[12.41189,47.14425],[12.41293,47.14343],[12.4178,47.14233],[12.42268,47.14328],[12.42344,47.14365],[12.42426,47.14377],[12.42908,47.14828],[12.43463,47.15049],[12.45095,47.1437],[12.46556,47.14435],[12.48173,47.15139],[12.48352,47.15785],[12.49146,47.1564],[12.49136,47.15734],[12.4871,47.17002],[12.4865,47.1699],[12.48579,47.17006],[12.48584,47.16983],[12.47793,47.17404],[12.47801,47.19087],[12.4783,47.19217],[12.4775,47.19335],[12.47627,47.19441],[12.47145,47.19483],[12.4695,47.19521],[12.46877,47.19497],[12.46681,47.19478],[12.46468,47.19369],[12.44875,47.19392],[12.449,47.19708],[12.44962,47.19946],[12.44658,47.20955],[12.44655,47.21585],[12.44937,47.2174],[12.44915,47.21866],[12.4549,47.22459],[12.45609,47.22844],[12.45776,47.22905],[12.45942,47.23088],[12.46134,47.23369],[12.46107,47.23411],[12.45437,47.23834],[12.4517,47.23898],[12.44571,47.24118],[12.44374,47.24249],[12.44205,47.24324],[12.44036,47.2445],[12.43969,47.24458],[12.43782,47.24573],[12.43652,47.24613],[12.43533,47.24684],[12.4339,47.2484],[12.43383,47.24881],[12.43348,47.24911],[12.43376,47.24991],[12.43317,47.24936],[12.43241,47.24938],[12.43115,47.24979],[12.4327,47.23863],[12.42969,47.23627],[12.42896,47.237],[12.42716,47.23813],[12.42355,47.23941],[12.42309,47.24],[12.42145,47.24053],[12.42067,47.24125],[12.41916,47.24065],[12.41654,47.24086],[12.41573,47.24135],[12.41536,47.24226],[12.41491,47.24233],[12.41478,47.24269],[12.41451,47.24276],[12.41444,47.24299],[12.41403,47.24329],[12.41379,47.24321],[12.41363,47.24339],[12.41335,47.2434],[12.41123,47.24218],[12.40979,47.24394],[12.40628,47.24368],[12.40785,47.24484],[12.40787,47.24598],[12.40522,47.24554],[12.4053,47.24604],[12.4035,47.24581],[12.40117,47.24605],[12.39986,47.24968]]]}}, {"type":"Feature","id":153,"properties":{"_id":"68428e9dabdf33f4484a6d8c","createdBy":"OPONcQnzWGOLiJSceNaf8pvx1fA2","createdAt":"2025-06-06T06:45:49.169Z","updatedBy":"OPONcQnzWGOLiJSceNaf8pvx1fA2","updatedAt":"2025-06-06T07:06:23.730Z","name":"NATIONALPARK HOHE TAUERN S2","dataIngestion":true,"type":29,"icaoClass":8,"activity":0,"onDemand":false,"onRequest":false,"byNotam":false,"specialAgreement":false,"requestCompliance":false,"country":"AT","upperLimit":{"value":16400,"unit":1,"referenceDatum":1},"lowerLimit":{"value":0,"unit":1,"referenceDatum":0},"hoursOfOperation":{"operatingHours":[{"dayOfWeek":0,"startTime":"00:00","endTime":"00:00","byNotam":false,"sunrise":false,"sunset":false,"publicHolidaysExcluded":false},{"dayOfWeek":1,"startTime":"00:00","endTime":"00:00","byNotam":false,"sunrise":false,"sunset":false,"publicHolidaysExcluded":false},{"dayOfWeek":2,"startTime":"00:00","endTime":"00:00","byNotam":false,"sunrise":false,"sunset":false,"publicHolidaysExcluded":false},{"dayOfWeek":3,"startTime":"00:00","endTime":"00:00","byNotam":false,"sunrise":false,"sunset":false,"publicHolidaysExcluded":false},{"dayOfWeek":4,"startTime":"00:00","endTime":"00:00","byNotam":false,"sunrise":false,"sunset":false,"publicHolidaysExcluded":false},{"dayOfWeek":5,"startTime":"00:00","endTime":"00:00","byNotam":false,"sunrise":false,"sunset":false,"publicHolidaysExcluded":false},{"dayOfWeek":6,"startTime":"00:00","endTime":"00:00","byNotam":false,"sunrise":false,"sunset":false,"publicHolidaysExcluded":false}]},"remarks":"Motorized aircrafts below an altitude of 5000 m (16400 ft) not permitted.\nTake-off or landing with non-motorized aerial devices or aircraft that can be operated independently in flight is prohibited.\nThis includes hang- and paragliding, whereby the overflight is allowed.","deletable":false},"geometry":{"type":"Polygon","coordinates":[[[12.77712,47.22646],[12.77107,47.22997],[12.76845,47.2299],[12.7669,47.22825],[12.76527,47.2241],[12.76301,47.2202],[12.76082,47.21809],[12.74331,47.20746],[12.74106,47.20594],[12.73425,47.19605],[12.74316,47.18581],[12.74423,47.18374],[12.74592,47.17937],[12.74309,47.17304],[12.73278,47.1688],[12.72858,47.16401],[12.72861,47.16371],[12.7247,47.15969],[12.72116,47.15792],[12.71903,47.15718],[12.71709,47.15474],[12.71438,47.15446],[12.71269,47.15297],[12.71079,47.15201],[12.7081,47.15174],[12.70419,47.15053],[12.70058,47.14813],[12.69285,47.14908],[12.69263,47.15295],[12.696,47.15301],[12.6976,47.15651],[12.69956,47.15958],[12.70722,47.164],[12.70248,47.16923],[12.69763,47.16923],[12.69121,47.1723],[12.69683,47.18937],[12.68378,47.18756],[12.67645,47.19053],[12.67612,47.19199],[12.67213,47.19552],[12.67214,47.19676],[12.65967,47.20052],[12.65231,47.20304],[12.64472,47.20594],[12.63964,47.20832],[12.63605,47.21079],[12.63309,47.21321],[12.62852,47.21539],[12.6214,47.21063],[12.62217,47.21054],[12.6225,47.21005],[12.6224,47.20862],[12.62197,47.20783],[12.61991,47.20649],[12.61973,47.20616],[12.6203,47.20471],[12.62234,47.20421],[12.62422,47.20176],[12.62767,47.20048],[12.62841,47.19904],[12.62902,47.19864],[12.62913,47.19835],[12.62749,47.19811],[12.62705,47.19731],[12.62868,47.19534],[12.62897,47.19522],[12.63002,47.19172],[12.63063,47.19116],[12.63043,47.19082],[12.63069,47.19064],[12.63156,47.1891],[12.63167,47.18834],[12.63016,47.18692],[12.63011,47.18659],[12.63225,47.1863],[12.63268,47.18474],[12.63392,47.18479],[12.6393,47.18269],[12.64006,47.18354],[12.64359,47.18317],[12.64356,47.18421],[12.64576,47.18392],[12.64685,47.1844],[12.64772,47.18658],[12.65337,47.1884],[12.65847,47.18798],[12.66058,47.18262],[12.65861,47.17885],[12.65154,47.17808],[12.65107,47.17583],[12.64779,47.1746],[12.64637,47.17215],[12.64734,47.17059],[12.64767,47.17034],[12.64839,47.1704],[12.64946,47.17095],[12.65045,47.1709],[12.65043,47.17144],[12.65137,47.17134],[12.6518,47.17068],[12.65042,47.17081],[12.64938,47.17063],[12.64809,47.16985],[12.64698,47.16829],[12.64696,47.16811],[12.64737,47.16757],[12.64738,47.16723],[12.64672,47.16659],[12.64559,47.16666],[12.64495,47.16612],[12.64512,47.16575],[12.64782,47.16448],[12.65191,47.15834],[12.65315,47.15435],[12.65003,47.15077],[12.64916,47.14266],[12.63031,47.11736],[12.62234,47.12105],[12.61696,47.12308],[12.61514,47.1243],[12.61469,47.12493],[12.61459,47.12541],[12.61471,47.12576],[12.61771,47.12993],[12.61714,47.13041],[12.61623,47.13372],[12.61765,47.13412],[12.61788,47.1369],[12.61787,47.14159],[12.61675,47.1479],[12.61411,47.15861],[12.61379,47.1605],[12.61342,47.16135],[12.61948,47.16745],[12.6192,47.17259],[12.62171,47.17764],[12.61941,47.1805],[12.61596,47.18421],[12.61489,47.18557],[12.61342,47.18551],[12.61317,47.18456],[12.61347,47.18419],[12.61634,47.17669],[12.6036,47.18415],[12.59615,47.18113],[12.58427,47.16304],[12.58256,47.15803],[12.58376,47.15452],[12.58558,47.1475],[12.58754,47.13207],[12.59223,47.12487],[12.59499,47.12535],[12.59739,47.12526],[12.60378,47.12362],[12.60787,47.12322],[12.61088,47.12256],[12.61381,47.12147],[12.61659,47.12147],[12.61903,47.12031],[12.62018,47.11945],[12.62247,47.11913],[12.62556,47.11706],[12.62889,47.11559],[12.62924,47.11457],[12.63067,47.11303],[12.63136,47.11196],[12.63253,47.11157],[12.63358,47.11092],[12.63563,47.10926],[12.63632,47.10826],[12.63823,47.10681],[12.63853,47.10591],[12.63948,47.10519],[12.64144,47.10445],[12.64187,47.10363],[12.64365,47.10345],[12.64504,47.10259],[12.64529,47.10228],[12.64716,47.1021],[12.65142,47.10022],[12.65435,47.10025],[12.65683,47.09952],[12.65691,47.10001],[12.65804,47.10105],[12.65878,47.10138],[12.65891,47.10161],[12.66068,47.10239],[12.6619,47.10261],[12.66334,47.10366],[12.66606,47.10514],[12.67074,47.10681],[12.671,47.10739],[12.6711,47.10848],[12.67296,47.10927],[12.67184,47.11086],[12.67046,47.11186],[12.67012,47.11248],[12.66814,47.11389],[12.66731,47.11561],[12.66684,47.11611],[12.66649,47.11795],[12.66681,47.11899],[12.66732,47.11984],[12.66625,47.12105],[12.66604,47.12241],[12.66614,47.12283],[12.66721,47.1217],[12.66777,47.12147],[12.67039,47.12075],[12.67233,47.12071],[12.67917,47.12171],[12.68266,47.1219],[12.68391,47.12212],[12.68558,47.12256],[12.6879,47.1236],[12.68902,47.12431],[12.6919,47.1235],[12.69209,47.12283],[12.69423,47.12212],[12.69713,47.12162],[12.70064,47.12244],[12.70334,47.12218],[12.70392,47.12149],[12.70448,47.12201],[12.70842,47.12456],[12.70939,47.12484],[12.71035,47.12443],[12.71177,47.12498],[12.71271,47.12626],[12.713,47.12725],[12.71302,47.12807],[12.7139,47.12772],[12.71461,47.12781],[12.71796,47.12938],[12.72028,47.12943],[12.72459,47.13077],[12.72541,47.13128],[12.72972,47.13091],[12.7309,47.13099],[12.73255,47.12616],[12.73439,47.11358],[12.735,47.11304],[12.73492,47.1129],[12.73566,47.1115],[12.73376,47.10646],[12.7339,47.10593],[12.73381,47.10544],[12.73306,47.10438],[12.73395,47.10357],[12.73507,47.10293],[12.73668,47.10147],[12.73885,47.10032],[12.74227,47.09987],[12.74498,47.09903],[12.74724,47.09952],[12.74888,47.09966],[12.7494,47.09933],[12.75123,47.09868],[12.7544,47.09792],[12.7562,47.09772],[12.75756,47.09798],[12.75965,47.09915],[12.76179,47.10002],[12.76417,47.10031],[12.76487,47.10021],[12.76638,47.09945],[12.76979,47.09945],[12.77145,47.10045],[12.77277,47.10094],[12.77366,47.10057],[12.77406,47.10006],[12.77517,47.09922],[12.77538,47.09875],[12.77589,47.09831],[12.77623,47.09822],[12.7765,47.09783],[12.77842,47.09738],[12.78026,47.09624],[12.78054,47.09584],[12.78116,47.0936],[12.78159,47.09299],[12.78203,47.09279],[12.78262,47.093],[12.78378,47.09253],[12.78487,47.09245],[12.78743,47.09281],[12.78977,47.09374],[12.79497,47.09289],[12.79884,47.09452],[12.80391,47.09551],[12.80404,47.09652],[12.80479,47.098],[12.80951,47.09752],[12.81027,47.09765],[12.81268,47.09751],[12.8128,47.09769],[12.81356,47.09777],[12.81403,47.09805],[12.81478,47.09818],[12.81475,47.09803],[12.81633,47.09739],[12.81681,47.09739],[12.81737,47.09696],[12.81814,47.09684],[12.81875,47.09693],[12.82028,47.09766],[12.82282,47.09507],[12.8246,47.0928],[12.82718,47.09167],[12.83023,47.09143],[12.83177,47.09071],[12.83309,47.08784],[12.83422,47.0861],[12.83486,47.08427],[12.83595,47.08387],[12.83676,47.0828],[12.8401,47.08251],[12.83983,47.08358],[12.83883,47.08523],[12.83736,47.08556],[12.83663,47.08591],[12.83577,47.08668],[12.8355,47.08717],[12.83545,47.08975],[12.83518,47.09072],[12.83474,47.09146],[12.83375,47.09235],[12.8318,47.09358],[12.83083,47.09504],[12.83063,47.09601],[12.83072,47.09731],[12.83109,47.09864],[12.83183,47.09956],[12.83234,47.09992],[12.83426,47.10086],[12.83437,47.10134],[12.83186,47.10616],[12.83098,47.10895],[12.82963,47.11059],[12.82867,47.11111],[12.828,47.11195],[12.82869,47.11459],[12.8283,47.1153],[12.8261,47.11366],[12.82567,47.11352],[12.8241,47.11351],[12.82289,47.11385],[12.82184,47.11437],[12.82093,47.11551],[12.82073,47.11635],[12.82105,47.11714],[12.82201,47.11786],[12.82218,47.11825],[12.82099,47.11883],[12.82029,47.11955],[12.81856,47.11956],[12.8177,47.12014],[12.81734,47.1206],[12.81721,47.12108],[12.81733,47.12231],[12.81718,47.12282],[12.81685,47.12328],[12.81597,47.12375],[12.81172,47.11996],[12.79821,47.11975],[12.7934,47.11774],[12.78745,47.11663],[12.78414,47.11741],[12.78358,47.11769],[12.78383,47.11788],[12.77756,47.11785],[12.77466,47.11765],[12.77391,47.1168],[12.76823,47.10884],[12.76521,47.10878],[12.76129,47.1101],[12.75886,47.11293],[12.75837,47.11766],[12.7599,47.12117],[12.76209,47.12282],[12.76337,47.13027],[12.76654,47.13482],[12.77039,47.13687],[12.77041,47.13916],[12.76997,47.14011],[12.76972,47.14178],[12.77301,47.14252],[12.77703,47.14302],[12.78018,47.14454],[12.78221,47.14438],[12.78428,47.14591],[12.78899,47.14676],[12.79477,47.14661],[12.79515,47.14978],[12.79869,47.15107],[12.80026,47.15263],[12.79985,47.1535],[12.80141,47.15659],[12.80306,47.15729],[12.80296,47.15777],[12.80323,47.15902],[12.80478,47.16256],[12.80593,47.16257],[12.80655,47.16381],[12.8079,47.16552],[12.80875,47.168],[12.80814,47.16983],[12.80722,47.16983],[12.8077,47.17111],[12.80679,47.17187],[12.80604,47.17187],[12.80607,47.17223],[12.80471,47.17303],[12.8059,47.17331],[12.80717,47.1748],[12.80868,47.1753],[12.81312,47.17758],[12.81428,47.17782],[12.81579,47.18069],[12.81657,47.18371],[12.81796,47.18581],[12.81862,47.18859],[12.82273,47.19454],[12.82379,47.19673],[12.82235,47.2005],[12.82229,47.20118],[12.81935,47.20327],[12.816,47.20497],[12.81476,47.20581],[12.8144,47.20672],[12.81438,47.20778],[12.81475,47.20846],[12.81594,47.20979],[12.81581,47.21031],[12.81231,47.2101],[12.80979,47.21025],[12.80736,47.21082],[12.80643,47.21153],[12.80259,47.2105],[12.79827,47.21112],[12.7951,47.21276],[12.79175,47.21587],[12.78644,47.21602],[12.78116,47.21532],[12.77923,47.21456],[12.77642,47.21572],[12.77626,47.21982],[12.77812,47.22126],[12.78051,47.22079],[12.78098,47.21988],[12.78227,47.21888],[12.78543,47.22116],[12.78863,47.22257],[12.79286,47.22309],[12.79716,47.22307],[12.79599,47.22601],[12.79211,47.22622],[12.78576,47.22597],[12.77779,47.22594],[12.77712,47.22646]]]}}, {"type":"Feature","id":154,"properties":{"_id":"68428e9dabdf33f4484a6d8f","createdBy":"OPONcQnzWGOLiJSceNaf8pvx1fA2","createdAt":"2025-06-06T06:45:49.197Z","updatedBy":"OPONcQnzWGOLiJSceNaf8pvx1fA2","updatedAt":"2025-06-06T07:06:23.518Z","name":"NATIONALPARK HOHE TAUERN S3","dataIngestion":true,"type":29,"icaoClass":8,"activity":0,"onDemand":false,"onRequest":false,"byNotam":false,"specialAgreement":false,"requestCompliance":false,"country":"AT","upperLimit":{"value":16400,"unit":1,"referenceDatum":1},"lowerLimit":{"value":0,"unit":1,"referenceDatum":0},"hoursOfOperation":{"operatingHours":[{"dayOfWeek":0,"startTime":"00:00","endTime":"00:00","byNotam":false,"sunrise":false,"sunset":false,"publicHolidaysExcluded":false},{"dayOfWeek":1,"startTime":"00:00","endTime":"00:00","byNotam":false,"sunrise":false,"sunset":false,"publicHolidaysExcluded":false},{"dayOfWeek":2,"startTime":"00:00","endTime":"00:00","byNotam":false,"sunrise":false,"sunset":false,"publicHolidaysExcluded":false},{"dayOfWeek":3,"startTime":"00:00","endTime":"00:00","byNotam":false,"sunrise":false,"sunset":false,"publicHolidaysExcluded":false},{"dayOfWeek":4,"startTime":"00:00","endTime":"00:00","byNotam":false,"sunrise":false,"sunset":false,"publicHolidaysExcluded":false},{"dayOfWeek":5,"startTime":"00:00","endTime":"00:00","byNotam":false,"sunrise":false,"sunset":false,"publicHolidaysExcluded":false},{"dayOfWeek":6,"startTime":"00:00","endTime":"00:00","byNotam":false,"sunrise":false,"sunset":false,"publicHolidaysExcluded":false}]},"remarks":"Motorized aircrafts below an altitude of 5000 m (16400 ft) not permitted.\nTake-off or landing with non-motorized aerial devices or aircraft that can be operated independently in flight is prohibited.\nThis includes hang- and paragliding, whereby the overflight is allowed.","deletable":false},"geometry":{"type":"Polygon","coordinates":[[[12.9425,47.205],[12.94,47.2075],[12.93944,47.2075],[12.93861,47.20917],[12.93722,47.21],[12.93583,47.21139],[12.93472,47.21139],[12.92889,47.21028],[12.92806,47.20917],[12.92611,47.20778],[12.92556,47.20667],[12.92361,47.20556],[12.92361,47.205],[12.92333,47.20444],[12.92139,47.20306],[12.92,47.20306],[12.91806,47.2025],[12.91694,47.20167],[12.91611,47.20139],[12.91417,47.20028],[12.91083,47.19917],[12.91,47.19861],[12.90889,47.19861],[12.9075,47.19833],[12.90556,47.19972],[12.90528,47.20056],[12.89972,47.20333],[12.8975,47.20389],[12.89722,47.20556],[12.89639,47.20667],[12.89583,47.20722],[12.89444,47.20778],[12.89389,47.20861],[12.89167,47.20861],[12.89,47.20694],[12.88444,47.20472],[12.8825,47.20278],[12.88,47.19972],[12.87972,47.2],[12.87944,47.19944],[12.87889,47.19917],[12.87806,47.19889],[12.87778,47.19917],[12.87111,47.20028],[12.87056,47.19722],[12.87028,47.19694],[12.86861,47.19722],[12.8675,47.19667],[12.86694,47.19583],[12.86556,47.19583],[12.86472,47.19472],[12.86639,47.19167],[12.86333,47.19139],[12.86361,47.1925],[12.86361,47.19389],[12.86278,47.19389],[12.86056,47.19472],[12.85583,47.19778],[12.85222,47.19944],[12.85222,47.19917],[12.84528,47.2],[12.84278,47.19944],[12.84167,47.19944],[12.83806,47.19694],[12.83583,47.19444],[12.83444,47.1925],[12.83139,47.19222],[12.83444,47.19028],[12.83028,47.18833],[12.82944,47.18889],[12.83,47.18778],[12.82722,47.18639],[12.82667,47.18306],[12.82556,47.18028],[12.83333,47.17944],[12.83556,47.17806],[12.83083,47.17583],[12.83056,47.175],[12.82833,47.175],[12.82667,47.17472],[12.82556,47.17361],[12.82139,47.17444],[12.82028,47.17444],[12.81972,47.17472],[12.82056,47.17222],[12.81944,47.17194],[12.81861,47.17083],[12.81944,47.17028],[12.81972,47.16861],[12.81889,47.16778],[12.82056,47.16778],[12.81944,47.16694],[12.82333,47.16528],[12.82333,47.16389],[12.82444,47.16306],[12.82389,47.16222],[12.82472,47.16194],[12.82306,47.15778],[12.82194,47.15611],[12.82056,47.15556],[12.82056,47.155],[12.81806,47.15528],[12.81917,47.15417],[12.81944,47.15278],[12.81972,47.15278],[12.81917,47.15222],[12.81833,47.15056],[12.8175,47.14833],[12.81861,47.14472],[12.81889,47.14194],[12.81556,47.14111],[12.81417,47.14028],[12.81306,47.14],[12.81111,47.13722],[12.81111,47.13667],[12.81222,47.13556],[12.81222,47.13472],[12.80972,47.13],[12.81194,47.13111],[12.81333,47.13111],[12.81611,47.13056],[12.81806,47.12917],[12.81806,47.12861],[12.81778,47.12806],[12.81833,47.12722],[12.81944,47.12694],[12.82,47.12722],[12.82,47.12667],[12.82306,47.12444],[12.825,47.12333],[12.82611,47.12194],[12.82694,47.12167],[12.8275,47.12194],[12.82889,47.12444],[12.82889,47.125],[12.8325,47.12556],[12.835,47.12389],[12.83444,47.12194],[12.83444,47.11972],[12.83556,47.11806],[12.835,47.11611],[12.83389,47.115],[12.83389,47.11417],[12.83528,47.11306],[12.83611,47.10972],[12.83722,47.10833],[12.83694,47.1075],[12.83722,47.10667],[12.83917,47.10306],[12.84,47.10111],[12.83972,47.09944],[12.83944,47.09889],[12.83861,47.09833],[12.8375,47.09806],[12.83694,47.09778],[12.83639,47.09667],[12.83639,47.09583],[12.84,47.09222],[12.84056,47.09139],[12.84111,47.08889],[12.84278,47.08833],[12.84333,47.0875],[12.84389,47.08611],[12.84528,47.085],[12.84556,47.08194],[12.84611,47.08167],[12.84639,47.08111],[12.84861,47.08167],[12.85306,47.08167],[12.85972,47.08056],[12.86056,47.08194],[12.86389,47.08361],[12.86556,47.08472],[12.86694,47.08472],[12.86889,47.08556],[12.87,47.08583],[12.87083,47.08639],[12.87778,47.08417],[12.87861,47.08444],[12.8825,47.08444],[12.885,47.08472],[12.88778,47.08361],[12.88972,47.0825],[12.8925,47.08139],[12.89444,47.08111],[12.89556,47.08111],[12.89583,47.08139],[12.90167,47.08083],[12.90417,47.08139],[12.9075,47.08111],[12.91333,47.08139],[12.91444,47.08167],[12.91667,47.08139],[12.91944,47.08167],[12.92583,47.08],[12.92667,47.07944],[12.92944,47.07889],[12.9375,47.07611],[12.93722,47.07611],[12.93639,47.07306],[12.93917,47.07056],[12.94306,47.06361],[12.94333,47.05917],[12.945,47.05806],[12.95556,47.05417],[12.95417,47.05056],[12.95306,47.04917],[12.95694,47.04333],[12.96111,47.04139],[12.96472,47.03889],[12.97167,47.03778],[12.97611,47.03861],[12.98,47.03889],[12.98278,47.03833],[12.98528,47.03556],[12.99583,47.03861],[13.00306,47.04389],[13.01778,47.04139],[13.02111,47.03944],[13.02167,47.03583],[13.01972,47.03028],[13.025,47.02806],[13.03194,47.02722],[13.03333,47.02722],[13.035,47.02639],[13.03917,47.02361],[13.045,47.02139],[13.04722,47.0225],[13.04917,47.0225],[13.05472,47.01944],[13.05778,47.0175],[13.06,47.01722],[13.06944,47.01417],[13.07306,47.01333],[13.07611,47.01556],[13.07861,47.01833],[13.07972,47.02028],[13.07944,47.02222],[13.07944,47.02444],[13.08028,47.02694],[13.08611,47.0275],[13.0875,47.02667],[13.08861,47.02694],[13.08917,47.02778],[13.08972,47.02778],[13.09167,47.02639],[13.09361,47.02611],[13.09556,47.02556],[13.10083,47.025],[13.10361,47.02528],[13.10639,47.02639],[13.11222,47.02556],[13.12694,47.02694],[13.12833,47.02889],[13.12917,47.02972],[13.13056,47.03222],[13.13333,47.03472],[13.13389,47.035],[13.13806,47.03472],[13.14,47.03583],[13.14667,47.035],[13.15194,47.03556],[13.15556,47.03556],[13.16194,47.03694],[13.16639,47.03972],[13.16778,47.04083],[13.17111,47.04167],[13.17639,47.04083],[13.17889,47.04222],[13.18472,47.04361],[13.18833,47.0425],[13.19694,47.0425],[13.20417,47.04389],[13.21389,47.04361],[13.22806,47.04694],[13.24806,47.05056],[13.24861,47.05139],[13.24556,47.06778],[13.23944,47.07167],[13.23972,47.07167],[13.24139,47.075],[13.24556,47.07861],[13.24806,47.08389],[13.24806,47.08583],[13.24972,47.0875],[13.25472,47.08778],[13.26583,47.09111],[13.26861,47.09167],[13.27722,47.09528],[13.29,47.09444],[13.29694,47.09111],[13.3,47.08778],[13.30278,47.08667],[13.31,47.08611],[13.31139,47.08806],[13.31583,47.08944],[13.32361,47.09083],[13.32528,47.09306],[13.3325,47.09556],[13.33833,47.09556],[13.33944,47.09528],[13.34417,47.09611],[13.34639,47.09556],[13.35472,47.09722],[13.35583,47.09778],[13.36,47.09861],[13.36139,47.09861],[13.36194,47.09889],[13.36222,47.09861],[13.36306,47.09889],[13.36417,47.09833],[13.365,47.0975],[13.36806,47.09583],[13.37083,47.09556],[13.37583,47.09389],[13.38083,47.09056],[13.38083,47.08861],[13.38139,47.08722],[13.38139,47.08583],[13.38167,47.08583],[13.38139,47.08528],[13.38167,47.08528],[13.38111,47.08278],[13.38139,47.08167],[13.38194,47.08111],[13.38194,47.08028],[13.38306,47.08],[13.385,47.07833],[13.3875,47.07667],[13.3875,47.07639],[13.38722,47.07611],[13.38806,47.07556],[13.39056,47.07472],[13.39278,47.07333],[13.395,47.07306],[13.39583,47.0725],[13.39583,47.07222],[13.39639,47.07167],[13.39694,47.07139],[13.39694,47.07111],[13.39889,47.07028],[13.40111,47.07],[13.40278,47.06944],[13.40333,47.06972],[13.40611,47.06917],[13.40667,47.06944],[13.40722,47.07],[13.40361,47.08694],[13.39,47.09667],[13.38806,47.10861],[13.37278,47.13028],[13.35944,47.13417],[13.33556,47.13556],[13.33528,47.135],[13.32222,47.12833],[13.31917,47.13111],[13.31778,47.13167],[13.31556,47.13167],[13.31472,47.13222],[13.31444,47.13278],[13.3125,47.13361],[13.31222,47.13389],[13.31222,47.13417],[13.31056,47.135],[13.31,47.13639],[13.31,47.13889],[13.30778,47.14028],[13.30194,47.1425],[13.30167,47.14278],[13.30222,47.14444],[13.30083,47.14583],[13.30028,47.14556],[13.3,47.14611],[13.29972,47.14583],[13.29944,47.14583],[13.29917,47.14611],[13.29833,47.14583],[13.29806,47.14611],[13.29806,47.14639],[13.29583,47.14667],[13.29583,47.14639],[13.29444,47.14639],[13.295,47.14583],[13.295,47.14556],[13.29556,47.14528],[13.29528,47.14528],[13.29528,47.14472],[13.29611,47.14444],[13.29639,47.14417],[13.29694,47.14417],[13.29667,47.14389],[13.29611,47.14389],[13.29583,47.14333],[13.29639,47.14333],[13.29667,47.14306],[13.29611,47.1425],[13.29778,47.14167],[13.29722,47.14139],[13.29639,47.14167],[13.29556,47.14222],[13.29528,47.14222],[13.29528,47.14167],[13.295,47.14194],[13.29667,47.13972],[13.29667,47.1375],[13.29556,47.13667],[13.29583,47.13611],[13.29583,47.13361],[13.29556,47.13361],[13.29528,47.13194],[13.29472,47.13194],[13.29556,47.13111],[13.29444,47.13056],[13.29361,47.12972],[13.29056,47.13167],[13.29028,47.13194],[13.29056,47.13222],[13.28944,47.13389],[13.28889,47.13389],[13.28917,47.13472],[13.28944,47.13472],[13.28917,47.13556],[13.28861,47.13556],[13.28722,47.13889],[13.28611,47.13917],[13.28111,47.13667],[13.28,47.13583],[13.28,47.13556],[13.27444,47.13306],[13.26139,47.13833],[13.26139,47.13722],[13.26056,47.135],[13.26083,47.13417],[13.26056,47.13278],[13.26,47.13139],[13.26,47.13083],[13.25972,47.13028],[13.26056,47.12694],[13.26028,47.12611],[13.26194,47.12056],[13.26083,47.11778],[13.26222,47.11694],[13.26278,47.11528],[13.26667,47.1125],[13.26722,47.11167],[13.26472,47.10889],[13.26278,47.10944],[13.25694,47.10917],[13.25306,47.10833],[13.25222,47.10861],[13.24833,47.10917],[13.24667,47.10917],[13.24333,47.10972],[13.23889,47.11167],[13.23639,47.11194],[13.23194,47.11333],[13.22806,47.11583],[13.22667,47.11556],[13.2225,47.11694],[13.22056,47.11889],[13.21778,47.12083],[13.21556,47.12083],[13.21528,47.12139],[13.21333,47.12222],[13.21056,47.12528],[13.2075,47.12583],[13.20639,47.12639],[13.20083,47.12694],[13.19917,47.1275],[13.19694,47.12944],[13.195,47.13028],[13.19111,47.12972],[13.19056,47.12889],[13.18833,47.12722],[13.18667,47.12667],[13.18583,47.12694],[13.18528,47.1275],[13.18417,47.12583],[13.18111,47.12417],[13.18139,47.12056],[13.17972,47.11917],[13.17583,47.12167],[13.17056,47.12306],[13.16806,47.12333],[13.16972,47.12],[13.16917,47.11889],[13.16889,47.11583],[13.16833,47.11444],[13.17167,47.11194],[13.17222,47.11111],[13.17333,47.10861],[13.17306,47.105],[13.1725,47.10444],[13.17056,47.10028],[13.17,47.09944],[13.17028,47.09917],[13.17,47.09778],[13.17028,47.0975],[13.17139,47.09722],[13.17194,47.09639],[13.15611,47.09583],[13.15306,47.09444],[13.14861,47.09444],[13.14833,47.0925],[13.14889,47.08861],[13.15056,47.08667],[13.15194,47.08556],[13.15278,47.08583],[13.15611,47.085],[13.14861,47.07694],[13.14583,47.07444],[13.14472,47.07444],[13.14361,47.07528],[13.14167,47.07583],[13.13194,47.06556],[13.12917,47.06556],[13.12028,47.06278],[13.1175,47.06333],[13.115,47.06139],[13.11306,47.06056],[13.11222,47.05889],[13.11167,47.05889],[13.10944,47.05778],[13.10028,47.05389],[13.08194,47.03806],[13.06444,47.03333],[13.06278,47.03333],[13.06194,47.03306],[13.06056,47.03333],[13.04722,47.04361],[13.04417,47.05778],[13.03556,47.05778],[13.02806,47.05944],[13.01,47.06028],[13.01361,47.06333],[13.01583,47.06583],[13.01,47.06833],[13.00278,47.07222],[13.00139,47.07444],[13,47.07556],[12.99806,47.07667],[12.99667,47.08306],[12.99333,47.08222],[12.99194,47.0825],[12.99056,47.08222],[12.98611,47.07806],[12.98472,47.0775],[12.98444,47.07361],[12.98444,47.06972],[12.98556,47.06972],[12.98583,47.06889],[12.98528,47.06833],[12.98472,47.06833],[12.98444,47.06806],[12.98417,47.06722],[12.98333,47.06722],[12.98278,47.06778],[12.98139,47.07194],[12.98056,47.07361],[12.98083,47.07444],[12.98056,47.07611],[12.98,47.07639],[12.97944,47.07861],[12.97972,47.07917],[12.98028,47.07944],[12.98028,47.07972],[12.98111,47.08028],[12.9825,47.08083],[12.9825,47.08472],[12.98194,47.08528],[12.98083,47.08528],[12.98083,47.08556],[12.98167,47.08667],[12.98139,47.08778],[12.98278,47.09],[12.98444,47.09139],[12.98694,47.09306],[12.98778,47.09417],[12.98722,47.095],[12.98833,47.09611],[12.98722,47.09611],[12.98611,47.09694],[12.9875,47.09806],[12.98861,47.09944],[12.98833,47.1],[12.98889,47.10056],[12.98889,47.10167],[12.98917,47.10194],[12.98944,47.10306],[12.98889,47.10444],[12.99167,47.10444],[12.99083,47.105],[12.98972,47.10611],[12.9875,47.11028],[12.98472,47.11222],[12.98444,47.11361],[12.9825,47.11444],[12.9825,47.11472],[12.98194,47.11556],[12.98222,47.11611],[12.98111,47.11861],[12.98139,47.11944],[12.98056,47.11972],[12.97944,47.12139],[12.97889,47.12139],[12.97806,47.12194],[12.97806,47.1225],[12.97778,47.12278],[12.9775,47.12389],[12.97694,47.12417],[12.97417,47.1275],[12.97194,47.12806],[12.97167,47.12861],[12.97306,47.13028],[12.97278,47.13194],[12.97167,47.13306],[12.97,47.13222],[12.96944,47.13389],[12.96917,47.13417],[12.96806,47.13417],[12.9675,47.13361],[12.96639,47.13389],[12.965,47.13389],[12.96444,47.13972],[12.96556,47.14028],[12.96806,47.14222],[12.96806,47.1425],[12.96722,47.14278],[12.96722,47.14722],[12.96694,47.14778],[12.96667,47.14778],[12.96611,47.14944],[12.96611,47.15139],[12.96806,47.15139],[12.9675,47.15278],[12.96806,47.15306],[12.96778,47.15333],[12.96667,47.15333],[12.96694,47.15389],[12.96556,47.15444],[12.965,47.155],[12.965,47.15556],[12.96361,47.15583],[12.9625,47.15667],[12.96278,47.15806],[12.96194,47.15861],[12.96333,47.15833],[12.96444,47.15861],[12.96528,47.15917],[12.96611,47.16056],[12.96611,47.16083],[12.96806,47.16111],[12.96667,47.16222],[12.96667,47.16278],[12.96611,47.16306],[12.96639,47.16417],[12.96583,47.16667],[12.96611,47.16889],[12.96556,47.16917],[12.96611,47.17111],[12.96667,47.17167],[12.96667,47.17278],[12.96694,47.17361],[12.96694,47.17472],[12.96722,47.175],[12.96722,47.17556],[12.96778,47.17694],[12.96861,47.17806],[12.96917,47.17833],[12.96972,47.17889],[12.97028,47.18028],[12.97111,47.18083],[12.97139,47.18167],[12.97167,47.18167],[12.97444,47.18472],[12.97417,47.18528],[12.97306,47.18556],[12.97417,47.18667],[12.97361,47.18889],[12.97222,47.19167],[12.96944,47.19222],[12.96639,47.19194],[12.96417,47.19222],[12.96333,47.19222],[12.96194,47.19194],[12.95972,47.19194],[12.95806,47.19222],[12.95611,47.19139],[12.95694,47.19083],[12.95389,47.18972],[12.9525,47.18944],[12.9525,47.18889],[12.95222,47.18833],[12.94917,47.1875],[12.94778,47.18556],[12.94472,47.185],[12.9425,47.18361],[12.93917,47.18056],[12.93556,47.18111],[12.93389,47.18306],[12.9325,47.18417],[12.93417,47.18472],[12.93778,47.18639],[12.93833,47.18611],[12.93889,47.18667],[12.93861,47.18667],[12.93944,47.18722],[12.93917,47.1875],[12.93944,47.18778],[12.94139,47.18889],[12.94111,47.19],[12.94167,47.19028],[12.94194,47.19],[12.94222,47.19056],[12.9425,47.19056],[12.94278,47.19139],[12.94389,47.19083],[12.94667,47.19194],[12.94889,47.19389],[12.94972,47.19417],[12.94917,47.19528],[12.94778,47.19667],[12.94583,47.19917],[12.9425,47.205]]]}}, {"type":"Feature","id":155,"properties":{"_id":"68428e9dabdf33f4484a6d92","createdBy":"OPONcQnzWGOLiJSceNaf8pvx1fA2","createdAt":"2025-06-06T06:45:49.236Z","updatedBy":"OPONcQnzWGOLiJSceNaf8pvx1fA2","updatedAt":"2025-06-06T06:50:09.402Z","name":"WILDNISGEBIET SULZBACHTÄLER","dataIngestion":true,"type":29,"icaoClass":8,"activity":0,"onDemand":false,"onRequest":false,"byNotam":false,"specialAgreement":false,"requestCompliance":false,"country":"AT","upperLimit":{"value":999,"unit":6,"referenceDatum":2},"lowerLimit":{"value":0,"unit":1,"referenceDatum":0},"hoursOfOperation":{"operatingHours":[{"dayOfWeek":0,"startTime":"00:00","endTime":"00:00","byNotam":false,"sunrise":false,"sunset":false,"publicHolidaysExcluded":false},{"dayOfWeek":1,"startTime":"00:00","endTime":"00:00","byNotam":false,"sunrise":false,"sunset":false,"publicHolidaysExcluded":false},{"dayOfWeek":2,"startTime":"00:00","endTime":"00:00","byNotam":false,"sunrise":false,"sunset":false,"publicHolidaysExcluded":false},{"dayOfWeek":3,"startTime":"00:00","endTime":"00:00","byNotam":false,"sunrise":false,"sunset":false,"publicHolidaysExcluded":false},{"dayOfWeek":4,"startTime":"00:00","endTime":"00:00","byNotam":false,"sunrise":false,"sunset":false,"publicHolidaysExcluded":false},{"dayOfWeek":5,"startTime":"00:00","endTime":"00:00","byNotam":false,"sunrise":false,"sunset":false,"publicHolidaysExcluded":false},{"dayOfWeek":6,"startTime":"00:00","endTime":"00:00","byNotam":false,"sunrise":false,"sunset":false,"publicHolidaysExcluded":false}]},"deletable":false},"geometry":{"type":"Polygon","coordinates":[[[12.31234,47.2066],[12.31195,47.20712],[12.30385,47.20468],[12.29935,47.20487],[12.29647,47.20332],[12.29652,47.20314],[12.29486,47.20244],[12.29861,47.19512],[12.2992,47.19462],[12.30022,47.19108],[12.30294,47.18904],[12.3058,47.18535],[12.30785,47.18505],[12.31279,47.18291],[12.31702,47.17609],[12.31174,47.17468],[12.30946,47.17856],[12.30768,47.17942],[12.30506,47.18279],[12.30393,47.18481],[12.30376,47.18496],[12.30285,47.18477],[12.30071,47.18533],[12.29643,47.1885],[12.29372,47.19207],[12.29302,47.19205],[12.28878,47.19061],[12.2853,47.18877],[12.28246,47.18588],[12.28285,47.18509],[12.28253,47.1844],[12.28187,47.18496],[12.28033,47.18585],[12.27983,47.18646],[12.28317,47.17734],[12.26923,47.18151],[12.27249,47.17371],[12.27066,47.17372],[12.2679,47.17321],[12.26962,47.17077],[12.27058,47.16815],[12.27263,47.1648],[12.27597,47.16567],[12.27615,47.16495],[12.27516,47.16346],[12.27595,47.16315],[12.2763,47.16233],[12.27573,47.1618],[12.27594,47.16101],[12.27765,47.15867],[12.27888,47.15288],[12.27841,47.15047],[12.27709,47.1494],[12.28035,47.1409],[12.28344,47.13872],[12.28271,47.13787],[12.28543,47.13433],[12.28779,47.13241],[12.29111,47.13013],[12.30082,47.12402],[12.30367,47.12496],[12.30453,47.12556],[12.30511,47.12625],[12.306,47.12672],[12.31053,47.12687],[12.31081,47.12667],[12.31025,47.12613],[12.30708,47.12458],[12.30519,47.12343],[12.30179,47.12011],[12.30001,47.11881],[12.29903,47.11818],[12.29776,47.1188],[12.29599,47.11937],[12.29452,47.11953],[12.29423,47.11943],[12.29439,47.1183],[12.2936,47.11873],[12.29134,47.12104],[12.28893,47.12249],[12.28482,47.12374],[12.28338,47.12526],[12.28095,47.12718],[12.27992,47.12764],[12.27817,47.12748],[12.27472,47.13023],[12.27033,47.12868],[12.26237,47.13058],[12.25813,47.13635],[12.26168,47.14152],[12.26483,47.14181],[12.26632,47.14255],[12.26694,47.14262],[12.26873,47.14335],[12.26177,47.15447],[12.26172,47.15714],[12.26245,47.15971],[12.2623,47.15979],[12.25948,47.1591],[12.25888,47.15949],[12.25764,47.15899],[12.25599,47.1591],[12.25476,47.15867],[12.25453,47.15895],[12.25406,47.15909],[12.24929,47.15811],[12.24819,47.15716],[12.24665,47.15645],[12.2464,47.15562],[12.24405,47.15425],[12.24383,47.15372],[12.24325,47.1534],[12.24072,47.15293],[12.23983,47.15225],[12.23955,47.15068],[12.23757,47.15174],[12.2307,47.14946],[12.22166,47.14439],[12.22139,47.14156],[12.2359,47.13208],[12.24311,47.1229],[12.25536,47.11473],[12.26646,47.10559],[12.28378,47.09255],[12.30863,47.09314],[12.31045,47.1005],[12.31314,47.10292],[12.32541,47.10744],[12.33133,47.10807],[12.33862,47.10829],[12.34562,47.10927],[12.35869,47.1168],[12.36327,47.14138],[12.3551,47.15437],[12.34739,47.16729],[12.34197,47.17027],[12.33285,47.17321],[12.33113,47.17446],[12.32865,47.17677],[12.32656,47.1825],[12.3212,47.19457],[12.31473,47.19975],[12.31234,47.2066]]]}}, {"type":"Feature","id":156,"properties":{"_id":"68ba98b5e2bf53ad318b8dfa","createdBy":"OPONcQnzWGOLiJSceNaf8pvx1fA2","createdAt":"2025-09-05T08:00:53.591Z","updatedBy":"OPONcQnzWGOLiJSceNaf8pvx1fA2","updatedAt":"2025-09-05T08:05:10.708Z","name":"MTMA LOXT","dataIngestion":true,"type":7,"icaoClass":3,"activity":0,"onDemand":false,"onRequest":false,"byNotam":false,"specialAgreement":false,"requestCompliance":false,"country":"AT","upperLimit":{"value":4500,"unit":1,"referenceDatum":1},"lowerLimit":{"value":2500,"unit":1,"referenceDatum":1},"hoursOfOperation":{"operatingHours":[{"dayOfWeek":0,"startTime":"00:00","endTime":"00:00","byNotam":false,"sunrise":false,"sunset":false,"publicHolidaysExcluded":false},{"dayOfWeek":1,"startTime":"00:00","endTime":"00:00","byNotam":false,"sunrise":false,"sunset":false,"publicHolidaysExcluded":false},{"dayOfWeek":2,"startTime":"00:00","endTime":"00:00","byNotam":false,"sunrise":false,"sunset":false,"publicHolidaysExcluded":false},{"dayOfWeek":3,"startTime":"00:00","endTime":"00:00","byNotam":false,"sunrise":false,"sunset":false,"publicHolidaysExcluded":false},{"dayOfWeek":4,"startTime":"00:00","endTime":"00:00","byNotam":false,"sunrise":false,"sunset":false,"publicHolidaysExcluded":false},{"dayOfWeek":5,"startTime":"00:00","endTime":"00:00","byNotam":false,"sunrise":false,"sunset":false,"publicHolidaysExcluded":false},{"dayOfWeek":6,"startTime":"00:00","endTime":"00:00","byNotam":false,"sunrise":false,"sunset":false,"publicHolidaysExcluded":false}]},"deletable":true},"geometry":{"type":"Polygon","coordinates":[[[16.0475,48.48611],[15.94306,48.33917],[15.85139,48.21222],[15.87889,48.18639],[16.06639,48.24528],[16.13,48.33472],[16.17167,48.38861],[16.52833,48.45667],[16.48,48.56889],[16.26361,48.52778],[16.0475,48.48611]]]}}, {"type":"Feature","id":157,"properties":{"_id":"68ba98b5e2bf53ad318b8dfd","createdBy":"OPONcQnzWGOLiJSceNaf8pvx1fA2","createdAt":"2025-09-05T08:00:53.601Z","updatedBy":"OPONcQnzWGOLiJSceNaf8pvx1fA2","updatedAt":"2025-09-05T08:05:10.808Z","name":"MTMA LOXT","dataIngestion":true,"type":7,"icaoClass":3,"activity":0,"onDemand":false,"onRequest":false,"byNotam":false,"specialAgreement":false,"requestCompliance":false,"country":"AT","upperLimit":{"value":6500,"unit":1,"referenceDatum":1},"lowerLimit":{"value":2500,"unit":1,"referenceDatum":1},"hoursOfOperation":{"operatingHours":[{"dayOfWeek":0,"startTime":"00:00","endTime":"00:00","byNotam":false,"sunrise":false,"sunset":false,"publicHolidaysExcluded":false},{"dayOfWeek":1,"startTime":"00:00","endTime":"00:00","byNotam":false,"sunrise":false,"sunset":false,"publicHolidaysExcluded":false},{"dayOfWeek":2,"startTime":"00:00","endTime":"00:00","byNotam":false,"sunrise":false,"sunset":false,"publicHolidaysExcluded":false},{"dayOfWeek":3,"startTime":"00:00","endTime":"00:00","byNotam":false,"sunrise":false,"sunset":false,"publicHolidaysExcluded":false},{"dayOfWeek":4,"startTime":"00:00","endTime":"00:00","byNotam":false,"sunrise":false,"sunset":false,"publicHolidaysExcluded":false},{"dayOfWeek":5,"startTime":"00:00","endTime":"00:00","byNotam":false,"sunrise":false,"sunset":false,"publicHolidaysExcluded":false},{"dayOfWeek":6,"startTime":"00:00","endTime":"00:00","byNotam":false,"sunrise":false,"sunset":false,"publicHolidaysExcluded":false}]},"deletable":true},"geometry":{"type":"Polygon","coordinates":[[[15.87639,48.67],[15.60167,48.28417],[15.70083,48.19222],[15.87889,48.18639],[15.85139,48.21222],[15.94306,48.33917],[16.0475,48.48611],[16.26361,48.52778],[16.48,48.56889],[16.31417,48.67167],[15.87639,48.67]]]}}, {"type":"Feature","id":158,"properties":{"_id":"68ba98b5e2bf53ad318b8e00","createdBy":"OPONcQnzWGOLiJSceNaf8pvx1fA2","createdAt":"2025-09-05T08:00:53.611Z","updatedBy":"OPONcQnzWGOLiJSceNaf8pvx1fA2","updatedAt":"2025-09-05T08:05:10.903Z","name":"MTMA LOXT","dataIngestion":true,"type":7,"icaoClass":3,"activity":0,"onDemand":false,"onRequest":false,"byNotam":false,"specialAgreement":false,"requestCompliance":false,"country":"AT","upperLimit":{"value":3500,"unit":1,"referenceDatum":1},"lowerLimit":{"value":2500,"unit":1,"referenceDatum":1},"hoursOfOperation":{"operatingHours":[{"dayOfWeek":0,"startTime":"00:00","endTime":"00:00","byNotam":false,"sunrise":false,"sunset":false,"publicHolidaysExcluded":false},{"dayOfWeek":1,"startTime":"00:00","endTime":"00:00","byNotam":false,"sunrise":false,"sunset":false,"publicHolidaysExcluded":false},{"dayOfWeek":2,"startTime":"00:00","endTime":"00:00","byNotam":false,"sunrise":false,"sunset":false,"publicHolidaysExcluded":false},{"dayOfWeek":3,"startTime":"00:00","endTime":"00:00","byNotam":false,"sunrise":false,"sunset":false,"publicHolidaysExcluded":false},{"dayOfWeek":4,"startTime":"00:00","endTime":"00:00","byNotam":false,"sunrise":false,"sunset":false,"publicHolidaysExcluded":false},{"dayOfWeek":5,"startTime":"00:00","endTime":"00:00","byNotam":false,"sunrise":false,"sunset":false,"publicHolidaysExcluded":false},{"dayOfWeek":6,"startTime":"00:00","endTime":"00:00","byNotam":false,"sunrise":false,"sunset":false,"publicHolidaysExcluded":false}]},"deletable":true},"geometry":{"type":"Polygon","coordinates":[[[16.17167,48.38861],[16.13,48.33472],[16.06639,48.24528],[16.09,48.25278],[16.16389,48.27583],[16.18056,48.28083],[16.25444,48.30389],[16.31944,48.30861],[16.37472,48.31222],[16.36528,48.37417],[16.54889,48.40889],[16.52833,48.45667],[16.17167,48.38861]]]}}, {"type":"Feature","id":159,"properties":{"_id":"691ae0987614098ca4d5a60f","createdBy":"OPONcQnzWGOLiJSceNaf8pvx1fA2","createdAt":"2025-11-17T08:45:12.900Z","updatedBy":"OPONcQnzWGOLiJSceNaf8pvx1fA2","updatedAt":"2025-11-17T09:22:04.977Z","name":"LOR20 (MISTELBACH)","dataIngestion":false,"type":1,"icaoClass":8,"activity":0,"onDemand":false,"onRequest":false,"byNotam":false,"specialAgreement":false,"requestCompliance":false,"country":"AT","upperLimit":{"value":3500,"unit":1,"referenceDatum":1},"lowerLimit":{"value":0,"unit":1,"referenceDatum":0},"hoursOfOperation":{"operatingHours":[{"dayOfWeek":0,"startTime":"00:00","endTime":"00:00","byNotam":false,"sunrise":false,"sunset":false,"publicHolidaysExcluded":false},{"dayOfWeek":1,"startTime":"00:00","endTime":"00:00","byNotam":false,"sunrise":false,"sunset":false,"publicHolidaysExcluded":false},{"dayOfWeek":2,"startTime":"00:00","endTime":"00:00","byNotam":false,"sunrise":false,"sunset":false,"publicHolidaysExcluded":false},{"dayOfWeek":3,"startTime":"00:00","endTime":"00:00","byNotam":false,"sunrise":false,"sunset":false,"publicHolidaysExcluded":false},{"dayOfWeek":4,"startTime":"00:00","endTime":"00:00","byNotam":false,"sunrise":false,"sunset":false,"publicHolidaysExcluded":false},{"dayOfWeek":5,"startTime":"00:00","endTime":"00:00","byNotam":false,"sunrise":false,"sunset":false,"publicHolidaysExcluded":false},{"dayOfWeek":6,"startTime":"00:00","endTime":"00:00","byNotam":false,"sunrise":false,"sunset":false,"publicHolidaysExcluded":false}]},"deletable":true},"geometry":{"type":"Polygon","coordinates":[[[16.60306,48.62944],[16.54306,48.61806],[16.56611,48.57778],[16.58833,48.57556],[16.60389,48.5625],[16.63722,48.57],[16.65556,48.62444],[16.60306,48.62944]]]}}, {"type":"Feature","id":160,"properties":{"_id":"691ae4507614098ca4d5e80b","createdBy":"OPONcQnzWGOLiJSceNaf8pvx1fA2","createdAt":"2025-11-17T09:01:04.840Z","updatedBy":"OPONcQnzWGOLiJSceNaf8pvx1fA2","updatedAt":"2025-11-17T09:05:01.747Z","name":"TMA LOWG","dataIngestion":true,"type":7,"icaoClass":3,"activity":0,"onDemand":false,"onRequest":false,"byNotam":false,"specialAgreement":false,"requestCompliance":false,"country":"AT","upperLimit":{"value":195,"unit":6,"referenceDatum":2},"lowerLimit":{"value":2500,"unit":1,"referenceDatum":1},"hoursOfOperation":{"operatingHours":[{"dayOfWeek":0,"startTime":"00:00","endTime":"00:00","byNotam":false,"sunrise":false,"sunset":false,"publicHolidaysExcluded":false},{"dayOfWeek":1,"startTime":"00:00","endTime":"00:00","byNotam":false,"sunrise":false,"sunset":false,"publicHolidaysExcluded":false},{"dayOfWeek":2,"startTime":"00:00","endTime":"00:00","byNotam":false,"sunrise":false,"sunset":false,"publicHolidaysExcluded":false},{"dayOfWeek":3,"startTime":"00:00","endTime":"00:00","byNotam":false,"sunrise":false,"sunset":false,"publicHolidaysExcluded":false},{"dayOfWeek":4,"startTime":"00:00","endTime":"00:00","byNotam":false,"sunrise":false,"sunset":false,"publicHolidaysExcluded":false},{"dayOfWeek":5,"startTime":"00:00","endTime":"00:00","byNotam":false,"sunrise":false,"sunset":false,"publicHolidaysExcluded":false},{"dayOfWeek":6,"startTime":"00:00","endTime":"00:00","byNotam":false,"sunrise":false,"sunset":false,"publicHolidaysExcluded":false}]},"deletable":true},"geometry":{"type":"Polygon","coordinates":[[[15.34278,47.15444],[15.24583,47.10889],[15.28083,46.98472],[15.35278,46.72778],[15.67361,46.76944],[15.76806,46.78139],[15.685,47.09222],[15.53389,47.135],[15.42833,47.16472],[15.34278,47.15444]]]}}, {"type":"Feature","id":161,"properties":{"_id":"691ae4507614098ca4d5e80e","createdBy":"OPONcQnzWGOLiJSceNaf8pvx1fA2","createdAt":"2025-11-17T09:01:04.855Z","updatedBy":"OPONcQnzWGOLiJSceNaf8pvx1fA2","updatedAt":"2025-11-17T09:05:02.048Z","name":"TMA LOWG","dataIngestion":true,"type":7,"icaoClass":3,"activity":0,"onDemand":false,"onRequest":false,"byNotam":false,"specialAgreement":false,"requestCompliance":false,"country":"AT","upperLimit":{"value":195,"unit":6,"referenceDatum":2},"lowerLimit":{"value":4500,"unit":1,"referenceDatum":1},"hoursOfOperation":{"operatingHours":[{"dayOfWeek":0,"startTime":"00:00","endTime":"00:00","byNotam":false,"sunrise":false,"sunset":false,"publicHolidaysExcluded":false},{"dayOfWeek":1,"startTime":"00:00","endTime":"00:00","byNotam":false,"sunrise":false,"sunset":false,"publicHolidaysExcluded":false},{"dayOfWeek":2,"startTime":"00:00","endTime":"00:00","byNotam":false,"sunrise":false,"sunset":false,"publicHolidaysExcluded":false},{"dayOfWeek":3,"startTime":"00:00","endTime":"00:00","byNotam":false,"sunrise":false,"sunset":false,"publicHolidaysExcluded":false},{"dayOfWeek":4,"startTime":"00:00","endTime":"00:00","byNotam":false,"sunrise":false,"sunset":false,"publicHolidaysExcluded":false},{"dayOfWeek":5,"startTime":"00:00","endTime":"00:00","byNotam":false,"sunrise":false,"sunset":false,"publicHolidaysExcluded":false},{"dayOfWeek":6,"startTime":"00:00","endTime":"00:00","byNotam":false,"sunrise":false,"sunset":false,"publicHolidaysExcluded":false}]},"deletable":true},"geometry":{"type":"Polygon","coordinates":[[[15.98556,46.82722],[15.92111,47.05917],[15.73972,47.08472],[15.685,47.09222],[15.76806,46.78139],[15.67361,46.76944],[15.35278,46.72778],[15.28083,46.98472],[15.24583,47.10889],[15.34278,47.15444],[15.42833,47.16472],[15.42417,47.1925],[15.37972,47.20417],[15.24111,47.12583],[15.17472,47.08778],[15.16667,47.08333],[15.18611,46.995],[15.18861,46.98222],[15.24556,46.71667],[15.26222,46.64472],[15.27639,46.64361],[15.30167,46.65306],[15.32833,46.65306],[15.35611,46.65139],[15.38361,46.65139],[15.41389,46.65556],[15.43389,46.6425],[15.4575,46.62917],[15.47028,46.61333],[15.49528,46.61889],[15.52278,46.62361],[15.545,46.63444],[15.55306,46.65306],[15.55917,46.67111],[15.57917,46.68333],[15.60528,46.68111],[15.63306,46.68167],[15.65389,46.69278],[15.67222,46.70694],[15.69611,46.69861],[15.72306,46.69583],[15.75194,46.69806],[15.77806,46.70361],[15.80611,46.71667],[15.835,46.72222],[15.86806,46.72139],[15.8925,46.71417],[15.91917,46.70667],[15.95167,46.68778],[16.00083,46.67917],[16.01556,46.66306],[16.03917,46.67222],[16.03444,46.69722],[16.01667,46.71611],[15.99389,46.73056],[15.98667,46.75],[15.98889,46.76889],[15.99806,46.81028],[15.98556,46.82722]]]}}, {"type":"Feature","id":162,"properties":{"_id":"691ae4507614098ca4d5e811","createdBy":"OPONcQnzWGOLiJSceNaf8pvx1fA2","createdAt":"2025-11-17T09:01:04.869Z","updatedBy":"OPONcQnzWGOLiJSceNaf8pvx1fA2","updatedAt":"2025-11-17T09:05:02.192Z","name":"TMA LOWG","dataIngestion":true,"type":7,"icaoClass":3,"activity":0,"onDemand":false,"onRequest":false,"byNotam":false,"specialAgreement":false,"requestCompliance":false,"country":"AT","upperLimit":{"value":195,"unit":6,"referenceDatum":2},"lowerLimit":{"value":5000,"unit":1,"referenceDatum":1},"hoursOfOperation":{"operatingHours":[{"dayOfWeek":0,"startTime":"00:00","endTime":"00:00","byNotam":false,"sunrise":false,"sunset":false,"publicHolidaysExcluded":false},{"dayOfWeek":1,"startTime":"00:00","endTime":"00:00","byNotam":false,"sunrise":false,"sunset":false,"publicHolidaysExcluded":false},{"dayOfWeek":2,"startTime":"00:00","endTime":"00:00","byNotam":false,"sunrise":false,"sunset":false,"publicHolidaysExcluded":false},{"dayOfWeek":3,"startTime":"00:00","endTime":"00:00","byNotam":false,"sunrise":false,"sunset":false,"publicHolidaysExcluded":false},{"dayOfWeek":4,"startTime":"00:00","endTime":"00:00","byNotam":false,"sunrise":false,"sunset":false,"publicHolidaysExcluded":false},{"dayOfWeek":5,"startTime":"00:00","endTime":"00:00","byNotam":false,"sunrise":false,"sunset":false,"publicHolidaysExcluded":false},{"dayOfWeek":6,"startTime":"00:00","endTime":"00:00","byNotam":false,"sunrise":false,"sunset":false,"publicHolidaysExcluded":false}]},"deletable":true},"geometry":{"type":"Polygon","coordinates":[[[15.31139,47.30833],[15.34583,47.185],[15.37972,47.20417],[15.42417,47.1925],[15.38944,47.3175],[15.31139,47.30833]]]}}, {"type":"Feature","id":163,"properties":{"_id":"691ae4507614098ca4d5e814","createdBy":"OPONcQnzWGOLiJSceNaf8pvx1fA2","createdAt":"2025-11-17T09:01:04.879Z","updatedBy":"OPONcQnzWGOLiJSceNaf8pvx1fA2","updatedAt":"2025-11-17T09:05:02.332Z","name":"TMA LOWG","dataIngestion":true,"type":7,"icaoClass":3,"activity":0,"onDemand":false,"onRequest":false,"byNotam":false,"specialAgreement":false,"requestCompliance":false,"country":"AT","upperLimit":{"value":195,"unit":6,"referenceDatum":2},"lowerLimit":{"value":7000,"unit":1,"referenceDatum":1},"hoursOfOperation":{"operatingHours":[{"dayOfWeek":0,"startTime":"00:00","endTime":"00:00","byNotam":false,"sunrise":false,"sunset":false,"publicHolidaysExcluded":false},{"dayOfWeek":1,"startTime":"00:00","endTime":"00:00","byNotam":false,"sunrise":false,"sunset":false,"publicHolidaysExcluded":false},{"dayOfWeek":2,"startTime":"00:00","endTime":"00:00","byNotam":false,"sunrise":false,"sunset":false,"publicHolidaysExcluded":false},{"dayOfWeek":3,"startTime":"00:00","endTime":"00:00","byNotam":false,"sunrise":false,"sunset":false,"publicHolidaysExcluded":false},{"dayOfWeek":4,"startTime":"00:00","endTime":"00:00","byNotam":false,"sunrise":false,"sunset":false,"publicHolidaysExcluded":false},{"dayOfWeek":5,"startTime":"00:00","endTime":"00:00","byNotam":false,"sunrise":false,"sunset":false,"publicHolidaysExcluded":false},{"dayOfWeek":6,"startTime":"00:00","endTime":"00:00","byNotam":false,"sunrise":false,"sunset":false,"publicHolidaysExcluded":false}]},"deletable":true},"geometry":{"type":"Polygon","coordinates":[[[15.21083,47.13667],[15.21528,47.11111],[15.34583,47.185],[15.31139,47.30833],[15.38944,47.3175],[15.42417,47.1925],[15.42833,47.16472],[15.57611,47.12306],[15.52056,47.32111],[15.44639,47.33583],[15.245,47.31056],[15.18667,47.275],[15.21083,47.13667]]]}}, {"type":"Feature","id":164,"properties":{"_id":"691ae4507614098ca4d5e817","createdBy":"OPONcQnzWGOLiJSceNaf8pvx1fA2","createdAt":"2025-11-17T09:01:04.897Z","updatedBy":"OPONcQnzWGOLiJSceNaf8pvx1fA2","updatedAt":"2025-11-17T09:05:02.477Z","name":"TMA LOWG","dataIngestion":true,"type":7,"icaoClass":3,"activity":0,"onDemand":false,"onRequest":false,"byNotam":false,"specialAgreement":false,"requestCompliance":false,"country":"AT","upperLimit":{"value":195,"unit":6,"referenceDatum":2},"lowerLimit":{"value":7500,"unit":1,"referenceDatum":1},"hoursOfOperation":{"operatingHours":[{"dayOfWeek":0,"startTime":"00:00","endTime":"00:00","byNotam":false,"sunrise":false,"sunset":false,"publicHolidaysExcluded":false},{"dayOfWeek":1,"startTime":"00:00","endTime":"00:00","byNotam":false,"sunrise":false,"sunset":false,"publicHolidaysExcluded":false},{"dayOfWeek":2,"startTime":"00:00","endTime":"00:00","byNotam":false,"sunrise":false,"sunset":false,"publicHolidaysExcluded":false},{"dayOfWeek":3,"startTime":"00:00","endTime":"00:00","byNotam":false,"sunrise":false,"sunset":false,"publicHolidaysExcluded":false},{"dayOfWeek":4,"startTime":"00:00","endTime":"00:00","byNotam":false,"sunrise":false,"sunset":false,"publicHolidaysExcluded":false},{"dayOfWeek":5,"startTime":"00:00","endTime":"00:00","byNotam":false,"sunrise":false,"sunset":false,"publicHolidaysExcluded":false},{"dayOfWeek":6,"startTime":"00:00","endTime":"00:00","byNotam":false,"sunrise":false,"sunset":false,"publicHolidaysExcluded":false}]},"deletable":true},"geometry":{"type":"Polygon","coordinates":[[[15.25611,47.42833],[15.2825,47.31528],[15.44639,47.33583],[15.52056,47.32111],[15.57611,47.12306],[15.685,47.09222],[15.73972,47.08472],[15.63278,47.46889],[15.42028,47.44611],[15.25611,47.42833]]]}}, {"type":"Feature","id":165,"properties":{"_id":"691ae4507614098ca4d5e81a","createdBy":"OPONcQnzWGOLiJSceNaf8pvx1fA2","createdAt":"2025-11-17T09:01:04.908Z","updatedBy":"OPONcQnzWGOLiJSceNaf8pvx1fA2","updatedAt":"2025-11-17T09:05:02.597Z","name":"TMA LOWG","dataIngestion":true,"type":7,"icaoClass":2,"activity":0,"onDemand":false,"onRequest":false,"byNotam":false,"specialAgreement":false,"requestCompliance":false,"country":"AT","upperLimit":{"value":245,"unit":6,"referenceDatum":2},"lowerLimit":{"value":195,"unit":6,"referenceDatum":2},"hoursOfOperation":{"operatingHours":[{"dayOfWeek":0,"startTime":"00:00","endTime":"00:00","byNotam":false,"sunrise":false,"sunset":false,"publicHolidaysExcluded":false},{"dayOfWeek":1,"startTime":"00:00","endTime":"00:00","byNotam":false,"sunrise":false,"sunset":false,"publicHolidaysExcluded":false},{"dayOfWeek":2,"startTime":"00:00","endTime":"00:00","byNotam":false,"sunrise":false,"sunset":false,"publicHolidaysExcluded":false},{"dayOfWeek":3,"startTime":"00:00","endTime":"00:00","byNotam":false,"sunrise":false,"sunset":false,"publicHolidaysExcluded":false},{"dayOfWeek":4,"startTime":"00:00","endTime":"00:00","byNotam":false,"sunrise":false,"sunset":false,"publicHolidaysExcluded":false},{"dayOfWeek":5,"startTime":"00:00","endTime":"00:00","byNotam":false,"sunrise":false,"sunset":false,"publicHolidaysExcluded":false},{"dayOfWeek":6,"startTime":"00:00","endTime":"00:00","byNotam":false,"sunrise":false,"sunset":false,"publicHolidaysExcluded":false}]},"deletable":true},"geometry":{"type":"Polygon","coordinates":[[[15.98556,46.82722],[15.92111,47.05917],[15.73972,47.08472],[15.685,47.09222],[15.76806,46.78139],[15.67361,46.76944],[15.35278,46.72778],[15.28083,46.98472],[15.24583,47.10889],[15.34278,47.15444],[15.42833,47.16472],[15.42417,47.1925],[15.37972,47.20417],[15.24111,47.12583],[15.17472,47.08778],[15.16667,47.08333],[15.18611,46.995],[15.18861,46.98222],[15.24556,46.71667],[15.26222,46.64472],[15.27639,46.64361],[15.30167,46.65306],[15.32833,46.65306],[15.35611,46.65139],[15.38361,46.65139],[15.41389,46.65556],[15.43389,46.6425],[15.4575,46.62917],[15.47028,46.61333],[15.49528,46.61889],[15.52278,46.62361],[15.545,46.63444],[15.55306,46.65306],[15.55917,46.67111],[15.57917,46.68333],[15.60528,46.68111],[15.63306,46.68167],[15.65389,46.69278],[15.67222,46.70694],[15.69611,46.69861],[15.72306,46.69583],[15.75194,46.69806],[15.77806,46.70361],[15.80611,46.71667],[15.835,46.72222],[15.86806,46.72139],[15.8925,46.71417],[15.91917,46.70667],[15.95167,46.68778],[16.00083,46.67917],[16.01556,46.66306],[16.03917,46.67222],[16.03444,46.69722],[16.01667,46.71611],[15.99389,46.73056],[15.98667,46.75],[15.98889,46.76889],[15.99806,46.81028],[15.98556,46.82722]]]}}, {"type":"Feature","id":166,"properties":{"_id":"691ae4507614098ca4d5e81d","createdBy":"OPONcQnzWGOLiJSceNaf8pvx1fA2","createdAt":"2025-11-17T09:01:04.919Z","updatedBy":"OPONcQnzWGOLiJSceNaf8pvx1fA2","updatedAt":"2025-11-17T09:05:02.739Z","name":"TMA LOWG","dataIngestion":true,"type":7,"icaoClass":2,"activity":0,"onDemand":false,"onRequest":false,"byNotam":false,"specialAgreement":false,"requestCompliance":false,"country":"AT","upperLimit":{"value":245,"unit":6,"referenceDatum":2},"lowerLimit":{"value":195,"unit":6,"referenceDatum":2},"hoursOfOperation":{"operatingHours":[{"dayOfWeek":0,"startTime":"00:00","endTime":"00:00","byNotam":false,"sunrise":false,"sunset":false,"publicHolidaysExcluded":false},{"dayOfWeek":1,"startTime":"00:00","endTime":"00:00","byNotam":false,"sunrise":false,"sunset":false,"publicHolidaysExcluded":false},{"dayOfWeek":2,"startTime":"00:00","endTime":"00:00","byNotam":false,"sunrise":false,"sunset":false,"publicHolidaysExcluded":false},{"dayOfWeek":3,"startTime":"00:00","endTime":"00:00","byNotam":false,"sunrise":false,"sunset":false,"publicHolidaysExcluded":false},{"dayOfWeek":4,"startTime":"00:00","endTime":"00:00","byNotam":false,"sunrise":false,"sunset":false,"publicHolidaysExcluded":false},{"dayOfWeek":5,"startTime":"00:00","endTime":"00:00","byNotam":false,"sunrise":false,"sunset":false,"publicHolidaysExcluded":false},{"dayOfWeek":6,"startTime":"00:00","endTime":"00:00","byNotam":false,"sunrise":false,"sunset":false,"publicHolidaysExcluded":false}]},"deletable":true},"geometry":{"type":"Polygon","coordinates":[[[15.25611,47.42833],[15.2825,47.31528],[15.44639,47.33583],[15.52056,47.32111],[15.57611,47.12306],[15.685,47.09222],[15.73972,47.08472],[15.63278,47.46889],[15.42028,47.44611],[15.25611,47.42833]]]}}, {"type":"Feature","id":167,"properties":{"_id":"691ae4507614098ca4d5e820","createdBy":"OPONcQnzWGOLiJSceNaf8pvx1fA2","createdAt":"2025-11-17T09:01:04.929Z","updatedBy":"OPONcQnzWGOLiJSceNaf8pvx1fA2","updatedAt":"2025-11-17T09:05:02.858Z","name":"TMA LOWG","dataIngestion":true,"type":7,"icaoClass":2,"activity":0,"onDemand":false,"onRequest":false,"byNotam":false,"specialAgreement":false,"requestCompliance":false,"country":"AT","upperLimit":{"value":245,"unit":6,"referenceDatum":2},"lowerLimit":{"value":195,"unit":6,"referenceDatum":2},"hoursOfOperation":{"operatingHours":[{"dayOfWeek":0,"startTime":"00:00","endTime":"00:00","byNotam":false,"sunrise":false,"sunset":false,"publicHolidaysExcluded":false},{"dayOfWeek":1,"startTime":"00:00","endTime":"00:00","byNotam":false,"sunrise":false,"sunset":false,"publicHolidaysExcluded":false},{"dayOfWeek":2,"startTime":"00:00","endTime":"00:00","byNotam":false,"sunrise":false,"sunset":false,"publicHolidaysExcluded":false},{"dayOfWeek":3,"startTime":"00:00","endTime":"00:00","byNotam":false,"sunrise":false,"sunset":false,"publicHolidaysExcluded":false},{"dayOfWeek":4,"startTime":"00:00","endTime":"00:00","byNotam":false,"sunrise":false,"sunset":false,"publicHolidaysExcluded":false},{"dayOfWeek":5,"startTime":"00:00","endTime":"00:00","byNotam":false,"sunrise":false,"sunset":false,"publicHolidaysExcluded":false},{"dayOfWeek":6,"startTime":"00:00","endTime":"00:00","byNotam":false,"sunrise":false,"sunset":false,"publicHolidaysExcluded":false}]},"deletable":true},"geometry":{"type":"Polygon","coordinates":[[[15.21083,47.13667],[15.21528,47.11111],[15.34583,47.185],[15.31139,47.30833],[15.38944,47.3175],[15.42417,47.1925],[15.42833,47.16472],[15.57611,47.12306],[15.52056,47.32111],[15.44639,47.33583],[15.245,47.31056],[15.18667,47.275],[15.21083,47.13667]]]}}, {"type":"Feature","id":168,"properties":{"_id":"691ae4507614098ca4d5e823","createdBy":"OPONcQnzWGOLiJSceNaf8pvx1fA2","createdAt":"2025-11-17T09:01:04.942Z","updatedBy":"OPONcQnzWGOLiJSceNaf8pvx1fA2","updatedAt":"2025-11-17T09:05:02.982Z","name":"TMA LOWG","dataIngestion":true,"type":7,"icaoClass":2,"activity":0,"onDemand":false,"onRequest":false,"byNotam":false,"specialAgreement":false,"requestCompliance":false,"country":"AT","upperLimit":{"value":245,"unit":6,"referenceDatum":2},"lowerLimit":{"value":195,"unit":6,"referenceDatum":2},"hoursOfOperation":{"operatingHours":[{"dayOfWeek":0,"startTime":"00:00","endTime":"00:00","byNotam":false,"sunrise":false,"sunset":false,"publicHolidaysExcluded":false},{"dayOfWeek":1,"startTime":"00:00","endTime":"00:00","byNotam":false,"sunrise":false,"sunset":false,"publicHolidaysExcluded":false},{"dayOfWeek":2,"startTime":"00:00","endTime":"00:00","byNotam":false,"sunrise":false,"sunset":false,"publicHolidaysExcluded":false},{"dayOfWeek":3,"startTime":"00:00","endTime":"00:00","byNotam":false,"sunrise":false,"sunset":false,"publicHolidaysExcluded":false},{"dayOfWeek":4,"startTime":"00:00","endTime":"00:00","byNotam":false,"sunrise":false,"sunset":false,"publicHolidaysExcluded":false},{"dayOfWeek":5,"startTime":"00:00","endTime":"00:00","byNotam":false,"sunrise":false,"sunset":false,"publicHolidaysExcluded":false},{"dayOfWeek":6,"startTime":"00:00","endTime":"00:00","byNotam":false,"sunrise":false,"sunset":false,"publicHolidaysExcluded":false}]},"deletable":true},"geometry":{"type":"Polygon","coordinates":[[[15.34278,47.15444],[15.24583,47.10889],[15.28083,46.98472],[15.35278,46.72778],[15.67361,46.76944],[15.76806,46.78139],[15.685,47.09222],[15.53389,47.135],[15.42833,47.16472],[15.34278,47.15444]]]}}, {"type":"Feature","id":169,"properties":{"_id":"691ae4507614098ca4d5e826","createdBy":"OPONcQnzWGOLiJSceNaf8pvx1fA2","createdAt":"2025-11-17T09:01:04.953Z","updatedBy":"OPONcQnzWGOLiJSceNaf8pvx1fA2","updatedAt":"2025-11-17T09:05:03.101Z","name":"TMA LOWG","dataIngestion":true,"type":7,"icaoClass":2,"activity":0,"onDemand":false,"onRequest":false,"byNotam":false,"specialAgreement":false,"requestCompliance":false,"country":"AT","upperLimit":{"value":245,"unit":6,"referenceDatum":2},"lowerLimit":{"value":195,"unit":6,"referenceDatum":2},"hoursOfOperation":{"operatingHours":[{"dayOfWeek":0,"startTime":"00:00","endTime":"00:00","byNotam":false,"sunrise":false,"sunset":false,"publicHolidaysExcluded":false},{"dayOfWeek":1,"startTime":"00:00","endTime":"00:00","byNotam":false,"sunrise":false,"sunset":false,"publicHolidaysExcluded":false},{"dayOfWeek":2,"startTime":"00:00","endTime":"00:00","byNotam":false,"sunrise":false,"sunset":false,"publicHolidaysExcluded":false},{"dayOfWeek":3,"startTime":"00:00","endTime":"00:00","byNotam":false,"sunrise":false,"sunset":false,"publicHolidaysExcluded":false},{"dayOfWeek":4,"startTime":"00:00","endTime":"00:00","byNotam":false,"sunrise":false,"sunset":false,"publicHolidaysExcluded":false},{"dayOfWeek":5,"startTime":"00:00","endTime":"00:00","byNotam":false,"sunrise":false,"sunset":false,"publicHolidaysExcluded":false},{"dayOfWeek":6,"startTime":"00:00","endTime":"00:00","byNotam":false,"sunrise":false,"sunset":false,"publicHolidaysExcluded":false}]},"deletable":true},"geometry":{"type":"Polygon","coordinates":[[[15.31139,47.30833],[15.34583,47.185],[15.37972,47.20417],[15.42417,47.1925],[15.38944,47.3175],[15.31139,47.30833]]]}}, {"type":"Feature","id":170,"properties":{"_id":"691ae5617614098ca4d5f699","createdBy":"OPONcQnzWGOLiJSceNaf8pvx1fA2","createdAt":"2025-11-17T09:05:37.598Z","updatedBy":"OPONcQnzWGOLiJSceNaf8pvx1fA2","updatedAt":"2025-11-17T09:10:01.448Z","name":"TMA LOWI","dataIngestion":true,"type":7,"icaoClass":3,"activity":0,"onDemand":false,"onRequest":false,"byNotam":false,"specialAgreement":false,"requestCompliance":false,"country":"AT","upperLimit":{"value":195,"unit":6,"referenceDatum":2},"lowerLimit":{"value":7000,"unit":1,"referenceDatum":1},"hoursOfOperation":{"operatingHours":[{"dayOfWeek":0,"startTime":"00:00","endTime":"00:00","byNotam":false,"sunrise":false,"sunset":false,"publicHolidaysExcluded":false},{"dayOfWeek":1,"startTime":"00:00","endTime":"00:00","byNotam":false,"sunrise":false,"sunset":false,"publicHolidaysExcluded":false},{"dayOfWeek":2,"startTime":"00:00","endTime":"00:00","byNotam":false,"sunrise":false,"sunset":false,"publicHolidaysExcluded":false},{"dayOfWeek":3,"startTime":"00:00","endTime":"00:00","byNotam":false,"sunrise":false,"sunset":false,"publicHolidaysExcluded":false},{"dayOfWeek":4,"startTime":"00:00","endTime":"00:00","byNotam":false,"sunrise":false,"sunset":false,"publicHolidaysExcluded":false},{"dayOfWeek":5,"startTime":"00:00","endTime":"00:00","byNotam":false,"sunrise":false,"sunset":false,"publicHolidaysExcluded":false},{"dayOfWeek":6,"startTime":"00:00","endTime":"00:00","byNotam":false,"sunrise":false,"sunset":false,"publicHolidaysExcluded":false}]},"deletable":true},"geometry":{"type":"Polygon","coordinates":[[[10.87556,47.28306],[11.01389,47.26333],[11.04444,47.25333],[11.0125,47.17778],[11.16806,47.13194],[11.36944,47.1875],[11.41639,47.12778],[11.49306,47.12778],[11.44583,47.20833],[11.80278,47.30556],[11.7575,47.38444],[11.75111,47.39444],[11.7475,47.40167],[11.73889,47.41667],[11.28944,47.30694],[11.22056,47.28972],[11.075,47.325],[11.02361,47.32139],[10.8875,47.315],[10.87444,47.29778],[10.87556,47.28306]]]}}, {"type":"Feature","id":171,"properties":{"_id":"691ae5617614098ca4d5f69c","createdBy":"OPONcQnzWGOLiJSceNaf8pvx1fA2","createdAt":"2025-11-17T09:05:37.615Z","updatedBy":"OPONcQnzWGOLiJSceNaf8pvx1fA2","updatedAt":"2025-11-17T09:10:01.639Z","name":"TMA LOWI","dataIngestion":true,"type":7,"icaoClass":3,"activity":0,"onDemand":false,"onRequest":false,"byNotam":false,"specialAgreement":false,"requestCompliance":false,"country":"AT","upperLimit":{"value":195,"unit":6,"referenceDatum":2},"lowerLimit":{"value":8500,"unit":1,"referenceDatum":1},"hoursOfOperation":{"operatingHours":[{"dayOfWeek":0,"startTime":"00:00","endTime":"00:00","byNotam":false,"sunrise":false,"sunset":false,"publicHolidaysExcluded":false},{"dayOfWeek":1,"startTime":"00:00","endTime":"00:00","byNotam":false,"sunrise":false,"sunset":false,"publicHolidaysExcluded":false},{"dayOfWeek":2,"startTime":"00:00","endTime":"00:00","byNotam":false,"sunrise":false,"sunset":false,"publicHolidaysExcluded":false},{"dayOfWeek":3,"startTime":"00:00","endTime":"00:00","byNotam":false,"sunrise":false,"sunset":false,"publicHolidaysExcluded":false},{"dayOfWeek":4,"startTime":"00:00","endTime":"00:00","byNotam":false,"sunrise":false,"sunset":false,"publicHolidaysExcluded":false},{"dayOfWeek":5,"startTime":"00:00","endTime":"00:00","byNotam":false,"sunrise":false,"sunset":false,"publicHolidaysExcluded":false},{"dayOfWeek":6,"startTime":"00:00","endTime":"00:00","byNotam":false,"sunrise":false,"sunset":false,"publicHolidaysExcluded":false}]},"deletable":true},"geometry":{"type":"Polygon","coordinates":[[[11.7475,47.40167],[11.75111,47.39444],[11.7575,47.38444],[11.80278,47.30556],[11.975,47.36667],[11.9,47.45778],[11.7475,47.40167]]]}}, {"type":"Feature","id":172,"properties":{"_id":"691ae5617614098ca4d5f69f","createdBy":"OPONcQnzWGOLiJSceNaf8pvx1fA2","createdAt":"2025-11-17T09:05:37.635Z","updatedBy":"OPONcQnzWGOLiJSceNaf8pvx1fA2","updatedAt":"2025-11-17T09:10:02.701Z","name":"TMA LOWI","dataIngestion":true,"type":7,"icaoClass":3,"activity":0,"onDemand":false,"onRequest":false,"byNotam":false,"specialAgreement":false,"requestCompliance":false,"country":"AT","upperLimit":{"value":195,"unit":6,"referenceDatum":2},"lowerLimit":{"value":9000,"unit":1,"referenceDatum":1},"hoursOfOperation":{"operatingHours":[{"dayOfWeek":0,"startTime":"00:00","endTime":"00:00","byNotam":false,"sunrise":false,"sunset":false,"publicHolidaysExcluded":false},{"dayOfWeek":1,"startTime":"00:00","endTime":"00:00","byNotam":false,"sunrise":false,"sunset":false,"publicHolidaysExcluded":false},{"dayOfWeek":2,"startTime":"00:00","endTime":"00:00","byNotam":false,"sunrise":false,"sunset":false,"publicHolidaysExcluded":false},{"dayOfWeek":3,"startTime":"00:00","endTime":"00:00","byNotam":false,"sunrise":false,"sunset":false,"publicHolidaysExcluded":false},{"dayOfWeek":4,"startTime":"00:00","endTime":"00:00","byNotam":false,"sunrise":false,"sunset":false,"publicHolidaysExcluded":false},{"dayOfWeek":5,"startTime":"00:00","endTime":"00:00","byNotam":false,"sunrise":false,"sunset":false,"publicHolidaysExcluded":false},{"dayOfWeek":6,"startTime":"00:00","endTime":"00:00","byNotam":false,"sunrise":false,"sunset":false,"publicHolidaysExcluded":false}]},"deletable":true},"geometry":{"type":"Polygon","coordinates":[[[10.79278,47.30639],[10.77222,47.29361],[10.795,47.28278],[10.87556,47.28306],[10.87444,47.29778],[10.8875,47.315],[10.79278,47.30639]]]}}, {"type":"Feature","id":173,"properties":{"_id":"691ae5617614098ca4d5f6a2","createdBy":"OPONcQnzWGOLiJSceNaf8pvx1fA2","createdAt":"2025-11-17T09:05:37.650Z","updatedBy":"OPONcQnzWGOLiJSceNaf8pvx1fA2","updatedAt":"2025-11-17T09:10:02.851Z","name":"TMA LOWI","dataIngestion":true,"type":7,"icaoClass":3,"activity":0,"onDemand":false,"onRequest":false,"byNotam":false,"specialAgreement":false,"requestCompliance":false,"country":"AT","upperLimit":{"value":195,"unit":6,"referenceDatum":2},"lowerLimit":{"value":9500,"unit":1,"referenceDatum":1},"hoursOfOperation":{"operatingHours":[{"dayOfWeek":0,"startTime":"00:00","endTime":"00:00","byNotam":false,"sunrise":false,"sunset":false,"publicHolidaysExcluded":false},{"dayOfWeek":1,"startTime":"00:00","endTime":"00:00","byNotam":false,"sunrise":false,"sunset":false,"publicHolidaysExcluded":false},{"dayOfWeek":2,"startTime":"00:00","endTime":"00:00","byNotam":false,"sunrise":false,"sunset":false,"publicHolidaysExcluded":false},{"dayOfWeek":3,"startTime":"00:00","endTime":"00:00","byNotam":false,"sunrise":false,"sunset":false,"publicHolidaysExcluded":false},{"dayOfWeek":4,"startTime":"00:00","endTime":"00:00","byNotam":false,"sunrise":false,"sunset":false,"publicHolidaysExcluded":false},{"dayOfWeek":5,"startTime":"00:00","endTime":"00:00","byNotam":false,"sunrise":false,"sunset":false,"publicHolidaysExcluded":false},{"dayOfWeek":6,"startTime":"00:00","endTime":"00:00","byNotam":false,"sunrise":false,"sunset":false,"publicHolidaysExcluded":false}]},"deletable":true},"geometry":{"type":"Polygon","coordinates":[[[12.44,47.69528],[12.42917,47.69639],[12.36361,47.68389],[12.33806,47.69694],[12.28472,47.69028],[12.25306,47.68389],[12.245,47.70556],[12.25861,47.72278],[12.24972,47.74167],[12.22667,47.71806],[12.19472,47.7075],[12.1625,47.70111],[12.17194,47.67611],[12.18472,47.66028],[12.19833,47.64222],[12.20333,47.62389],[12.18639,47.60472],[12.16222,47.61306],[12.1375,47.60583],[12.10944,47.61167],[12.07806,47.61361],[12.04944,47.615],[12.02194,47.61111],[11.99944,47.62139],[11.93333,47.61278],[11.89417,47.60833],[11.855,47.60222],[11.83722,47.58194],[11.81083,47.58556],[11.78111,47.59111],[11.75278,47.58917],[11.73917,47.58806],[11.73889,47.41667],[11.7475,47.40167],[11.9,47.45778],[11.975,47.36667],[11.80278,47.30556],[12.12806,47.37028],[12.21667,47.58889],[12.44,47.69528]]]}}, {"type":"Feature","id":174,"properties":{"_id":"691ae5617614098ca4d5f6a5","createdBy":"OPONcQnzWGOLiJSceNaf8pvx1fA2","createdAt":"2025-11-17T09:05:37.667Z","updatedBy":"OPONcQnzWGOLiJSceNaf8pvx1fA2","updatedAt":"2025-11-17T09:10:02.985Z","name":"TMA LOWI","dataIngestion":true,"type":7,"icaoClass":3,"activity":0,"onDemand":false,"onRequest":false,"byNotam":false,"specialAgreement":false,"requestCompliance":false,"country":"AT","upperLimit":{"value":195,"unit":6,"referenceDatum":2},"lowerLimit":{"value":10500,"unit":1,"referenceDatum":1},"hoursOfOperation":{"operatingHours":[{"dayOfWeek":0,"startTime":"00:00","endTime":"00:00","byNotam":false,"sunrise":false,"sunset":false,"publicHolidaysExcluded":false},{"dayOfWeek":1,"startTime":"00:00","endTime":"00:00","byNotam":false,"sunrise":false,"sunset":false,"publicHolidaysExcluded":false},{"dayOfWeek":2,"startTime":"00:00","endTime":"00:00","byNotam":false,"sunrise":false,"sunset":false,"publicHolidaysExcluded":false},{"dayOfWeek":3,"startTime":"00:00","endTime":"00:00","byNotam":false,"sunrise":false,"sunset":false,"publicHolidaysExcluded":false},{"dayOfWeek":4,"startTime":"00:00","endTime":"00:00","byNotam":false,"sunrise":false,"sunset":false,"publicHolidaysExcluded":false},{"dayOfWeek":5,"startTime":"00:00","endTime":"00:00","byNotam":false,"sunrise":false,"sunset":false,"publicHolidaysExcluded":false},{"dayOfWeek":6,"startTime":"00:00","endTime":"00:00","byNotam":false,"sunrise":false,"sunset":false,"publicHolidaysExcluded":false}]},"deletable":true},"geometry":{"type":"Polygon","coordinates":[[[10.69583,47.30083],[10.67667,47.29],[10.69278,47.28222],[10.795,47.28278],[10.77222,47.29361],[10.79278,47.30639],[10.75417,47.30306],[10.69583,47.30083]]]}}, {"type":"Feature","id":175,"properties":{"_id":"691ae5617614098ca4d5f6a8","createdBy":"OPONcQnzWGOLiJSceNaf8pvx1fA2","createdAt":"2025-11-17T09:05:37.679Z","updatedBy":"OPONcQnzWGOLiJSceNaf8pvx1fA2","updatedAt":"2025-11-17T09:10:03.121Z","name":"TMA LOWI","dataIngestion":true,"type":7,"icaoClass":2,"activity":0,"onDemand":false,"onRequest":false,"byNotam":false,"specialAgreement":false,"requestCompliance":false,"country":"AT","upperLimit":{"value":245,"unit":6,"referenceDatum":2},"lowerLimit":{"value":195,"unit":6,"referenceDatum":2},"hoursOfOperation":{"operatingHours":[{"dayOfWeek":0,"startTime":"00:00","endTime":"00:00","byNotam":false,"sunrise":false,"sunset":false,"publicHolidaysExcluded":false},{"dayOfWeek":1,"startTime":"00:00","endTime":"00:00","byNotam":false,"sunrise":false,"sunset":false,"publicHolidaysExcluded":false},{"dayOfWeek":2,"startTime":"00:00","endTime":"00:00","byNotam":false,"sunrise":false,"sunset":false,"publicHolidaysExcluded":false},{"dayOfWeek":3,"startTime":"00:00","endTime":"00:00","byNotam":false,"sunrise":false,"sunset":false,"publicHolidaysExcluded":false},{"dayOfWeek":4,"startTime":"00:00","endTime":"00:00","byNotam":false,"sunrise":false,"sunset":false,"publicHolidaysExcluded":false},{"dayOfWeek":5,"startTime":"00:00","endTime":"00:00","byNotam":false,"sunrise":false,"sunset":false,"publicHolidaysExcluded":false},{"dayOfWeek":6,"startTime":"00:00","endTime":"00:00","byNotam":false,"sunrise":false,"sunset":false,"publicHolidaysExcluded":false}]},"deletable":true},"geometry":{"type":"Polygon","coordinates":[[[11.7475,47.40167],[11.75111,47.39444],[11.7575,47.38444],[11.80278,47.30556],[11.975,47.36667],[11.9,47.45778],[11.7475,47.40167]]]}}, {"type":"Feature","id":176,"properties":{"_id":"691ae5617614098ca4d5f6ab","createdBy":"OPONcQnzWGOLiJSceNaf8pvx1fA2","createdAt":"2025-11-17T09:05:37.693Z","updatedBy":"OPONcQnzWGOLiJSceNaf8pvx1fA2","updatedAt":"2025-11-17T09:10:03.253Z","name":"TMA LOWI","dataIngestion":true,"type":7,"icaoClass":2,"activity":0,"onDemand":false,"onRequest":false,"byNotam":false,"specialAgreement":false,"requestCompliance":false,"country":"AT","upperLimit":{"value":245,"unit":6,"referenceDatum":2},"lowerLimit":{"value":195,"unit":6,"referenceDatum":2},"hoursOfOperation":{"operatingHours":[{"dayOfWeek":0,"startTime":"00:00","endTime":"00:00","byNotam":false,"sunrise":false,"sunset":false,"publicHolidaysExcluded":false},{"dayOfWeek":1,"startTime":"00:00","endTime":"00:00","byNotam":false,"sunrise":false,"sunset":false,"publicHolidaysExcluded":false},{"dayOfWeek":2,"startTime":"00:00","endTime":"00:00","byNotam":false,"sunrise":false,"sunset":false,"publicHolidaysExcluded":false},{"dayOfWeek":3,"startTime":"00:00","endTime":"00:00","byNotam":false,"sunrise":false,"sunset":false,"publicHolidaysExcluded":false},{"dayOfWeek":4,"startTime":"00:00","endTime":"00:00","byNotam":false,"sunrise":false,"sunset":false,"publicHolidaysExcluded":false},{"dayOfWeek":5,"startTime":"00:00","endTime":"00:00","byNotam":false,"sunrise":false,"sunset":false,"publicHolidaysExcluded":false},{"dayOfWeek":6,"startTime":"00:00","endTime":"00:00","byNotam":false,"sunrise":false,"sunset":false,"publicHolidaysExcluded":false}]},"deletable":true},"geometry":{"type":"Polygon","coordinates":[[[10.69583,47.30083],[10.67667,47.29],[10.69278,47.28222],[10.795,47.28278],[10.77222,47.29361],[10.79278,47.30639],[10.75417,47.30306],[10.69583,47.30083]]]}}, {"type":"Feature","id":177,"properties":{"_id":"691ae5617614098ca4d5f6ae","createdBy":"OPONcQnzWGOLiJSceNaf8pvx1fA2","createdAt":"2025-11-17T09:05:37.705Z","updatedBy":"OPONcQnzWGOLiJSceNaf8pvx1fA2","updatedAt":"2025-11-17T09:10:03.373Z","name":"TMA LOWI","dataIngestion":true,"type":7,"icaoClass":2,"activity":0,"onDemand":false,"onRequest":false,"byNotam":false,"specialAgreement":false,"requestCompliance":false,"country":"AT","upperLimit":{"value":245,"unit":6,"referenceDatum":2},"lowerLimit":{"value":195,"unit":6,"referenceDatum":2},"hoursOfOperation":{"operatingHours":[{"dayOfWeek":0,"startTime":"00:00","endTime":"00:00","byNotam":false,"sunrise":false,"sunset":false,"publicHolidaysExcluded":false},{"dayOfWeek":1,"startTime":"00:00","endTime":"00:00","byNotam":false,"sunrise":false,"sunset":false,"publicHolidaysExcluded":false},{"dayOfWeek":2,"startTime":"00:00","endTime":"00:00","byNotam":false,"sunrise":false,"sunset":false,"publicHolidaysExcluded":false},{"dayOfWeek":3,"startTime":"00:00","endTime":"00:00","byNotam":false,"sunrise":false,"sunset":false,"publicHolidaysExcluded":false},{"dayOfWeek":4,"startTime":"00:00","endTime":"00:00","byNotam":false,"sunrise":false,"sunset":false,"publicHolidaysExcluded":false},{"dayOfWeek":5,"startTime":"00:00","endTime":"00:00","byNotam":false,"sunrise":false,"sunset":false,"publicHolidaysExcluded":false},{"dayOfWeek":6,"startTime":"00:00","endTime":"00:00","byNotam":false,"sunrise":false,"sunset":false,"publicHolidaysExcluded":false}]},"deletable":true},"geometry":{"type":"Polygon","coordinates":[[[10.79278,47.30639],[10.77222,47.29361],[10.795,47.28278],[10.87556,47.28306],[10.87444,47.29778],[10.8875,47.315],[10.79278,47.30639]]]}}, {"type":"Feature","id":178,"properties":{"_id":"691ae5617614098ca4d5f6b5","createdBy":"OPONcQnzWGOLiJSceNaf8pvx1fA2","createdAt":"2025-11-17T09:05:37.722Z","updatedBy":"OPONcQnzWGOLiJSceNaf8pvx1fA2","updatedAt":"2025-11-17T09:10:04.872Z","name":"TMA LOWI","dataIngestion":true,"type":7,"icaoClass":2,"activity":0,"onDemand":false,"onRequest":false,"byNotam":false,"specialAgreement":false,"requestCompliance":false,"country":"AT","upperLimit":{"value":245,"unit":6,"referenceDatum":2},"lowerLimit":{"value":195,"unit":6,"referenceDatum":2},"hoursOfOperation":{"operatingHours":[{"dayOfWeek":0,"startTime":"00:00","endTime":"00:00","byNotam":false,"sunrise":false,"sunset":false,"publicHolidaysExcluded":false},{"dayOfWeek":1,"startTime":"00:00","endTime":"00:00","byNotam":false,"sunrise":false,"sunset":false,"publicHolidaysExcluded":false},{"dayOfWeek":2,"startTime":"00:00","endTime":"00:00","byNotam":false,"sunrise":false,"sunset":false,"publicHolidaysExcluded":false},{"dayOfWeek":3,"startTime":"00:00","endTime":"00:00","byNotam":false,"sunrise":false,"sunset":false,"publicHolidaysExcluded":false},{"dayOfWeek":4,"startTime":"00:00","endTime":"00:00","byNotam":false,"sunrise":false,"sunset":false,"publicHolidaysExcluded":false},{"dayOfWeek":5,"startTime":"00:00","endTime":"00:00","byNotam":false,"sunrise":false,"sunset":false,"publicHolidaysExcluded":false},{"dayOfWeek":6,"startTime":"00:00","endTime":"00:00","byNotam":false,"sunrise":false,"sunset":false,"publicHolidaysExcluded":false}]},"deletable":true},"geometry":{"type":"Polygon","coordinates":[[[12.44,47.69528],[12.42917,47.69639],[12.36361,47.68389],[12.33806,47.69694],[12.28472,47.69028],[12.25306,47.68389],[12.245,47.70556],[12.25861,47.72278],[12.24972,47.74167],[12.22667,47.71806],[12.19472,47.7075],[12.1625,47.70111],[12.17194,47.67611],[12.18472,47.66028],[12.19833,47.64222],[12.20333,47.62389],[12.18639,47.60472],[12.16222,47.61306],[12.1375,47.60583],[12.10944,47.61167],[12.07806,47.61361],[12.04944,47.615],[12.02194,47.61111],[11.99944,47.62139],[11.93333,47.61278],[11.89417,47.60833],[11.855,47.60222],[11.83722,47.58194],[11.81083,47.58556],[11.78111,47.59111],[11.75278,47.58917],[11.73917,47.58806],[11.73889,47.41667],[11.7475,47.40167],[11.9,47.45778],[11.975,47.36667],[11.80278,47.30556],[12.12806,47.37028],[12.21667,47.58889],[12.44,47.69528]]]}}, {"type":"Feature","id":179,"properties":{"_id":"691ae5617614098ca4d5f6b8","createdBy":"OPONcQnzWGOLiJSceNaf8pvx1fA2","createdAt":"2025-11-17T09:05:37.741Z","updatedBy":"OPONcQnzWGOLiJSceNaf8pvx1fA2","updatedAt":"2025-11-17T09:10:06.158Z","name":"TMA LOWI","dataIngestion":true,"type":7,"icaoClass":2,"activity":0,"onDemand":false,"onRequest":false,"byNotam":false,"specialAgreement":false,"requestCompliance":false,"country":"AT","upperLimit":{"value":245,"unit":6,"referenceDatum":2},"lowerLimit":{"value":195,"unit":6,"referenceDatum":2},"hoursOfOperation":{"operatingHours":[{"dayOfWeek":0,"startTime":"00:00","endTime":"00:00","byNotam":false,"sunrise":false,"sunset":false,"publicHolidaysExcluded":false},{"dayOfWeek":1,"startTime":"00:00","endTime":"00:00","byNotam":false,"sunrise":false,"sunset":false,"publicHolidaysExcluded":false},{"dayOfWeek":2,"startTime":"00:00","endTime":"00:00","byNotam":false,"sunrise":false,"sunset":false,"publicHolidaysExcluded":false},{"dayOfWeek":3,"startTime":"00:00","endTime":"00:00","byNotam":false,"sunrise":false,"sunset":false,"publicHolidaysExcluded":false},{"dayOfWeek":4,"startTime":"00:00","endTime":"00:00","byNotam":false,"sunrise":false,"sunset":false,"publicHolidaysExcluded":false},{"dayOfWeek":5,"startTime":"00:00","endTime":"00:00","byNotam":false,"sunrise":false,"sunset":false,"publicHolidaysExcluded":false},{"dayOfWeek":6,"startTime":"00:00","endTime":"00:00","byNotam":false,"sunrise":false,"sunset":false,"publicHolidaysExcluded":false}]},"deletable":true},"geometry":{"type":"Polygon","coordinates":[[[10.87556,47.28306],[11.01389,47.26333],[11.04444,47.25333],[11.0125,47.17778],[11.16806,47.13194],[11.36944,47.1875],[11.41639,47.12778],[11.49306,47.12778],[11.44583,47.20833],[11.80278,47.30556],[11.7575,47.38444],[11.75111,47.39444],[11.7475,47.40167],[11.73889,47.41667],[11.28944,47.30694],[11.22056,47.28972],[11.075,47.325],[11.02361,47.32139],[10.8875,47.315],[10.87444,47.29778],[10.87556,47.28306]]]}}, {"type":"Feature","id":180,"properties":{"_id":"691ae7817614098ca4d614e8","createdBy":"OPONcQnzWGOLiJSceNaf8pvx1fA2","createdAt":"2025-11-17T09:14:41.941Z","updatedBy":"OPONcQnzWGOLiJSceNaf8pvx1fA2","updatedAt":"2025-11-17T09:15:05.307Z","name":"TMA LOWK","dataIngestion":true,"type":7,"icaoClass":3,"activity":0,"onDemand":false,"onRequest":false,"byNotam":false,"specialAgreement":false,"requestCompliance":false,"country":"AT","upperLimit":{"value":195,"unit":6,"referenceDatum":2},"lowerLimit":{"value":3500,"unit":1,"referenceDatum":1},"hoursOfOperation":{"operatingHours":[{"dayOfWeek":0,"startTime":"00:00","endTime":"00:00","byNotam":false,"sunrise":false,"sunset":false,"publicHolidaysExcluded":false},{"dayOfWeek":1,"startTime":"00:00","endTime":"00:00","byNotam":false,"sunrise":false,"sunset":false,"publicHolidaysExcluded":false},{"dayOfWeek":2,"startTime":"00:00","endTime":"00:00","byNotam":false,"sunrise":false,"sunset":false,"publicHolidaysExcluded":false},{"dayOfWeek":3,"startTime":"00:00","endTime":"00:00","byNotam":false,"sunrise":false,"sunset":false,"publicHolidaysExcluded":false},{"dayOfWeek":4,"startTime":"00:00","endTime":"00:00","byNotam":false,"sunrise":false,"sunset":false,"publicHolidaysExcluded":false},{"dayOfWeek":5,"startTime":"00:00","endTime":"00:00","byNotam":false,"sunrise":false,"sunset":false,"publicHolidaysExcluded":false},{"dayOfWeek":6,"startTime":"00:00","endTime":"00:00","byNotam":false,"sunrise":false,"sunset":false,"publicHolidaysExcluded":false}]},"deletable":true},"geometry":{"type":"Polygon","coordinates":[[[13.98111,46.66639],[14.1175,46.6375],[14.15472,46.73361],[14.09417,46.74667],[14.07194,46.69972],[13.98111,46.66639]]]}}, {"type":"Feature","id":181,"properties":{"_id":"691ae7817614098ca4d614eb","createdBy":"OPONcQnzWGOLiJSceNaf8pvx1fA2","createdAt":"2025-11-17T09:14:41.999Z","updatedBy":"OPONcQnzWGOLiJSceNaf8pvx1fA2","updatedAt":"2025-11-17T09:15:05.473Z","name":"TMA LOWK","dataIngestion":true,"type":7,"icaoClass":3,"activity":0,"onDemand":false,"onRequest":false,"byNotam":false,"specialAgreement":false,"requestCompliance":false,"country":"AT","upperLimit":{"value":195,"unit":6,"referenceDatum":2},"lowerLimit":{"value":4500,"unit":1,"referenceDatum":1},"hoursOfOperation":{"operatingHours":[{"dayOfWeek":0,"startTime":"00:00","endTime":"00:00","byNotam":false,"sunrise":false,"sunset":false,"publicHolidaysExcluded":false},{"dayOfWeek":1,"startTime":"00:00","endTime":"00:00","byNotam":false,"sunrise":false,"sunset":false,"publicHolidaysExcluded":false},{"dayOfWeek":2,"startTime":"00:00","endTime":"00:00","byNotam":false,"sunrise":false,"sunset":false,"publicHolidaysExcluded":false},{"dayOfWeek":3,"startTime":"00:00","endTime":"00:00","byNotam":false,"sunrise":false,"sunset":false,"publicHolidaysExcluded":false},{"dayOfWeek":4,"startTime":"00:00","endTime":"00:00","byNotam":false,"sunrise":false,"sunset":false,"publicHolidaysExcluded":false},{"dayOfWeek":5,"startTime":"00:00","endTime":"00:00","byNotam":false,"sunrise":false,"sunset":false,"publicHolidaysExcluded":false},{"dayOfWeek":6,"startTime":"00:00","endTime":"00:00","byNotam":false,"sunrise":false,"sunset":false,"publicHolidaysExcluded":false}]},"deletable":true},"geometry":{"type":"Polygon","coordinates":[[[14.13111,46.81722],[14.09417,46.74667],[14.15472,46.73361],[14.1175,46.6375],[14.11194,46.62278],[14.15694,46.58611],[14.36667,46.58861],[14.61111,46.53889],[14.64583,46.55194],[14.70972,46.54],[14.80361,46.56333],[14.83389,46.61944],[14.71583,46.7525],[14.63611,46.7225],[14.13111,46.81722]]]}}, {"type":"Feature","id":182,"properties":{"_id":"691ae7827614098ca4d614ee","createdBy":"OPONcQnzWGOLiJSceNaf8pvx1fA2","createdAt":"2025-11-17T09:14:42.097Z","updatedBy":"OPONcQnzWGOLiJSceNaf8pvx1fA2","updatedAt":"2025-11-17T09:15:05.586Z","name":"TMA LOWK","dataIngestion":true,"type":7,"icaoClass":3,"activity":0,"onDemand":false,"onRequest":false,"byNotam":false,"specialAgreement":false,"requestCompliance":false,"country":"AT","upperLimit":{"value":195,"unit":6,"referenceDatum":2},"lowerLimit":{"value":6500,"unit":1,"referenceDatum":1},"hoursOfOperation":{"operatingHours":[{"dayOfWeek":0,"startTime":"00:00","endTime":"00:00","byNotam":false,"sunrise":false,"sunset":false,"publicHolidaysExcluded":false},{"dayOfWeek":1,"startTime":"00:00","endTime":"00:00","byNotam":false,"sunrise":false,"sunset":false,"publicHolidaysExcluded":false},{"dayOfWeek":2,"startTime":"00:00","endTime":"00:00","byNotam":false,"sunrise":false,"sunset":false,"publicHolidaysExcluded":false},{"dayOfWeek":3,"startTime":"00:00","endTime":"00:00","byNotam":false,"sunrise":false,"sunset":false,"publicHolidaysExcluded":false},{"dayOfWeek":4,"startTime":"00:00","endTime":"00:00","byNotam":false,"sunrise":false,"sunset":false,"publicHolidaysExcluded":false},{"dayOfWeek":5,"startTime":"00:00","endTime":"00:00","byNotam":false,"sunrise":false,"sunset":false,"publicHolidaysExcluded":false},{"dayOfWeek":6,"startTime":"00:00","endTime":"00:00","byNotam":false,"sunrise":false,"sunset":false,"publicHolidaysExcluded":false}]},"deletable":true},"geometry":{"type":"Polygon","coordinates":[[[14.71583,46.7525],[14.83389,46.61944],[14.93556,46.65694],[14.81583,46.79389],[14.71583,46.7525]]]}}, {"type":"Feature","id":183,"properties":{"_id":"691ae7827614098ca4d614f1","createdBy":"OPONcQnzWGOLiJSceNaf8pvx1fA2","createdAt":"2025-11-17T09:14:42.154Z","updatedBy":"OPONcQnzWGOLiJSceNaf8pvx1fA2","updatedAt":"2025-11-17T09:15:05.703Z","name":"TMA LOWK","dataIngestion":true,"type":7,"icaoClass":3,"activity":0,"onDemand":false,"onRequest":false,"byNotam":false,"specialAgreement":false,"requestCompliance":false,"country":"AT","upperLimit":{"value":195,"unit":6,"referenceDatum":2},"lowerLimit":{"value":6500,"unit":1,"referenceDatum":1},"hoursOfOperation":{"operatingHours":[{"dayOfWeek":0,"startTime":"00:00","endTime":"00:00","byNotam":false,"sunrise":false,"sunset":false,"publicHolidaysExcluded":false},{"dayOfWeek":1,"startTime":"00:00","endTime":"00:00","byNotam":false,"sunrise":false,"sunset":false,"publicHolidaysExcluded":false},{"dayOfWeek":2,"startTime":"00:00","endTime":"00:00","byNotam":false,"sunrise":false,"sunset":false,"publicHolidaysExcluded":false},{"dayOfWeek":3,"startTime":"00:00","endTime":"00:00","byNotam":false,"sunrise":false,"sunset":false,"publicHolidaysExcluded":false},{"dayOfWeek":4,"startTime":"00:00","endTime":"00:00","byNotam":false,"sunrise":false,"sunset":false,"publicHolidaysExcluded":false},{"dayOfWeek":5,"startTime":"00:00","endTime":"00:00","byNotam":false,"sunrise":false,"sunset":false,"publicHolidaysExcluded":false},{"dayOfWeek":6,"startTime":"00:00","endTime":"00:00","byNotam":false,"sunrise":false,"sunset":false,"publicHolidaysExcluded":false}]},"deletable":true},"geometry":{"type":"Polygon","coordinates":[[[14.71583,46.7525],[14.55917,46.77222],[14.49833,46.78444],[14.44417,46.79556],[14.2125,46.98333],[14.07556,46.90472],[14.02583,46.76111],[13.875,46.79306],[13.83333,46.69722],[13.98111,46.66639],[14.07194,46.69972],[14.09417,46.74667],[14.13111,46.81722],[14.63611,46.7225],[14.71583,46.7525]]]}}, {"type":"Feature","id":184,"properties":{"_id":"691ae7827614098ca4d614f9","createdBy":"OPONcQnzWGOLiJSceNaf8pvx1fA2","createdAt":"2025-11-17T09:14:42.542Z","updatedBy":"OPONcQnzWGOLiJSceNaf8pvx1fA2","updatedAt":"2025-11-17T09:15:05.824Z","name":"TMA LOWK","dataIngestion":true,"type":7,"icaoClass":2,"activity":0,"onDemand":false,"onRequest":false,"byNotam":false,"specialAgreement":false,"requestCompliance":false,"country":"AT","upperLimit":{"value":245,"unit":6,"referenceDatum":2},"lowerLimit":{"value":195,"unit":6,"referenceDatum":2},"hoursOfOperation":{"operatingHours":[{"dayOfWeek":0,"startTime":"00:00","endTime":"00:00","byNotam":false,"sunrise":false,"sunset":false,"publicHolidaysExcluded":false},{"dayOfWeek":1,"startTime":"00:00","endTime":"00:00","byNotam":false,"sunrise":false,"sunset":false,"publicHolidaysExcluded":false},{"dayOfWeek":2,"startTime":"00:00","endTime":"00:00","byNotam":false,"sunrise":false,"sunset":false,"publicHolidaysExcluded":false},{"dayOfWeek":3,"startTime":"00:00","endTime":"00:00","byNotam":false,"sunrise":false,"sunset":false,"publicHolidaysExcluded":false},{"dayOfWeek":4,"startTime":"00:00","endTime":"00:00","byNotam":false,"sunrise":false,"sunset":false,"publicHolidaysExcluded":false},{"dayOfWeek":5,"startTime":"00:00","endTime":"00:00","byNotam":false,"sunrise":false,"sunset":false,"publicHolidaysExcluded":false},{"dayOfWeek":6,"startTime":"00:00","endTime":"00:00","byNotam":false,"sunrise":false,"sunset":false,"publicHolidaysExcluded":false}]},"deletable":true},"geometry":{"type":"Polygon","coordinates":[[[13.98111,46.66639],[14.1175,46.6375],[14.15472,46.73361],[14.09417,46.74667],[14.07194,46.69972],[13.98111,46.66639]]]}}, {"type":"Feature","id":185,"properties":{"_id":"691ae7827614098ca4d61503","createdBy":"OPONcQnzWGOLiJSceNaf8pvx1fA2","createdAt":"2025-11-17T09:14:42.561Z","updatedBy":"OPONcQnzWGOLiJSceNaf8pvx1fA2","updatedAt":"2025-11-17T09:15:06.809Z","name":"TMA LOWK","dataIngestion":true,"type":7,"icaoClass":2,"activity":0,"onDemand":false,"onRequest":false,"byNotam":false,"specialAgreement":false,"requestCompliance":false,"country":"AT","upperLimit":{"value":245,"unit":6,"referenceDatum":2},"lowerLimit":{"value":195,"unit":6,"referenceDatum":2},"hoursOfOperation":{"operatingHours":[{"dayOfWeek":0,"startTime":"00:00","endTime":"00:00","byNotam":false,"sunrise":false,"sunset":false,"publicHolidaysExcluded":false},{"dayOfWeek":1,"startTime":"00:00","endTime":"00:00","byNotam":false,"sunrise":false,"sunset":false,"publicHolidaysExcluded":false},{"dayOfWeek":2,"startTime":"00:00","endTime":"00:00","byNotam":false,"sunrise":false,"sunset":false,"publicHolidaysExcluded":false},{"dayOfWeek":3,"startTime":"00:00","endTime":"00:00","byNotam":false,"sunrise":false,"sunset":false,"publicHolidaysExcluded":false},{"dayOfWeek":4,"startTime":"00:00","endTime":"00:00","byNotam":false,"sunrise":false,"sunset":false,"publicHolidaysExcluded":false},{"dayOfWeek":5,"startTime":"00:00","endTime":"00:00","byNotam":false,"sunrise":false,"sunset":false,"publicHolidaysExcluded":false},{"dayOfWeek":6,"startTime":"00:00","endTime":"00:00","byNotam":false,"sunrise":false,"sunset":false,"publicHolidaysExcluded":false}]},"deletable":true},"geometry":{"type":"Polygon","coordinates":[[[14.71583,46.7525],[14.55917,46.77222],[14.49833,46.78444],[14.44417,46.79556],[14.2125,46.98333],[14.07556,46.90472],[14.02583,46.76111],[13.875,46.79306],[13.83333,46.69722],[13.98111,46.66639],[14.07194,46.69972],[14.09417,46.74667],[14.13111,46.81722],[14.63611,46.7225],[14.71583,46.7525]]]}}, {"type":"Feature","id":186,"properties":{"_id":"691ae7827614098ca4d61506","createdBy":"OPONcQnzWGOLiJSceNaf8pvx1fA2","createdAt":"2025-11-17T09:14:42.606Z","updatedBy":"OPONcQnzWGOLiJSceNaf8pvx1fA2","updatedAt":"2025-11-17T09:15:06.953Z","name":"TMA LOWK","dataIngestion":true,"type":7,"icaoClass":2,"activity":0,"onDemand":false,"onRequest":false,"byNotam":false,"specialAgreement":false,"requestCompliance":false,"country":"AT","upperLimit":{"value":245,"unit":6,"referenceDatum":2},"lowerLimit":{"value":195,"unit":6,"referenceDatum":2},"hoursOfOperation":{"operatingHours":[{"dayOfWeek":0,"startTime":"00:00","endTime":"00:00","byNotam":false,"sunrise":false,"sunset":false,"publicHolidaysExcluded":false},{"dayOfWeek":1,"startTime":"00:00","endTime":"00:00","byNotam":false,"sunrise":false,"sunset":false,"publicHolidaysExcluded":false},{"dayOfWeek":2,"startTime":"00:00","endTime":"00:00","byNotam":false,"sunrise":false,"sunset":false,"publicHolidaysExcluded":false},{"dayOfWeek":3,"startTime":"00:00","endTime":"00:00","byNotam":false,"sunrise":false,"sunset":false,"publicHolidaysExcluded":false},{"dayOfWeek":4,"startTime":"00:00","endTime":"00:00","byNotam":false,"sunrise":false,"sunset":false,"publicHolidaysExcluded":false},{"dayOfWeek":5,"startTime":"00:00","endTime":"00:00","byNotam":false,"sunrise":false,"sunset":false,"publicHolidaysExcluded":false},{"dayOfWeek":6,"startTime":"00:00","endTime":"00:00","byNotam":false,"sunrise":false,"sunset":false,"publicHolidaysExcluded":false}]},"deletable":true},"geometry":{"type":"Polygon","coordinates":[[[14.13111,46.81722],[14.09417,46.74667],[14.15472,46.73361],[14.1175,46.6375],[14.11194,46.62278],[14.15694,46.58611],[14.36667,46.58861],[14.61111,46.53889],[14.64583,46.55194],[14.70972,46.54],[14.80361,46.56333],[14.83389,46.61944],[14.71583,46.7525],[14.63611,46.7225],[14.13111,46.81722]]]}}, {"type":"Feature","id":187,"properties":{"_id":"691ae7827614098ca4d61509","createdBy":"OPONcQnzWGOLiJSceNaf8pvx1fA2","createdAt":"2025-11-17T09:14:42.620Z","updatedBy":"OPONcQnzWGOLiJSceNaf8pvx1fA2","updatedAt":"2025-11-17T09:15:07.062Z","name":"TMA LOWK","dataIngestion":true,"type":7,"icaoClass":2,"activity":0,"onDemand":false,"onRequest":false,"byNotam":false,"specialAgreement":false,"requestCompliance":false,"country":"AT","upperLimit":{"value":245,"unit":6,"referenceDatum":2},"lowerLimit":{"value":195,"unit":6,"referenceDatum":2},"hoursOfOperation":{"operatingHours":[{"dayOfWeek":0,"startTime":"00:00","endTime":"00:00","byNotam":false,"sunrise":false,"sunset":false,"publicHolidaysExcluded":false},{"dayOfWeek":1,"startTime":"00:00","endTime":"00:00","byNotam":false,"sunrise":false,"sunset":false,"publicHolidaysExcluded":false},{"dayOfWeek":2,"startTime":"00:00","endTime":"00:00","byNotam":false,"sunrise":false,"sunset":false,"publicHolidaysExcluded":false},{"dayOfWeek":3,"startTime":"00:00","endTime":"00:00","byNotam":false,"sunrise":false,"sunset":false,"publicHolidaysExcluded":false},{"dayOfWeek":4,"startTime":"00:00","endTime":"00:00","byNotam":false,"sunrise":false,"sunset":false,"publicHolidaysExcluded":false},{"dayOfWeek":5,"startTime":"00:00","endTime":"00:00","byNotam":false,"sunrise":false,"sunset":false,"publicHolidaysExcluded":false},{"dayOfWeek":6,"startTime":"00:00","endTime":"00:00","byNotam":false,"sunrise":false,"sunset":false,"publicHolidaysExcluded":false}]},"deletable":true},"geometry":{"type":"Polygon","coordinates":[[[14.71583,46.7525],[14.83389,46.61944],[14.93556,46.65694],[14.81583,46.79389],[14.71583,46.7525]]]}}, {"type":"Feature","id":188,"properties":{"_id":"691ae7827614098ca4d6150c","createdBy":"OPONcQnzWGOLiJSceNaf8pvx1fA2","createdAt":"2025-11-17T09:14:42.644Z","updatedBy":"OPONcQnzWGOLiJSceNaf8pvx1fA2","updatedAt":"2025-11-17T09:15:07.875Z","name":"TMA LOWL","dataIngestion":true,"type":7,"icaoClass":3,"activity":0,"onDemand":false,"onRequest":false,"byNotam":false,"specialAgreement":false,"requestCompliance":false,"country":"AT","upperLimit":{"value":195,"unit":6,"referenceDatum":2},"lowerLimit":{"value":2500,"unit":1,"referenceDatum":1},"hoursOfOperation":{"operatingHours":[{"dayOfWeek":0,"startTime":"00:00","endTime":"00:00","byNotam":false,"sunrise":false,"sunset":false,"publicHolidaysExcluded":false},{"dayOfWeek":1,"startTime":"00:00","endTime":"00:00","byNotam":false,"sunrise":false,"sunset":false,"publicHolidaysExcluded":false},{"dayOfWeek":2,"startTime":"00:00","endTime":"00:00","byNotam":false,"sunrise":false,"sunset":false,"publicHolidaysExcluded":false},{"dayOfWeek":3,"startTime":"00:00","endTime":"00:00","byNotam":false,"sunrise":false,"sunset":false,"publicHolidaysExcluded":false},{"dayOfWeek":4,"startTime":"00:00","endTime":"00:00","byNotam":false,"sunrise":false,"sunset":false,"publicHolidaysExcluded":false},{"dayOfWeek":5,"startTime":"00:00","endTime":"00:00","byNotam":false,"sunrise":false,"sunset":false,"publicHolidaysExcluded":false},{"dayOfWeek":6,"startTime":"00:00","endTime":"00:00","byNotam":false,"sunrise":false,"sunset":false,"publicHolidaysExcluded":false}]},"deletable":true},"geometry":{"type":"Polygon","coordinates":[[[13.73444,48.28667],[13.74444,48.13472],[13.74722,48.1],[14.07306,48.11222],[14.64417,48.13167],[14.63306,48.29778],[14.34083,48.28861],[14.23194,48.285],[14.21083,48.3025],[13.73444,48.28667]]]}}, {"type":"Feature","id":189,"properties":{"_id":"691ae7827614098ca4d6150f","createdBy":"OPONcQnzWGOLiJSceNaf8pvx1fA2","createdAt":"2025-11-17T09:14:42.655Z","updatedBy":"OPONcQnzWGOLiJSceNaf8pvx1fA2","updatedAt":"2025-11-17T09:15:09.476Z","name":"TMA LOWL","dataIngestion":true,"type":7,"icaoClass":3,"activity":0,"onDemand":false,"onRequest":false,"byNotam":false,"specialAgreement":false,"requestCompliance":false,"country":"AT","upperLimit":{"value":195,"unit":6,"referenceDatum":2},"lowerLimit":{"value":3500,"unit":1,"referenceDatum":1},"hoursOfOperation":{"operatingHours":[{"dayOfWeek":0,"startTime":"00:00","endTime":"00:00","byNotam":false,"sunrise":false,"sunset":false,"publicHolidaysExcluded":false},{"dayOfWeek":1,"startTime":"00:00","endTime":"00:00","byNotam":false,"sunrise":false,"sunset":false,"publicHolidaysExcluded":false},{"dayOfWeek":2,"startTime":"00:00","endTime":"00:00","byNotam":false,"sunrise":false,"sunset":false,"publicHolidaysExcluded":false},{"dayOfWeek":3,"startTime":"00:00","endTime":"00:00","byNotam":false,"sunrise":false,"sunset":false,"publicHolidaysExcluded":false},{"dayOfWeek":4,"startTime":"00:00","endTime":"00:00","byNotam":false,"sunrise":false,"sunset":false,"publicHolidaysExcluded":false},{"dayOfWeek":5,"startTime":"00:00","endTime":"00:00","byNotam":false,"sunrise":false,"sunset":false,"publicHolidaysExcluded":false},{"dayOfWeek":6,"startTime":"00:00","endTime":"00:00","byNotam":false,"sunrise":false,"sunset":false,"publicHolidaysExcluded":false}]},"deletable":true},"geometry":{"type":"Polygon","coordinates":[[[13.74722,48.1],[13.75194,48.03139],[14.07778,48.04361],[14.64889,48.06306],[14.64417,48.13167],[14.07306,48.11222],[13.74722,48.1]]]}}, {"type":"Feature","id":190,"properties":{"_id":"691ae7827614098ca4d61512","createdBy":"OPONcQnzWGOLiJSceNaf8pvx1fA2","createdAt":"2025-11-17T09:14:42.667Z","updatedBy":"OPONcQnzWGOLiJSceNaf8pvx1fA2","updatedAt":"2025-11-17T09:15:09.915Z","name":"TMA LOWL","dataIngestion":true,"type":7,"icaoClass":3,"activity":0,"onDemand":false,"onRequest":false,"byNotam":false,"specialAgreement":false,"requestCompliance":false,"country":"AT","upperLimit":{"value":195,"unit":6,"referenceDatum":2},"lowerLimit":{"value":4500,"unit":1,"referenceDatum":1},"hoursOfOperation":{"operatingHours":[{"dayOfWeek":0,"startTime":"00:00","endTime":"00:00","byNotam":false,"sunrise":false,"sunset":false,"publicHolidaysExcluded":false},{"dayOfWeek":1,"startTime":"00:00","endTime":"00:00","byNotam":false,"sunrise":false,"sunset":false,"publicHolidaysExcluded":false},{"dayOfWeek":2,"startTime":"00:00","endTime":"00:00","byNotam":false,"sunrise":false,"sunset":false,"publicHolidaysExcluded":false},{"dayOfWeek":3,"startTime":"00:00","endTime":"00:00","byNotam":false,"sunrise":false,"sunset":false,"publicHolidaysExcluded":false},{"dayOfWeek":4,"startTime":"00:00","endTime":"00:00","byNotam":false,"sunrise":false,"sunset":false,"publicHolidaysExcluded":false},{"dayOfWeek":5,"startTime":"00:00","endTime":"00:00","byNotam":false,"sunrise":false,"sunset":false,"publicHolidaysExcluded":false},{"dayOfWeek":6,"startTime":"00:00","endTime":"00:00","byNotam":false,"sunrise":false,"sunset":false,"publicHolidaysExcluded":false}]},"deletable":true},"geometry":{"type":"Polygon","coordinates":[[[13.73083,48.34056],[13.73444,48.28667],[14.21083,48.3025],[14.23194,48.285],[14.34083,48.28861],[14.63306,48.29778],[14.62722,48.36972],[14.09889,48.35389],[13.87,48.34583],[13.73083,48.34056]]]}}, {"type":"Feature","id":191,"properties":{"_id":"691ae7827614098ca4d61515","createdBy":"OPONcQnzWGOLiJSceNaf8pvx1fA2","createdAt":"2025-11-17T09:14:42.699Z","updatedBy":"OPONcQnzWGOLiJSceNaf8pvx1fA2","updatedAt":"2025-11-17T09:15:10.057Z","name":"TMA LOWL","dataIngestion":true,"type":7,"icaoClass":2,"activity":0,"onDemand":false,"onRequest":false,"byNotam":false,"specialAgreement":false,"requestCompliance":false,"country":"AT","upperLimit":{"value":245,"unit":6,"referenceDatum":2},"lowerLimit":{"value":195,"unit":6,"referenceDatum":2},"hoursOfOperation":{"operatingHours":[{"dayOfWeek":0,"startTime":"00:00","endTime":"00:00","byNotam":false,"sunrise":false,"sunset":false,"publicHolidaysExcluded":false},{"dayOfWeek":1,"startTime":"00:00","endTime":"00:00","byNotam":false,"sunrise":false,"sunset":false,"publicHolidaysExcluded":false},{"dayOfWeek":2,"startTime":"00:00","endTime":"00:00","byNotam":false,"sunrise":false,"sunset":false,"publicHolidaysExcluded":false},{"dayOfWeek":3,"startTime":"00:00","endTime":"00:00","byNotam":false,"sunrise":false,"sunset":false,"publicHolidaysExcluded":false},{"dayOfWeek":4,"startTime":"00:00","endTime":"00:00","byNotam":false,"sunrise":false,"sunset":false,"publicHolidaysExcluded":false},{"dayOfWeek":5,"startTime":"00:00","endTime":"00:00","byNotam":false,"sunrise":false,"sunset":false,"publicHolidaysExcluded":false},{"dayOfWeek":6,"startTime":"00:00","endTime":"00:00","byNotam":false,"sunrise":false,"sunset":false,"publicHolidaysExcluded":false}]},"deletable":true},"geometry":{"type":"Polygon","coordinates":[[[13.74722,48.1],[13.75194,48.03139],[14.07778,48.04361],[14.64889,48.06306],[14.64417,48.13167],[14.07306,48.11222],[13.74722,48.1]]]}}, {"type":"Feature","id":192,"properties":{"_id":"691ae7827614098ca4d61518","createdBy":"OPONcQnzWGOLiJSceNaf8pvx1fA2","createdAt":"2025-11-17T09:14:42.710Z","updatedBy":"OPONcQnzWGOLiJSceNaf8pvx1fA2","updatedAt":"2025-11-17T09:15:10.194Z","name":"TMA LOWL","dataIngestion":true,"type":7,"icaoClass":2,"activity":0,"onDemand":false,"onRequest":false,"byNotam":false,"specialAgreement":false,"requestCompliance":false,"country":"AT","upperLimit":{"value":245,"unit":6,"referenceDatum":2},"lowerLimit":{"value":195,"unit":6,"referenceDatum":2},"hoursOfOperation":{"operatingHours":[{"dayOfWeek":0,"startTime":"00:00","endTime":"00:00","byNotam":false,"sunrise":false,"sunset":false,"publicHolidaysExcluded":false},{"dayOfWeek":1,"startTime":"00:00","endTime":"00:00","byNotam":false,"sunrise":false,"sunset":false,"publicHolidaysExcluded":false},{"dayOfWeek":2,"startTime":"00:00","endTime":"00:00","byNotam":false,"sunrise":false,"sunset":false,"publicHolidaysExcluded":false},{"dayOfWeek":3,"startTime":"00:00","endTime":"00:00","byNotam":false,"sunrise":false,"sunset":false,"publicHolidaysExcluded":false},{"dayOfWeek":4,"startTime":"00:00","endTime":"00:00","byNotam":false,"sunrise":false,"sunset":false,"publicHolidaysExcluded":false},{"dayOfWeek":5,"startTime":"00:00","endTime":"00:00","byNotam":false,"sunrise":false,"sunset":false,"publicHolidaysExcluded":false},{"dayOfWeek":6,"startTime":"00:00","endTime":"00:00","byNotam":false,"sunrise":false,"sunset":false,"publicHolidaysExcluded":false}]},"deletable":true},"geometry":{"type":"Polygon","coordinates":[[[13.73444,48.28667],[13.74444,48.13472],[13.74722,48.1],[14.07306,48.11222],[14.64417,48.13167],[14.63306,48.29778],[14.34083,48.28861],[14.23194,48.285],[14.21083,48.3025],[13.73444,48.28667]]]}}, {"type":"Feature","id":193,"properties":{"_id":"691ae7827614098ca4d6151b","createdBy":"OPONcQnzWGOLiJSceNaf8pvx1fA2","createdAt":"2025-11-17T09:14:42.746Z","updatedBy":"OPONcQnzWGOLiJSceNaf8pvx1fA2","updatedAt":"2025-11-17T09:15:10.311Z","name":"TMA LOWL","dataIngestion":true,"type":7,"icaoClass":2,"activity":0,"onDemand":false,"onRequest":false,"byNotam":false,"specialAgreement":false,"requestCompliance":false,"country":"AT","upperLimit":{"value":245,"unit":6,"referenceDatum":2},"lowerLimit":{"value":195,"unit":6,"referenceDatum":2},"hoursOfOperation":{"operatingHours":[{"dayOfWeek":0,"startTime":"00:00","endTime":"00:00","byNotam":false,"sunrise":false,"sunset":false,"publicHolidaysExcluded":false},{"dayOfWeek":1,"startTime":"00:00","endTime":"00:00","byNotam":false,"sunrise":false,"sunset":false,"publicHolidaysExcluded":false},{"dayOfWeek":2,"startTime":"00:00","endTime":"00:00","byNotam":false,"sunrise":false,"sunset":false,"publicHolidaysExcluded":false},{"dayOfWeek":3,"startTime":"00:00","endTime":"00:00","byNotam":false,"sunrise":false,"sunset":false,"publicHolidaysExcluded":false},{"dayOfWeek":4,"startTime":"00:00","endTime":"00:00","byNotam":false,"sunrise":false,"sunset":false,"publicHolidaysExcluded":false},{"dayOfWeek":5,"startTime":"00:00","endTime":"00:00","byNotam":false,"sunrise":false,"sunset":false,"publicHolidaysExcluded":false},{"dayOfWeek":6,"startTime":"00:00","endTime":"00:00","byNotam":false,"sunrise":false,"sunset":false,"publicHolidaysExcluded":false}]},"deletable":true},"geometry":{"type":"Polygon","coordinates":[[[13.73083,48.34056],[13.73444,48.28667],[14.21083,48.3025],[14.23194,48.285],[14.34083,48.28861],[14.63306,48.29778],[14.62722,48.36972],[14.09889,48.35389],[13.87,48.34583],[13.73083,48.34056]]]}}, {"type":"Feature","id":194,"properties":{"_id":"691ae7827614098ca4d6151e","createdBy":"OPONcQnzWGOLiJSceNaf8pvx1fA2","createdAt":"2025-11-17T09:14:42.757Z","updatedBy":"OPONcQnzWGOLiJSceNaf8pvx1fA2","updatedAt":"2025-11-17T09:15:10.440Z","name":"TMA LOWS","dataIngestion":true,"type":7,"icaoClass":3,"activity":0,"onDemand":false,"onRequest":false,"byNotam":false,"specialAgreement":false,"requestCompliance":false,"country":"AT","upperLimit":{"value":195,"unit":6,"referenceDatum":2},"lowerLimit":{"value":3500,"unit":1,"referenceDatum":1},"hoursOfOperation":{"operatingHours":[{"dayOfWeek":0,"startTime":"00:00","endTime":"00:00","byNotam":false,"sunrise":false,"sunset":false,"publicHolidaysExcluded":false},{"dayOfWeek":1,"startTime":"00:00","endTime":"00:00","byNotam":false,"sunrise":false,"sunset":false,"publicHolidaysExcluded":false},{"dayOfWeek":2,"startTime":"00:00","endTime":"00:00","byNotam":false,"sunrise":false,"sunset":false,"publicHolidaysExcluded":false},{"dayOfWeek":3,"startTime":"00:00","endTime":"00:00","byNotam":false,"sunrise":false,"sunset":false,"publicHolidaysExcluded":false},{"dayOfWeek":4,"startTime":"00:00","endTime":"00:00","byNotam":false,"sunrise":false,"sunset":false,"publicHolidaysExcluded":false},{"dayOfWeek":5,"startTime":"00:00","endTime":"00:00","byNotam":false,"sunrise":false,"sunset":false,"publicHolidaysExcluded":false},{"dayOfWeek":6,"startTime":"00:00","endTime":"00:00","byNotam":false,"sunrise":false,"sunset":false,"publicHolidaysExcluded":false}]},"deletable":true},"geometry":{"type":"Polygon","coordinates":[[[13.16639,48.29139],[13.11333,48.27722],[13.08,48.27694],[13.055,48.26528],[13.00944,48.24972],[12.99444,48.23417],[12.94667,48.20694],[12.90167,48.20417],[12.87278,48.20222],[12.86028,48.18444],[12.84611,48.16639],[12.82556,48.1525],[12.79778,48.14],[12.785,48.12278],[12.75861,48.12667],[12.74917,48.10861],[12.75722,48.07806],[12.77778,48.06139],[12.81,48.0425],[12.845,48.02028],[12.86,47.99694],[12.89,47.95861],[12.92056,47.95139],[12.93889,47.93806],[12.94806,47.91972],[12.96528,47.90222],[12.98167,47.87694],[13.00139,47.85444],[12.99194,47.83389],[12.97694,47.81556],[12.96194,47.79778],[12.93833,47.78333],[12.93333,47.77611],[12.94222,47.77111],[12.94472,47.76444],[12.92861,47.74472],[12.90806,47.72972],[12.92194,47.71444],[12.97556,47.70778],[13.00222,47.71333],[13.01278,47.7225],[13.03083,47.71694],[13.05444,47.70472],[13.07417,47.69194],[13.08083,47.68694],[13.13556,47.61028],[13.23778,47.62083],[13.21,47.67028],[13.18278,47.71444],[13.15278,47.78389],[13.32444,47.80389],[13.3375,47.86222],[13.33167,47.87],[13.16667,48.08333],[13.16667,48.16722],[13.16639,48.29139]]]}}, {"type":"Feature","id":195,"properties":{"_id":"691ae7827614098ca4d61521","createdBy":"OPONcQnzWGOLiJSceNaf8pvx1fA2","createdAt":"2025-11-17T09:14:42.778Z","updatedBy":"OPONcQnzWGOLiJSceNaf8pvx1fA2","updatedAt":"2025-11-17T09:15:10.642Z","name":"TMA LOWS","dataIngestion":true,"type":7,"icaoClass":3,"activity":0,"onDemand":false,"onRequest":false,"byNotam":false,"specialAgreement":false,"requestCompliance":false,"country":"AT","upperLimit":{"value":195,"unit":6,"referenceDatum":2},"lowerLimit":{"value":5500,"unit":1,"referenceDatum":1},"hoursOfOperation":{"operatingHours":[{"dayOfWeek":0,"startTime":"00:00","endTime":"00:00","byNotam":false,"sunrise":false,"sunset":false,"publicHolidaysExcluded":false},{"dayOfWeek":1,"startTime":"00:00","endTime":"00:00","byNotam":false,"sunrise":false,"sunset":false,"publicHolidaysExcluded":false},{"dayOfWeek":2,"startTime":"00:00","endTime":"00:00","byNotam":false,"sunrise":false,"sunset":false,"publicHolidaysExcluded":false},{"dayOfWeek":3,"startTime":"00:00","endTime":"00:00","byNotam":false,"sunrise":false,"sunset":false,"publicHolidaysExcluded":false},{"dayOfWeek":4,"startTime":"00:00","endTime":"00:00","byNotam":false,"sunrise":false,"sunset":false,"publicHolidaysExcluded":false},{"dayOfWeek":5,"startTime":"00:00","endTime":"00:00","byNotam":false,"sunrise":false,"sunset":false,"publicHolidaysExcluded":false},{"dayOfWeek":6,"startTime":"00:00","endTime":"00:00","byNotam":false,"sunrise":false,"sunset":false,"publicHolidaysExcluded":false}]},"deletable":true},"geometry":{"type":"Polygon","coordinates":[[[13.23778,47.62083],[13.13556,47.61028],[13.13556,47.55639],[13.21972,47.55639],[13.30083,47.53917],[13.30333,47.58972],[13.23778,47.62083]]]}}, {"type":"Feature","id":196,"properties":{"_id":"691ae7827614098ca4d61524","createdBy":"OPONcQnzWGOLiJSceNaf8pvx1fA2","createdAt":"2025-11-17T09:14:42.791Z","updatedBy":"OPONcQnzWGOLiJSceNaf8pvx1fA2","updatedAt":"2025-11-17T09:15:11.399Z","name":"TMA LOWS","dataIngestion":true,"type":7,"icaoClass":3,"activity":0,"onDemand":false,"onRequest":false,"byNotam":false,"specialAgreement":false,"requestCompliance":false,"country":"AT","upperLimit":{"value":195,"unit":6,"referenceDatum":2},"lowerLimit":{"value":6500,"unit":1,"referenceDatum":1},"hoursOfOperation":{"operatingHours":[{"dayOfWeek":0,"startTime":"00:00","endTime":"00:00","byNotam":false,"sunrise":false,"sunset":false,"publicHolidaysExcluded":false},{"dayOfWeek":1,"startTime":"00:00","endTime":"00:00","byNotam":false,"sunrise":false,"sunset":false,"publicHolidaysExcluded":false},{"dayOfWeek":2,"startTime":"00:00","endTime":"00:00","byNotam":false,"sunrise":false,"sunset":false,"publicHolidaysExcluded":false},{"dayOfWeek":3,"startTime":"00:00","endTime":"00:00","byNotam":false,"sunrise":false,"sunset":false,"publicHolidaysExcluded":false},{"dayOfWeek":4,"startTime":"00:00","endTime":"00:00","byNotam":false,"sunrise":false,"sunset":false,"publicHolidaysExcluded":false},{"dayOfWeek":5,"startTime":"00:00","endTime":"00:00","byNotam":false,"sunrise":false,"sunset":false,"publicHolidaysExcluded":false},{"dayOfWeek":6,"startTime":"00:00","endTime":"00:00","byNotam":false,"sunrise":false,"sunset":false,"publicHolidaysExcluded":false}]},"deletable":true},"geometry":{"type":"Polygon","coordinates":[[[13.16667,48.16722],[13.16667,48.08333],[13.33167,47.87],[13.5,47.87056],[13.5,47.93694],[13.3675,48.16722],[13.16667,48.16722]]]}}, {"type":"Feature","id":197,"properties":{"_id":"691ae7827614098ca4d61527","createdBy":"OPONcQnzWGOLiJSceNaf8pvx1fA2","createdAt":"2025-11-17T09:14:42.806Z","updatedBy":"OPONcQnzWGOLiJSceNaf8pvx1fA2","updatedAt":"2025-11-17T09:15:11.508Z","name":"TMA LOWS","dataIngestion":true,"type":7,"icaoClass":3,"activity":0,"onDemand":false,"onRequest":false,"byNotam":false,"specialAgreement":false,"requestCompliance":false,"country":"AT","upperLimit":{"value":195,"unit":6,"referenceDatum":2},"lowerLimit":{"value":7000,"unit":1,"referenceDatum":1},"hoursOfOperation":{"operatingHours":[{"dayOfWeek":0,"startTime":"00:00","endTime":"00:00","byNotam":false,"sunrise":false,"sunset":false,"publicHolidaysExcluded":false},{"dayOfWeek":1,"startTime":"00:00","endTime":"00:00","byNotam":false,"sunrise":false,"sunset":false,"publicHolidaysExcluded":false},{"dayOfWeek":2,"startTime":"00:00","endTime":"00:00","byNotam":false,"sunrise":false,"sunset":false,"publicHolidaysExcluded":false},{"dayOfWeek":3,"startTime":"00:00","endTime":"00:00","byNotam":false,"sunrise":false,"sunset":false,"publicHolidaysExcluded":false},{"dayOfWeek":4,"startTime":"00:00","endTime":"00:00","byNotam":false,"sunrise":false,"sunset":false,"publicHolidaysExcluded":false},{"dayOfWeek":5,"startTime":"00:00","endTime":"00:00","byNotam":false,"sunrise":false,"sunset":false,"publicHolidaysExcluded":false},{"dayOfWeek":6,"startTime":"00:00","endTime":"00:00","byNotam":false,"sunrise":false,"sunset":false,"publicHolidaysExcluded":false}]},"deletable":true},"geometry":{"type":"Polygon","coordinates":[[[13.13556,47.55639],[13.14028,47.48056],[13.18972,47.48056],[13.18889,47.51667],[13.20167,47.55639],[13.13556,47.55639]]]}}, {"type":"Feature","id":198,"properties":{"_id":"691ae7827614098ca4d6152a","createdBy":"OPONcQnzWGOLiJSceNaf8pvx1fA2","createdAt":"2025-11-17T09:14:42.816Z","updatedBy":"OPONcQnzWGOLiJSceNaf8pvx1fA2","updatedAt":"2025-11-17T09:15:12.007Z","name":"TMA LOWS","dataIngestion":true,"type":7,"icaoClass":3,"activity":0,"onDemand":false,"onRequest":false,"byNotam":false,"specialAgreement":false,"requestCompliance":false,"country":"AT","upperLimit":{"value":195,"unit":6,"referenceDatum":2},"lowerLimit":{"value":7500,"unit":1,"referenceDatum":1},"hoursOfOperation":{"operatingHours":[{"dayOfWeek":0,"startTime":"00:00","endTime":"00:00","byNotam":false,"sunrise":false,"sunset":false,"publicHolidaysExcluded":false},{"dayOfWeek":1,"startTime":"00:00","endTime":"00:00","byNotam":false,"sunrise":false,"sunset":false,"publicHolidaysExcluded":false},{"dayOfWeek":2,"startTime":"00:00","endTime":"00:00","byNotam":false,"sunrise":false,"sunset":false,"publicHolidaysExcluded":false},{"dayOfWeek":3,"startTime":"00:00","endTime":"00:00","byNotam":false,"sunrise":false,"sunset":false,"publicHolidaysExcluded":false},{"dayOfWeek":4,"startTime":"00:00","endTime":"00:00","byNotam":false,"sunrise":false,"sunset":false,"publicHolidaysExcluded":false},{"dayOfWeek":5,"startTime":"00:00","endTime":"00:00","byNotam":false,"sunrise":false,"sunset":false,"publicHolidaysExcluded":false},{"dayOfWeek":6,"startTime":"00:00","endTime":"00:00","byNotam":false,"sunrise":false,"sunset":false,"publicHolidaysExcluded":false}]},"deletable":true},"geometry":{"type":"Polygon","coordinates":[[[13.15278,47.78389],[13.18278,47.71444],[13.21,47.67028],[13.35472,47.70861],[13.3125,47.75],[13.31778,47.77444],[13.32444,47.80389],[13.15278,47.78389]]]}}, {"type":"Feature","id":199,"properties":{"_id":"691ae7827614098ca4d6152d","createdBy":"OPONcQnzWGOLiJSceNaf8pvx1fA2","createdAt":"2025-11-17T09:14:42.828Z","updatedBy":"OPONcQnzWGOLiJSceNaf8pvx1fA2","updatedAt":"2025-11-17T09:15:12.161Z","name":"TMA LOWS","dataIngestion":true,"type":7,"icaoClass":3,"activity":0,"onDemand":false,"onRequest":false,"byNotam":false,"specialAgreement":false,"requestCompliance":false,"country":"AT","upperLimit":{"value":195,"unit":6,"referenceDatum":2},"lowerLimit":{"value":8000,"unit":1,"referenceDatum":1},"hoursOfOperation":{"operatingHours":[{"dayOfWeek":0,"startTime":"00:00","endTime":"00:00","byNotam":false,"sunrise":false,"sunset":false,"publicHolidaysExcluded":false},{"dayOfWeek":1,"startTime":"00:00","endTime":"00:00","byNotam":false,"sunrise":false,"sunset":false,"publicHolidaysExcluded":false},{"dayOfWeek":2,"startTime":"00:00","endTime":"00:00","byNotam":false,"sunrise":false,"sunset":false,"publicHolidaysExcluded":false},{"dayOfWeek":3,"startTime":"00:00","endTime":"00:00","byNotam":false,"sunrise":false,"sunset":false,"publicHolidaysExcluded":false},{"dayOfWeek":4,"startTime":"00:00","endTime":"00:00","byNotam":false,"sunrise":false,"sunset":false,"publicHolidaysExcluded":false},{"dayOfWeek":5,"startTime":"00:00","endTime":"00:00","byNotam":false,"sunrise":false,"sunset":false,"publicHolidaysExcluded":false},{"dayOfWeek":6,"startTime":"00:00","endTime":"00:00","byNotam":false,"sunrise":false,"sunset":false,"publicHolidaysExcluded":false}]},"deletable":true},"geometry":{"type":"Polygon","coordinates":[[[13.30333,47.58972],[13.30083,47.53917],[13.38611,47.52111],[13.40444,47.54833],[13.38944,47.57306],[13.34028,47.59083],[13.30333,47.58972]]]}}, {"type":"Feature","id":200,"properties":{"_id":"691ae7827614098ca4d61530","createdBy":"OPONcQnzWGOLiJSceNaf8pvx1fA2","createdAt":"2025-11-17T09:14:42.839Z","updatedBy":"OPONcQnzWGOLiJSceNaf8pvx1fA2","updatedAt":"2025-11-17T09:15:12.897Z","name":"TMA LOWS","dataIngestion":true,"type":7,"icaoClass":3,"activity":0,"onDemand":false,"onRequest":false,"byNotam":false,"specialAgreement":false,"requestCompliance":false,"country":"AT","upperLimit":{"value":195,"unit":6,"referenceDatum":2},"lowerLimit":{"value":9000,"unit":1,"referenceDatum":1},"hoursOfOperation":{"operatingHours":[{"dayOfWeek":0,"startTime":"00:00","endTime":"00:00","byNotam":false,"sunrise":false,"sunset":false,"publicHolidaysExcluded":false},{"dayOfWeek":1,"startTime":"00:00","endTime":"00:00","byNotam":false,"sunrise":false,"sunset":false,"publicHolidaysExcluded":false},{"dayOfWeek":2,"startTime":"00:00","endTime":"00:00","byNotam":false,"sunrise":false,"sunset":false,"publicHolidaysExcluded":false},{"dayOfWeek":3,"startTime":"00:00","endTime":"00:00","byNotam":false,"sunrise":false,"sunset":false,"publicHolidaysExcluded":false},{"dayOfWeek":4,"startTime":"00:00","endTime":"00:00","byNotam":false,"sunrise":false,"sunset":false,"publicHolidaysExcluded":false},{"dayOfWeek":5,"startTime":"00:00","endTime":"00:00","byNotam":false,"sunrise":false,"sunset":false,"publicHolidaysExcluded":false},{"dayOfWeek":6,"startTime":"00:00","endTime":"00:00","byNotam":false,"sunrise":false,"sunset":false,"publicHolidaysExcluded":false}]},"deletable":true},"geometry":{"type":"Polygon","coordinates":[[[13.14028,47.48056],[13.14167,47.43667],[13.19111,47.43667],[13.18972,47.48056],[13.14028,47.48056]]]}}, {"type":"Feature","id":201,"properties":{"_id":"691ae7827614098ca4d61533","createdBy":"OPONcQnzWGOLiJSceNaf8pvx1fA2","createdAt":"2025-11-17T09:14:42.851Z","updatedBy":"OPONcQnzWGOLiJSceNaf8pvx1fA2","updatedAt":"2025-11-17T09:15:13.020Z","name":"TMA LOWS","dataIngestion":true,"type":7,"icaoClass":3,"activity":0,"onDemand":false,"onRequest":false,"byNotam":false,"specialAgreement":false,"requestCompliance":false,"country":"AT","upperLimit":{"value":195,"unit":6,"referenceDatum":2},"lowerLimit":{"value":10000,"unit":1,"referenceDatum":1},"hoursOfOperation":{"operatingHours":[{"dayOfWeek":0,"startTime":"00:00","endTime":"00:00","byNotam":false,"sunrise":false,"sunset":false,"publicHolidaysExcluded":false},{"dayOfWeek":1,"startTime":"00:00","endTime":"00:00","byNotam":false,"sunrise":false,"sunset":false,"publicHolidaysExcluded":false},{"dayOfWeek":2,"startTime":"00:00","endTime":"00:00","byNotam":false,"sunrise":false,"sunset":false,"publicHolidaysExcluded":false},{"dayOfWeek":3,"startTime":"00:00","endTime":"00:00","byNotam":false,"sunrise":false,"sunset":false,"publicHolidaysExcluded":false},{"dayOfWeek":4,"startTime":"00:00","endTime":"00:00","byNotam":false,"sunrise":false,"sunset":false,"publicHolidaysExcluded":false},{"dayOfWeek":5,"startTime":"00:00","endTime":"00:00","byNotam":false,"sunrise":false,"sunset":false,"publicHolidaysExcluded":false},{"dayOfWeek":6,"startTime":"00:00","endTime":"00:00","byNotam":false,"sunrise":false,"sunset":false,"publicHolidaysExcluded":false}]},"deletable":true},"geometry":{"type":"Polygon","coordinates":[[[13.35472,47.70861],[13.21,47.67028],[13.23778,47.62083],[13.30333,47.58972],[13.34028,47.59083],[13.38944,47.57306],[13.40444,47.54833],[13.38611,47.52111],[13.44,47.52611],[13.405,47.66361],[13.35472,47.70861]]]}}, {"type":"Feature","id":202,"properties":{"_id":"691ae7827614098ca4d61536","createdBy":"OPONcQnzWGOLiJSceNaf8pvx1fA2","createdAt":"2025-11-17T09:14:42.867Z","updatedBy":"OPONcQnzWGOLiJSceNaf8pvx1fA2","updatedAt":"2025-11-17T09:15:13.137Z","name":"TMA LOWS","dataIngestion":true,"type":7,"icaoClass":3,"activity":0,"onDemand":false,"onRequest":false,"byNotam":false,"specialAgreement":false,"requestCompliance":false,"country":"AT","upperLimit":{"value":195,"unit":6,"referenceDatum":2},"lowerLimit":{"value":10000,"unit":1,"referenceDatum":1},"hoursOfOperation":{"operatingHours":[{"dayOfWeek":0,"startTime":"00:00","endTime":"00:00","byNotam":false,"sunrise":false,"sunset":false,"publicHolidaysExcluded":false},{"dayOfWeek":1,"startTime":"00:00","endTime":"00:00","byNotam":false,"sunrise":false,"sunset":false,"publicHolidaysExcluded":false},{"dayOfWeek":2,"startTime":"00:00","endTime":"00:00","byNotam":false,"sunrise":false,"sunset":false,"publicHolidaysExcluded":false},{"dayOfWeek":3,"startTime":"00:00","endTime":"00:00","byNotam":false,"sunrise":false,"sunset":false,"publicHolidaysExcluded":false},{"dayOfWeek":4,"startTime":"00:00","endTime":"00:00","byNotam":false,"sunrise":false,"sunset":false,"publicHolidaysExcluded":false},{"dayOfWeek":5,"startTime":"00:00","endTime":"00:00","byNotam":false,"sunrise":false,"sunset":false,"publicHolidaysExcluded":false},{"dayOfWeek":6,"startTime":"00:00","endTime":"00:00","byNotam":false,"sunrise":false,"sunset":false,"publicHolidaysExcluded":false}]},"deletable":true},"geometry":{"type":"Polygon","coordinates":[[[13.14167,47.43667],[13.14361,47.36806],[13.19306,47.36806],[13.19111,47.43667],[13.14167,47.43667]]]}}, {"type":"Feature","id":203,"properties":{"_id":"691ae7827614098ca4d61539","createdBy":"OPONcQnzWGOLiJSceNaf8pvx1fA2","createdAt":"2025-11-17T09:14:42.878Z","updatedBy":"OPONcQnzWGOLiJSceNaf8pvx1fA2","updatedAt":"2025-11-17T09:15:13.239Z","name":"TMA LOWS","dataIngestion":true,"type":7,"icaoClass":2,"activity":0,"onDemand":false,"onRequest":false,"byNotam":false,"specialAgreement":false,"requestCompliance":false,"country":"AT","upperLimit":{"value":245,"unit":6,"referenceDatum":2},"lowerLimit":{"value":195,"unit":6,"referenceDatum":2},"hoursOfOperation":{"operatingHours":[{"dayOfWeek":0,"startTime":"00:00","endTime":"00:00","byNotam":false,"sunrise":false,"sunset":false,"publicHolidaysExcluded":false},{"dayOfWeek":1,"startTime":"00:00","endTime":"00:00","byNotam":false,"sunrise":false,"sunset":false,"publicHolidaysExcluded":false},{"dayOfWeek":2,"startTime":"00:00","endTime":"00:00","byNotam":false,"sunrise":false,"sunset":false,"publicHolidaysExcluded":false},{"dayOfWeek":3,"startTime":"00:00","endTime":"00:00","byNotam":false,"sunrise":false,"sunset":false,"publicHolidaysExcluded":false},{"dayOfWeek":4,"startTime":"00:00","endTime":"00:00","byNotam":false,"sunrise":false,"sunset":false,"publicHolidaysExcluded":false},{"dayOfWeek":5,"startTime":"00:00","endTime":"00:00","byNotam":false,"sunrise":false,"sunset":false,"publicHolidaysExcluded":false},{"dayOfWeek":6,"startTime":"00:00","endTime":"00:00","byNotam":false,"sunrise":false,"sunset":false,"publicHolidaysExcluded":false}]},"deletable":true},"geometry":{"type":"Polygon","coordinates":[[[13.13556,47.55639],[13.14028,47.48056],[13.18972,47.48056],[13.18889,47.51667],[13.20167,47.55639],[13.13556,47.55639]]]}}, {"type":"Feature","id":204,"properties":{"_id":"691ae7827614098ca4d6153c","createdBy":"OPONcQnzWGOLiJSceNaf8pvx1fA2","createdAt":"2025-11-17T09:14:42.888Z","updatedBy":"OPONcQnzWGOLiJSceNaf8pvx1fA2","updatedAt":"2025-11-17T09:15:13.364Z","name":"TMA LOWS","dataIngestion":true,"type":7,"icaoClass":2,"activity":0,"onDemand":false,"onRequest":false,"byNotam":false,"specialAgreement":false,"requestCompliance":false,"country":"AT","upperLimit":{"value":245,"unit":6,"referenceDatum":2},"lowerLimit":{"value":195,"unit":6,"referenceDatum":2},"hoursOfOperation":{"operatingHours":[{"dayOfWeek":0,"startTime":"00:00","endTime":"00:00","byNotam":false,"sunrise":false,"sunset":false,"publicHolidaysExcluded":false},{"dayOfWeek":1,"startTime":"00:00","endTime":"00:00","byNotam":false,"sunrise":false,"sunset":false,"publicHolidaysExcluded":false},{"dayOfWeek":2,"startTime":"00:00","endTime":"00:00","byNotam":false,"sunrise":false,"sunset":false,"publicHolidaysExcluded":false},{"dayOfWeek":3,"startTime":"00:00","endTime":"00:00","byNotam":false,"sunrise":false,"sunset":false,"publicHolidaysExcluded":false},{"dayOfWeek":4,"startTime":"00:00","endTime":"00:00","byNotam":false,"sunrise":false,"sunset":false,"publicHolidaysExcluded":false},{"dayOfWeek":5,"startTime":"00:00","endTime":"00:00","byNotam":false,"sunrise":false,"sunset":false,"publicHolidaysExcluded":false},{"dayOfWeek":6,"startTime":"00:00","endTime":"00:00","byNotam":false,"sunrise":false,"sunset":false,"publicHolidaysExcluded":false}]},"deletable":true},"geometry":{"type":"Polygon","coordinates":[[[13.14167,47.43667],[13.14361,47.36806],[13.19306,47.36806],[13.19111,47.43667],[13.14167,47.43667]]]}}, {"type":"Feature","id":205,"properties":{"_id":"691ae7827614098ca4d6153f","createdBy":"OPONcQnzWGOLiJSceNaf8pvx1fA2","createdAt":"2025-11-17T09:14:42.899Z","updatedBy":"OPONcQnzWGOLiJSceNaf8pvx1fA2","updatedAt":"2025-11-17T09:15:13.480Z","name":"TMA LOWS","dataIngestion":true,"type":7,"icaoClass":2,"activity":0,"onDemand":false,"onRequest":false,"byNotam":false,"specialAgreement":false,"requestCompliance":false,"country":"AT","upperLimit":{"value":245,"unit":6,"referenceDatum":2},"lowerLimit":{"value":195,"unit":6,"referenceDatum":2},"hoursOfOperation":{"operatingHours":[{"dayOfWeek":0,"startTime":"00:00","endTime":"00:00","byNotam":false,"sunrise":false,"sunset":false,"publicHolidaysExcluded":false},{"dayOfWeek":1,"startTime":"00:00","endTime":"00:00","byNotam":false,"sunrise":false,"sunset":false,"publicHolidaysExcluded":false},{"dayOfWeek":2,"startTime":"00:00","endTime":"00:00","byNotam":false,"sunrise":false,"sunset":false,"publicHolidaysExcluded":false},{"dayOfWeek":3,"startTime":"00:00","endTime":"00:00","byNotam":false,"sunrise":false,"sunset":false,"publicHolidaysExcluded":false},{"dayOfWeek":4,"startTime":"00:00","endTime":"00:00","byNotam":false,"sunrise":false,"sunset":false,"publicHolidaysExcluded":false},{"dayOfWeek":5,"startTime":"00:00","endTime":"00:00","byNotam":false,"sunrise":false,"sunset":false,"publicHolidaysExcluded":false},{"dayOfWeek":6,"startTime":"00:00","endTime":"00:00","byNotam":false,"sunrise":false,"sunset":false,"publicHolidaysExcluded":false}]},"deletable":true},"geometry":{"type":"Polygon","coordinates":[[[13.15278,47.78389],[13.18278,47.71444],[13.21,47.67028],[13.35472,47.70861],[13.3125,47.75],[13.31778,47.77444],[13.32444,47.80389],[13.15278,47.78389]]]}}, {"type":"Feature","id":206,"properties":{"_id":"691ae7827614098ca4d61542","createdBy":"OPONcQnzWGOLiJSceNaf8pvx1fA2","createdAt":"2025-11-17T09:14:42.909Z","updatedBy":"OPONcQnzWGOLiJSceNaf8pvx1fA2","updatedAt":"2025-11-17T09:15:13.584Z","name":"TMA LOWS","dataIngestion":true,"type":7,"icaoClass":2,"activity":0,"onDemand":false,"onRequest":false,"byNotam":false,"specialAgreement":false,"requestCompliance":false,"country":"AT","upperLimit":{"value":245,"unit":6,"referenceDatum":2},"lowerLimit":{"value":195,"unit":6,"referenceDatum":2},"hoursOfOperation":{"operatingHours":[{"dayOfWeek":0,"startTime":"00:00","endTime":"00:00","byNotam":false,"sunrise":false,"sunset":false,"publicHolidaysExcluded":false},{"dayOfWeek":1,"startTime":"00:00","endTime":"00:00","byNotam":false,"sunrise":false,"sunset":false,"publicHolidaysExcluded":false},{"dayOfWeek":2,"startTime":"00:00","endTime":"00:00","byNotam":false,"sunrise":false,"sunset":false,"publicHolidaysExcluded":false},{"dayOfWeek":3,"startTime":"00:00","endTime":"00:00","byNotam":false,"sunrise":false,"sunset":false,"publicHolidaysExcluded":false},{"dayOfWeek":4,"startTime":"00:00","endTime":"00:00","byNotam":false,"sunrise":false,"sunset":false,"publicHolidaysExcluded":false},{"dayOfWeek":5,"startTime":"00:00","endTime":"00:00","byNotam":false,"sunrise":false,"sunset":false,"publicHolidaysExcluded":false},{"dayOfWeek":6,"startTime":"00:00","endTime":"00:00","byNotam":false,"sunrise":false,"sunset":false,"publicHolidaysExcluded":false}]},"deletable":true},"geometry":{"type":"Polygon","coordinates":[[[13.23778,47.62083],[13.13556,47.61028],[13.13556,47.55639],[13.21972,47.55639],[13.30083,47.53917],[13.30333,47.58972],[13.23778,47.62083]]]}}, {"type":"Feature","id":207,"properties":{"_id":"691ae7827614098ca4d61545","createdBy":"OPONcQnzWGOLiJSceNaf8pvx1fA2","createdAt":"2025-11-17T09:14:42.923Z","updatedBy":"OPONcQnzWGOLiJSceNaf8pvx1fA2","updatedAt":"2025-11-17T09:15:13.702Z","name":"TMA LOWS","dataIngestion":true,"type":7,"icaoClass":2,"activity":0,"onDemand":false,"onRequest":false,"byNotam":false,"specialAgreement":false,"requestCompliance":false,"country":"AT","upperLimit":{"value":245,"unit":6,"referenceDatum":2},"lowerLimit":{"value":195,"unit":6,"referenceDatum":2},"hoursOfOperation":{"operatingHours":[{"dayOfWeek":0,"startTime":"00:00","endTime":"00:00","byNotam":false,"sunrise":false,"sunset":false,"publicHolidaysExcluded":false},{"dayOfWeek":1,"startTime":"00:00","endTime":"00:00","byNotam":false,"sunrise":false,"sunset":false,"publicHolidaysExcluded":false},{"dayOfWeek":2,"startTime":"00:00","endTime":"00:00","byNotam":false,"sunrise":false,"sunset":false,"publicHolidaysExcluded":false},{"dayOfWeek":3,"startTime":"00:00","endTime":"00:00","byNotam":false,"sunrise":false,"sunset":false,"publicHolidaysExcluded":false},{"dayOfWeek":4,"startTime":"00:00","endTime":"00:00","byNotam":false,"sunrise":false,"sunset":false,"publicHolidaysExcluded":false},{"dayOfWeek":5,"startTime":"00:00","endTime":"00:00","byNotam":false,"sunrise":false,"sunset":false,"publicHolidaysExcluded":false},{"dayOfWeek":6,"startTime":"00:00","endTime":"00:00","byNotam":false,"sunrise":false,"sunset":false,"publicHolidaysExcluded":false}]},"deletable":true},"geometry":{"type":"Polygon","coordinates":[[[13.16639,48.29139],[13.11333,48.27722],[13.08,48.27694],[13.055,48.26528],[13.00944,48.24972],[12.99444,48.23417],[12.94667,48.20694],[12.90167,48.20417],[12.87278,48.20222],[12.86028,48.18444],[12.84611,48.16639],[12.82556,48.1525],[12.79778,48.14],[12.785,48.12278],[12.75861,48.12667],[12.74917,48.10861],[12.75722,48.07806],[12.77778,48.06139],[12.81,48.0425],[12.845,48.02028],[12.86,47.99694],[12.89,47.95861],[12.92056,47.95139],[12.93889,47.93806],[12.94806,47.91972],[12.96528,47.90222],[12.98167,47.87694],[13.00139,47.85444],[12.99194,47.83389],[12.97694,47.81556],[12.96194,47.79778],[12.93833,47.78333],[12.93333,47.77611],[12.94222,47.77111],[12.94472,47.76444],[12.92861,47.74472],[12.90806,47.72972],[12.92194,47.71444],[12.97556,47.70778],[13.00222,47.71333],[13.01278,47.7225],[13.03083,47.71694],[13.05444,47.70472],[13.07417,47.69194],[13.08083,47.68694],[13.13556,47.61028],[13.23778,47.62083],[13.21,47.67028],[13.18278,47.71444],[13.15278,47.78389],[13.32444,47.80389],[13.3375,47.86222],[13.33167,47.87],[13.16667,48.08333],[13.16667,48.16722],[13.16639,48.29139]]]}}, {"type":"Feature","id":208,"properties":{"_id":"691ae7827614098ca4d61548","createdBy":"OPONcQnzWGOLiJSceNaf8pvx1fA2","createdAt":"2025-11-17T09:14:42.938Z","updatedBy":"OPONcQnzWGOLiJSceNaf8pvx1fA2","updatedAt":"2025-11-17T09:15:13.837Z","name":"TMA LOWS","dataIngestion":true,"type":7,"icaoClass":2,"activity":0,"onDemand":false,"onRequest":false,"byNotam":false,"specialAgreement":false,"requestCompliance":false,"country":"AT","upperLimit":{"value":245,"unit":6,"referenceDatum":2},"lowerLimit":{"value":195,"unit":6,"referenceDatum":2},"hoursOfOperation":{"operatingHours":[{"dayOfWeek":0,"startTime":"00:00","endTime":"00:00","byNotam":false,"sunrise":false,"sunset":false,"publicHolidaysExcluded":false},{"dayOfWeek":1,"startTime":"00:00","endTime":"00:00","byNotam":false,"sunrise":false,"sunset":false,"publicHolidaysExcluded":false},{"dayOfWeek":2,"startTime":"00:00","endTime":"00:00","byNotam":false,"sunrise":false,"sunset":false,"publicHolidaysExcluded":false},{"dayOfWeek":3,"startTime":"00:00","endTime":"00:00","byNotam":false,"sunrise":false,"sunset":false,"publicHolidaysExcluded":false},{"dayOfWeek":4,"startTime":"00:00","endTime":"00:00","byNotam":false,"sunrise":false,"sunset":false,"publicHolidaysExcluded":false},{"dayOfWeek":5,"startTime":"00:00","endTime":"00:00","byNotam":false,"sunrise":false,"sunset":false,"publicHolidaysExcluded":false},{"dayOfWeek":6,"startTime":"00:00","endTime":"00:00","byNotam":false,"sunrise":false,"sunset":false,"publicHolidaysExcluded":false}]},"deletable":true},"geometry":{"type":"Polygon","coordinates":[[[13.16667,48.16722],[13.16667,48.08333],[13.33167,47.87],[13.5,47.87056],[13.5,47.93694],[13.3675,48.16722],[13.16667,48.16722]]]}}, {"type":"Feature","id":209,"properties":{"_id":"691ae7827614098ca4d6154b","createdBy":"OPONcQnzWGOLiJSceNaf8pvx1fA2","createdAt":"2025-11-17T09:14:42.950Z","updatedBy":"OPONcQnzWGOLiJSceNaf8pvx1fA2","updatedAt":"2025-11-17T09:15:13.942Z","name":"TMA LOWS","dataIngestion":true,"type":7,"icaoClass":2,"activity":0,"onDemand":false,"onRequest":false,"byNotam":false,"specialAgreement":false,"requestCompliance":false,"country":"AT","upperLimit":{"value":245,"unit":6,"referenceDatum":2},"lowerLimit":{"value":195,"unit":6,"referenceDatum":2},"hoursOfOperation":{"operatingHours":[{"dayOfWeek":0,"startTime":"00:00","endTime":"00:00","byNotam":false,"sunrise":false,"sunset":false,"publicHolidaysExcluded":false},{"dayOfWeek":1,"startTime":"00:00","endTime":"00:00","byNotam":false,"sunrise":false,"sunset":false,"publicHolidaysExcluded":false},{"dayOfWeek":2,"startTime":"00:00","endTime":"00:00","byNotam":false,"sunrise":false,"sunset":false,"publicHolidaysExcluded":false},{"dayOfWeek":3,"startTime":"00:00","endTime":"00:00","byNotam":false,"sunrise":false,"sunset":false,"publicHolidaysExcluded":false},{"dayOfWeek":4,"startTime":"00:00","endTime":"00:00","byNotam":false,"sunrise":false,"sunset":false,"publicHolidaysExcluded":false},{"dayOfWeek":5,"startTime":"00:00","endTime":"00:00","byNotam":false,"sunrise":false,"sunset":false,"publicHolidaysExcluded":false},{"dayOfWeek":6,"startTime":"00:00","endTime":"00:00","byNotam":false,"sunrise":false,"sunset":false,"publicHolidaysExcluded":false}]},"deletable":true},"geometry":{"type":"Polygon","coordinates":[[[13.35472,47.70861],[13.21,47.67028],[13.23778,47.62083],[13.30333,47.58972],[13.34028,47.59083],[13.38944,47.57306],[13.40444,47.54833],[13.38611,47.52111],[13.44,47.52611],[13.405,47.66361],[13.35472,47.70861]]]}}, {"type":"Feature","id":210,"properties":{"_id":"691ae7827614098ca4d6154e","createdBy":"OPONcQnzWGOLiJSceNaf8pvx1fA2","createdAt":"2025-11-17T09:14:42.964Z","updatedBy":"OPONcQnzWGOLiJSceNaf8pvx1fA2","updatedAt":"2025-11-17T09:15:14.056Z","name":"TMA LOWS","dataIngestion":true,"type":7,"icaoClass":2,"activity":0,"onDemand":false,"onRequest":false,"byNotam":false,"specialAgreement":false,"requestCompliance":false,"country":"AT","upperLimit":{"value":245,"unit":6,"referenceDatum":2},"lowerLimit":{"value":195,"unit":6,"referenceDatum":2},"hoursOfOperation":{"operatingHours":[{"dayOfWeek":0,"startTime":"00:00","endTime":"00:00","byNotam":false,"sunrise":false,"sunset":false,"publicHolidaysExcluded":false},{"dayOfWeek":1,"startTime":"00:00","endTime":"00:00","byNotam":false,"sunrise":false,"sunset":false,"publicHolidaysExcluded":false},{"dayOfWeek":2,"startTime":"00:00","endTime":"00:00","byNotam":false,"sunrise":false,"sunset":false,"publicHolidaysExcluded":false},{"dayOfWeek":3,"startTime":"00:00","endTime":"00:00","byNotam":false,"sunrise":false,"sunset":false,"publicHolidaysExcluded":false},{"dayOfWeek":4,"startTime":"00:00","endTime":"00:00","byNotam":false,"sunrise":false,"sunset":false,"publicHolidaysExcluded":false},{"dayOfWeek":5,"startTime":"00:00","endTime":"00:00","byNotam":false,"sunrise":false,"sunset":false,"publicHolidaysExcluded":false},{"dayOfWeek":6,"startTime":"00:00","endTime":"00:00","byNotam":false,"sunrise":false,"sunset":false,"publicHolidaysExcluded":false}]},"deletable":true},"geometry":{"type":"Polygon","coordinates":[[[13.30333,47.58972],[13.30083,47.53917],[13.38611,47.52111],[13.40444,47.54833],[13.38944,47.57306],[13.34028,47.59083],[13.30333,47.58972]]]}}, {"type":"Feature","id":211,"properties":{"_id":"691ae7827614098ca4d61551","createdBy":"OPONcQnzWGOLiJSceNaf8pvx1fA2","createdAt":"2025-11-17T09:14:42.978Z","updatedBy":"OPONcQnzWGOLiJSceNaf8pvx1fA2","updatedAt":"2025-11-17T09:15:14.182Z","name":"TMA LOWS","dataIngestion":true,"type":7,"icaoClass":2,"activity":0,"onDemand":false,"onRequest":false,"byNotam":false,"specialAgreement":false,"requestCompliance":false,"country":"AT","upperLimit":{"value":245,"unit":6,"referenceDatum":2},"lowerLimit":{"value":195,"unit":6,"referenceDatum":2},"hoursOfOperation":{"operatingHours":[{"dayOfWeek":0,"startTime":"00:00","endTime":"00:00","byNotam":false,"sunrise":false,"sunset":false,"publicHolidaysExcluded":false},{"dayOfWeek":1,"startTime":"00:00","endTime":"00:00","byNotam":false,"sunrise":false,"sunset":false,"publicHolidaysExcluded":false},{"dayOfWeek":2,"startTime":"00:00","endTime":"00:00","byNotam":false,"sunrise":false,"sunset":false,"publicHolidaysExcluded":false},{"dayOfWeek":3,"startTime":"00:00","endTime":"00:00","byNotam":false,"sunrise":false,"sunset":false,"publicHolidaysExcluded":false},{"dayOfWeek":4,"startTime":"00:00","endTime":"00:00","byNotam":false,"sunrise":false,"sunset":false,"publicHolidaysExcluded":false},{"dayOfWeek":5,"startTime":"00:00","endTime":"00:00","byNotam":false,"sunrise":false,"sunset":false,"publicHolidaysExcluded":false},{"dayOfWeek":6,"startTime":"00:00","endTime":"00:00","byNotam":false,"sunrise":false,"sunset":false,"publicHolidaysExcluded":false}]},"deletable":true},"geometry":{"type":"Polygon","coordinates":[[[13.14028,47.48056],[13.14167,47.43667],[13.19111,47.43667],[13.18972,47.48056],[13.14028,47.48056]]]}}, {"type":"Feature","id":212,"properties":{"_id":"691ae7827614098ca4d61554","createdBy":"OPONcQnzWGOLiJSceNaf8pvx1fA2","createdAt":"2025-11-17T09:14:42.991Z","updatedBy":"OPONcQnzWGOLiJSceNaf8pvx1fA2","updatedAt":"2025-11-17T09:15:14.295Z","name":"TMA LOWW","dataIngestion":true,"type":7,"icaoClass":3,"activity":0,"onDemand":false,"onRequest":false,"byNotam":false,"specialAgreement":false,"requestCompliance":false,"country":"AT","upperLimit":{"value":2500,"unit":1,"referenceDatum":1},"lowerLimit":{"value":2000,"unit":1,"referenceDatum":1},"hoursOfOperation":{"operatingHours":[{"dayOfWeek":0,"startTime":"00:00","endTime":"00:00","byNotam":false,"sunrise":false,"sunset":false,"publicHolidaysExcluded":false},{"dayOfWeek":1,"startTime":"00:00","endTime":"00:00","byNotam":false,"sunrise":false,"sunset":false,"publicHolidaysExcluded":false},{"dayOfWeek":2,"startTime":"00:00","endTime":"00:00","byNotam":false,"sunrise":false,"sunset":false,"publicHolidaysExcluded":false},{"dayOfWeek":3,"startTime":"00:00","endTime":"00:00","byNotam":false,"sunrise":false,"sunset":false,"publicHolidaysExcluded":false},{"dayOfWeek":4,"startTime":"00:00","endTime":"00:00","byNotam":false,"sunrise":false,"sunset":false,"publicHolidaysExcluded":false},{"dayOfWeek":5,"startTime":"00:00","endTime":"00:00","byNotam":false,"sunrise":false,"sunset":false,"publicHolidaysExcluded":false},{"dayOfWeek":6,"startTime":"00:00","endTime":"00:00","byNotam":false,"sunrise":false,"sunset":false,"publicHolidaysExcluded":false}]},"deletable":true},"geometry":{"type":"Polygon","coordinates":[[[16.60306,48.30611],[16.84083,48.07778],[16.76528,47.97444],[16.56194,47.85944],[16.78111,47.90083],[16.90472,48.07028],[16.65,48.31472],[16.60306,48.30611]]]}}, {"type":"Feature","id":213,"properties":{"_id":"691ae7837614098ca4d61557","createdBy":"OPONcQnzWGOLiJSceNaf8pvx1fA2","createdAt":"2025-11-17T09:14:43.014Z","updatedBy":"OPONcQnzWGOLiJSceNaf8pvx1fA2","updatedAt":"2025-11-17T09:15:14.419Z","name":"TMA LOWW","dataIngestion":true,"type":7,"icaoClass":3,"activity":0,"onDemand":false,"onRequest":false,"byNotam":false,"specialAgreement":false,"requestCompliance":false,"country":"AT","upperLimit":{"value":4500,"unit":1,"referenceDatum":1},"lowerLimit":{"value":2500,"unit":1,"referenceDatum":1},"hoursOfOperation":{"operatingHours":[{"dayOfWeek":0,"startTime":"00:00","endTime":"00:00","byNotam":false,"sunrise":false,"sunset":false,"publicHolidaysExcluded":false},{"dayOfWeek":1,"startTime":"00:00","endTime":"00:00","byNotam":false,"sunrise":false,"sunset":false,"publicHolidaysExcluded":false},{"dayOfWeek":2,"startTime":"00:00","endTime":"00:00","byNotam":false,"sunrise":false,"sunset":false,"publicHolidaysExcluded":false},{"dayOfWeek":3,"startTime":"00:00","endTime":"00:00","byNotam":false,"sunrise":false,"sunset":false,"publicHolidaysExcluded":false},{"dayOfWeek":4,"startTime":"00:00","endTime":"00:00","byNotam":false,"sunrise":false,"sunset":false,"publicHolidaysExcluded":false},{"dayOfWeek":5,"startTime":"00:00","endTime":"00:00","byNotam":false,"sunrise":false,"sunset":false,"publicHolidaysExcluded":false},{"dayOfWeek":6,"startTime":"00:00","endTime":"00:00","byNotam":false,"sunrise":false,"sunset":false,"publicHolidaysExcluded":false}]},"deletable":true},"geometry":{"type":"Polygon","coordinates":[[[16.87528,48.46944],[16.54889,48.40889],[16.36528,48.37417],[16.37472,48.31222],[16.38333,48.28333],[16.29444,48.27222],[16.21667,48.15833],[16.26472,48.14278],[16.56194,47.85944],[16.58306,47.755],[16.5925,47.75917],[16.62278,47.75722],[16.64528,47.74556],[16.67167,47.74056],[16.72139,47.7225],[16.74889,47.68139],[16.83222,47.68806],[16.84111,47.70583],[16.86889,47.72139],[16.87528,47.68833],[16.91278,47.68778],[16.97639,47.69444],[17.04056,47.70444],[17.09306,47.70833],[17.07083,47.73167],[17.06833,47.75722],[17.05361,47.7975],[17.05972,47.82],[17.05167,47.83778],[17.01778,47.86833],[17.04861,47.87194],[17.08528,47.87444],[17.1025,47.91083],[17.11278,47.92722],[17.09083,47.93444],[17.10278,47.94528],[17.11694,47.96083],[17.11333,47.98028],[17.13417,47.99389],[17.16083,48.00667],[17.13889,48.02167],[17.11333,48.03],[17.08944,48.02056],[17.07417,48.03639],[17.06833,48.05528],[17.07444,48.07306],[17.09306,48.09139],[17.07917,48.10778],[17.06778,48.12694],[17.05722,48.14361],[17.02861,48.14056],[17.00889,48.15528],[16.98444,48.16778],[16.97667,48.18556],[16.96694,48.20528],[16.95806,48.22611],[16.94833,48.24556],[16.95667,48.26417],[16.9275,48.27111],[16.91056,48.28556],[16.90639,48.29083],[16.89833,48.30528],[16.90917,48.32389],[16.88639,48.33361],[16.8675,48.34778],[16.84278,48.35611],[16.83778,48.37472],[16.85083,48.39111],[16.85056,48.41028],[16.85417,48.43056],[16.85361,48.45139],[16.87278,48.46667],[16.87528,48.46944]]]}}, {"type":"Feature","id":214,"properties":{"_id":"691ae7837614098ca4d6155a","createdBy":"OPONcQnzWGOLiJSceNaf8pvx1fA2","createdAt":"2025-11-17T09:14:43.031Z","updatedBy":"OPONcQnzWGOLiJSceNaf8pvx1fA2","updatedAt":"2025-11-17T09:15:14.542Z","name":"TMA LOWW","dataIngestion":true,"type":7,"icaoClass":3,"activity":0,"onDemand":false,"onRequest":false,"byNotam":false,"specialAgreement":false,"requestCompliance":false,"country":"AT","upperLimit":{"value":4500,"unit":1,"referenceDatum":1},"lowerLimit":{"value":3500,"unit":1,"referenceDatum":1},"hoursOfOperation":{"operatingHours":[{"dayOfWeek":0,"startTime":"00:00","endTime":"00:00","byNotam":false,"sunrise":false,"sunset":false,"publicHolidaysExcluded":false},{"dayOfWeek":1,"startTime":"00:00","endTime":"00:00","byNotam":false,"sunrise":false,"sunset":false,"publicHolidaysExcluded":false},{"dayOfWeek":2,"startTime":"00:00","endTime":"00:00","byNotam":false,"sunrise":false,"sunset":false,"publicHolidaysExcluded":false},{"dayOfWeek":3,"startTime":"00:00","endTime":"00:00","byNotam":false,"sunrise":false,"sunset":false,"publicHolidaysExcluded":false},{"dayOfWeek":4,"startTime":"00:00","endTime":"00:00","byNotam":false,"sunrise":false,"sunset":false,"publicHolidaysExcluded":false},{"dayOfWeek":5,"startTime":"00:00","endTime":"00:00","byNotam":false,"sunrise":false,"sunset":false,"publicHolidaysExcluded":false},{"dayOfWeek":6,"startTime":"00:00","endTime":"00:00","byNotam":false,"sunrise":false,"sunset":false,"publicHolidaysExcluded":false}]},"deletable":true},"geometry":{"type":"Polygon","coordinates":[[[16.17167,48.38861],[16.13,48.33472],[16.06639,48.24528],[16.00667,48.15889],[16.07667,48.12944],[16.11556,48.11333],[16.16861,47.91306],[16.24417,47.86028],[16.23361,47.80889],[16.42306,47.66639],[16.435,47.67028],[16.46028,47.68389],[16.48444,47.69139],[16.50528,47.70444],[16.53083,47.71083],[16.55222,47.7225],[16.5375,47.74],[16.56639,47.75167],[16.58306,47.755],[16.56194,47.85944],[16.26472,48.14278],[16.21667,48.15833],[16.29444,48.27222],[16.38333,48.28333],[16.37472,48.31222],[16.36528,48.37417],[16.54889,48.40889],[16.87528,48.46944],[16.89083,48.48167],[16.91472,48.49444],[16.91583,48.51306],[16.94111,48.52083],[16.94972,48.53528],[16.63111,48.47611],[16.52833,48.45667],[16.17167,48.38861]]]}}, {"type":"Feature","id":215,"properties":{"_id":"691ae7837614098ca4d6155d","createdBy":"OPONcQnzWGOLiJSceNaf8pvx1fA2","createdAt":"2025-11-17T09:14:43.044Z","updatedBy":"OPONcQnzWGOLiJSceNaf8pvx1fA2","updatedAt":"2025-11-17T09:15:14.699Z","name":"TMA LOWW","dataIngestion":true,"type":7,"icaoClass":2,"activity":0,"onDemand":false,"onRequest":false,"byNotam":false,"specialAgreement":false,"requestCompliance":false,"country":"AT","upperLimit":{"value":245,"unit":6,"referenceDatum":2},"lowerLimit":{"value":4500,"unit":1,"referenceDatum":1},"hoursOfOperation":{"operatingHours":[{"dayOfWeek":0,"startTime":"00:00","endTime":"00:00","byNotam":false,"sunrise":false,"sunset":false,"publicHolidaysExcluded":false},{"dayOfWeek":1,"startTime":"00:00","endTime":"00:00","byNotam":false,"sunrise":false,"sunset":false,"publicHolidaysExcluded":false},{"dayOfWeek":2,"startTime":"00:00","endTime":"00:00","byNotam":false,"sunrise":false,"sunset":false,"publicHolidaysExcluded":false},{"dayOfWeek":3,"startTime":"00:00","endTime":"00:00","byNotam":false,"sunrise":false,"sunset":false,"publicHolidaysExcluded":false},{"dayOfWeek":4,"startTime":"00:00","endTime":"00:00","byNotam":false,"sunrise":false,"sunset":false,"publicHolidaysExcluded":false},{"dayOfWeek":5,"startTime":"00:00","endTime":"00:00","byNotam":false,"sunrise":false,"sunset":false,"publicHolidaysExcluded":false},{"dayOfWeek":6,"startTime":"00:00","endTime":"00:00","byNotam":false,"sunrise":false,"sunset":false,"publicHolidaysExcluded":false}]},"deletable":true},"geometry":{"type":"Polygon","coordinates":[[[16.87528,48.46944],[16.54889,48.40889],[16.36528,48.37417],[16.37472,48.31222],[16.38333,48.28333],[16.29444,48.27222],[16.21667,48.15833],[16.26472,48.14278],[16.56194,47.85944],[16.58306,47.755],[16.5925,47.75917],[16.62278,47.75722],[16.64528,47.74556],[16.67167,47.74056],[16.72139,47.7225],[16.74889,47.68139],[16.83222,47.68806],[16.84111,47.70583],[16.86889,47.72139],[16.87528,47.68833],[16.91278,47.68778],[16.97639,47.69444],[17.04056,47.70444],[17.09306,47.70833],[17.07083,47.73167],[17.06833,47.75722],[17.05361,47.7975],[17.05972,47.82],[17.05167,47.83778],[17.01778,47.86833],[17.04861,47.87194],[17.08528,47.87444],[17.1025,47.91083],[17.11278,47.92722],[17.09083,47.93444],[17.10278,47.94528],[17.11694,47.96083],[17.11333,47.98028],[17.13417,47.99389],[17.16083,48.00667],[17.13889,48.02167],[17.11333,48.03],[17.08944,48.02056],[17.07417,48.03639],[17.06833,48.05528],[17.07444,48.07306],[17.09306,48.09139],[17.07917,48.10778],[17.06778,48.12694],[17.05722,48.14361],[17.02861,48.14056],[17.00889,48.15528],[16.98444,48.16778],[16.97667,48.18556],[16.96694,48.20528],[16.95806,48.22611],[16.94833,48.24556],[16.95667,48.26417],[16.9275,48.27111],[16.91056,48.28556],[16.90639,48.29083],[16.89833,48.30528],[16.90917,48.32389],[16.88639,48.33361],[16.8675,48.34778],[16.84278,48.35611],[16.83778,48.37472],[16.85083,48.39111],[16.85056,48.41028],[16.85417,48.43056],[16.85361,48.45139],[16.87278,48.46667],[16.87528,48.46944]]]}}, {"type":"Feature","id":216,"properties":{"_id":"691ae7837614098ca4d61560","createdBy":"OPONcQnzWGOLiJSceNaf8pvx1fA2","createdAt":"2025-11-17T09:14:43.060Z","updatedBy":"OPONcQnzWGOLiJSceNaf8pvx1fA2","updatedAt":"2025-11-17T09:15:14.819Z","name":"TMA LOWW","dataIngestion":true,"type":7,"icaoClass":2,"activity":0,"onDemand":false,"onRequest":false,"byNotam":false,"specialAgreement":false,"requestCompliance":false,"country":"AT","upperLimit":{"value":245,"unit":6,"referenceDatum":2},"lowerLimit":{"value":4500,"unit":1,"referenceDatum":1},"hoursOfOperation":{"operatingHours":[{"dayOfWeek":0,"startTime":"00:00","endTime":"00:00","byNotam":false,"sunrise":false,"sunset":false,"publicHolidaysExcluded":false},{"dayOfWeek":1,"startTime":"00:00","endTime":"00:00","byNotam":false,"sunrise":false,"sunset":false,"publicHolidaysExcluded":false},{"dayOfWeek":2,"startTime":"00:00","endTime":"00:00","byNotam":false,"sunrise":false,"sunset":false,"publicHolidaysExcluded":false},{"dayOfWeek":3,"startTime":"00:00","endTime":"00:00","byNotam":false,"sunrise":false,"sunset":false,"publicHolidaysExcluded":false},{"dayOfWeek":4,"startTime":"00:00","endTime":"00:00","byNotam":false,"sunrise":false,"sunset":false,"publicHolidaysExcluded":false},{"dayOfWeek":5,"startTime":"00:00","endTime":"00:00","byNotam":false,"sunrise":false,"sunset":false,"publicHolidaysExcluded":false},{"dayOfWeek":6,"startTime":"00:00","endTime":"00:00","byNotam":false,"sunrise":false,"sunset":false,"publicHolidaysExcluded":false}]},"deletable":true},"geometry":{"type":"Polygon","coordinates":[[[16.17167,48.38861],[16.13,48.33472],[16.06639,48.24528],[16.00667,48.15889],[16.07667,48.12944],[16.11556,48.11333],[16.16861,47.91306],[16.24417,47.86028],[16.23361,47.80889],[16.42306,47.66639],[16.435,47.67028],[16.46028,47.68389],[16.48444,47.69139],[16.50528,47.70444],[16.53083,47.71083],[16.55222,47.7225],[16.5375,47.74],[16.56639,47.75167],[16.58306,47.755],[16.56194,47.85944],[16.26472,48.14278],[16.21667,48.15833],[16.29444,48.27222],[16.38333,48.28333],[16.37472,48.31222],[16.36528,48.37417],[16.54889,48.40889],[16.87528,48.46944],[16.89083,48.48167],[16.91472,48.49444],[16.91583,48.51306],[16.94111,48.52083],[16.94972,48.53528],[16.63111,48.47611],[16.52833,48.45667],[16.17167,48.38861]]]}}, {"type":"Feature","id":217,"properties":{"_id":"691ae7837614098ca4d61563","createdBy":"OPONcQnzWGOLiJSceNaf8pvx1fA2","createdAt":"2025-11-17T09:14:43.072Z","updatedBy":"OPONcQnzWGOLiJSceNaf8pvx1fA2","updatedAt":"2025-11-17T09:15:14.927Z","name":"TMA LOWW","dataIngestion":true,"type":7,"icaoClass":2,"activity":0,"onDemand":false,"onRequest":false,"byNotam":false,"specialAgreement":false,"requestCompliance":false,"country":"AT","upperLimit":{"value":245,"unit":6,"referenceDatum":2},"lowerLimit":{"value":4500,"unit":1,"referenceDatum":1},"hoursOfOperation":{"operatingHours":[{"dayOfWeek":0,"startTime":"00:00","endTime":"00:00","byNotam":false,"sunrise":false,"sunset":false,"publicHolidaysExcluded":false},{"dayOfWeek":1,"startTime":"00:00","endTime":"00:00","byNotam":false,"sunrise":false,"sunset":false,"publicHolidaysExcluded":false},{"dayOfWeek":2,"startTime":"00:00","endTime":"00:00","byNotam":false,"sunrise":false,"sunset":false,"publicHolidaysExcluded":false},{"dayOfWeek":3,"startTime":"00:00","endTime":"00:00","byNotam":false,"sunrise":false,"sunset":false,"publicHolidaysExcluded":false},{"dayOfWeek":4,"startTime":"00:00","endTime":"00:00","byNotam":false,"sunrise":false,"sunset":false,"publicHolidaysExcluded":false},{"dayOfWeek":5,"startTime":"00:00","endTime":"00:00","byNotam":false,"sunrise":false,"sunset":false,"publicHolidaysExcluded":false},{"dayOfWeek":6,"startTime":"00:00","endTime":"00:00","byNotam":false,"sunrise":false,"sunset":false,"publicHolidaysExcluded":false}]},"deletable":true},"geometry":{"type":"Polygon","coordinates":[[[16.94972,48.53528],[16.5625,48.58444],[16.26361,48.52778],[16.0475,48.48611],[15.94306,48.33917],[15.85139,48.21222],[16.16861,47.91306],[16.11556,48.11333],[16.07667,48.12944],[16.00667,48.15889],[16.06639,48.24528],[16.13,48.33472],[16.17167,48.38861],[16.52833,48.45667],[16.63111,48.47611],[16.94972,48.53528]]]}}, {"type":"Feature","id":218,"properties":{"_id":"691ae7837614098ca4d61566","createdBy":"OPONcQnzWGOLiJSceNaf8pvx1fA2","createdAt":"2025-11-17T09:14:43.086Z","updatedBy":"OPONcQnzWGOLiJSceNaf8pvx1fA2","updatedAt":"2025-11-17T09:15:15.053Z","name":"TMA LOWW","dataIngestion":true,"type":7,"icaoClass":2,"activity":0,"onDemand":false,"onRequest":false,"byNotam":false,"specialAgreement":false,"requestCompliance":false,"country":"AT","upperLimit":{"value":245,"unit":6,"referenceDatum":2},"lowerLimit":{"value":5500,"unit":1,"referenceDatum":1},"hoursOfOperation":{"operatingHours":[{"dayOfWeek":0,"startTime":"00:00","endTime":"00:00","byNotam":false,"sunrise":false,"sunset":false,"publicHolidaysExcluded":false},{"dayOfWeek":1,"startTime":"00:00","endTime":"00:00","byNotam":false,"sunrise":false,"sunset":false,"publicHolidaysExcluded":false},{"dayOfWeek":2,"startTime":"00:00","endTime":"00:00","byNotam":false,"sunrise":false,"sunset":false,"publicHolidaysExcluded":false},{"dayOfWeek":3,"startTime":"00:00","endTime":"00:00","byNotam":false,"sunrise":false,"sunset":false,"publicHolidaysExcluded":false},{"dayOfWeek":4,"startTime":"00:00","endTime":"00:00","byNotam":false,"sunrise":false,"sunset":false,"publicHolidaysExcluded":false},{"dayOfWeek":5,"startTime":"00:00","endTime":"00:00","byNotam":false,"sunrise":false,"sunset":false,"publicHolidaysExcluded":false},{"dayOfWeek":6,"startTime":"00:00","endTime":"00:00","byNotam":false,"sunrise":false,"sunset":false,"publicHolidaysExcluded":false}]},"deletable":true},"geometry":{"type":"Polygon","coordinates":[[[16.58306,47.42],[16.59944,47.42472],[16.62194,47.43444],[16.64333,47.44556],[16.66083,47.46333],[16.66361,47.48139],[16.6625,47.50889],[16.68944,47.51028],[16.70528,47.52639],[16.69778,47.54583],[16.66833,47.56444],[16.67472,47.58222],[16.66306,47.60556],[16.65278,47.6225],[16.61889,47.62611],[16.59,47.6175],[16.56056,47.62694],[16.53556,47.63889],[16.50278,47.64028],[16.47917,47.65],[16.45139,47.65583],[16.42306,47.66639],[16.23361,47.80889],[16.20167,47.65361],[16.4075,47.45611],[16.58306,47.42]]]}}, {"type":"Feature","id":219,"properties":{"_id":"691ae7837614098ca4d61569","createdBy":"OPONcQnzWGOLiJSceNaf8pvx1fA2","createdAt":"2025-11-17T09:14:43.098Z","updatedBy":"OPONcQnzWGOLiJSceNaf8pvx1fA2","updatedAt":"2025-11-17T09:15:15.184Z","name":"TMA LOWW","dataIngestion":true,"type":7,"icaoClass":2,"activity":0,"onDemand":false,"onRequest":false,"byNotam":false,"specialAgreement":false,"requestCompliance":false,"country":"AT","upperLimit":{"value":245,"unit":6,"referenceDatum":2},"lowerLimit":{"value":6500,"unit":1,"referenceDatum":1},"hoursOfOperation":{"operatingHours":[{"dayOfWeek":0,"startTime":"00:00","endTime":"00:00","byNotam":false,"sunrise":false,"sunset":false,"publicHolidaysExcluded":false},{"dayOfWeek":1,"startTime":"00:00","endTime":"00:00","byNotam":false,"sunrise":false,"sunset":false,"publicHolidaysExcluded":false},{"dayOfWeek":2,"startTime":"00:00","endTime":"00:00","byNotam":false,"sunrise":false,"sunset":false,"publicHolidaysExcluded":false},{"dayOfWeek":3,"startTime":"00:00","endTime":"00:00","byNotam":false,"sunrise":false,"sunset":false,"publicHolidaysExcluded":false},{"dayOfWeek":4,"startTime":"00:00","endTime":"00:00","byNotam":false,"sunrise":false,"sunset":false,"publicHolidaysExcluded":false},{"dayOfWeek":5,"startTime":"00:00","endTime":"00:00","byNotam":false,"sunrise":false,"sunset":false,"publicHolidaysExcluded":false},{"dayOfWeek":6,"startTime":"00:00","endTime":"00:00","byNotam":false,"sunrise":false,"sunset":false,"publicHolidaysExcluded":false}]},"deletable":true},"geometry":{"type":"Polygon","coordinates":[[[16.23722,48.73972],[15.87639,48.67],[15.57361,48.24472],[16.10028,47.75],[16.20167,47.65361],[16.24417,47.86028],[16.16861,47.91306],[15.85139,48.21222],[15.94306,48.33917],[16.0475,48.48611],[16.26361,48.52778],[16.5625,48.58444],[16.94972,48.53528],[16.95056,48.53806],[16.94472,48.55722],[16.93611,48.57556],[16.93583,48.595],[16.94028,48.61667],[16.92083,48.6475],[16.92361,48.66694],[16.91611,48.68444],[16.91611,48.7025],[16.90139,48.71806],[16.87389,48.71583],[16.84389,48.71222],[16.81667,48.71056],[16.78361,48.71278],[16.75611,48.71944],[16.73583,48.73194],[16.70667,48.73806],[16.68306,48.72833],[16.68111,48.75028],[16.66667,48.77389],[16.64444,48.78611],[16.61194,48.78083],[16.5575,48.80139],[16.52889,48.80389],[16.50056,48.80111],[16.45167,48.80111],[16.44,48.78417],[16.43472,48.76556],[16.4125,48.75167],[16.39028,48.73917],[16.36694,48.72806],[16.34944,48.74222],[16.32694,48.73167],[16.29611,48.73833],[16.26833,48.74167],[16.23722,48.73972]]]}}, {"type":"Feature","id":220,"properties":{"_id":"691ae7837614098ca4d6156c","createdBy":"OPONcQnzWGOLiJSceNaf8pvx1fA2","createdAt":"2025-11-17T09:14:43.112Z","updatedBy":"OPONcQnzWGOLiJSceNaf8pvx1fA2","updatedAt":"2025-11-17T09:15:15.298Z","name":"TMA LOWW","dataIngestion":true,"type":7,"icaoClass":2,"activity":0,"onDemand":false,"onRequest":false,"byNotam":false,"specialAgreement":false,"requestCompliance":false,"country":"AT","upperLimit":{"value":245,"unit":6,"referenceDatum":2},"lowerLimit":{"value":6500,"unit":1,"referenceDatum":1},"hoursOfOperation":{"operatingHours":[{"dayOfWeek":0,"startTime":"00:00","endTime":"00:00","byNotam":false,"sunrise":false,"sunset":false,"publicHolidaysExcluded":false},{"dayOfWeek":1,"startTime":"00:00","endTime":"00:00","byNotam":false,"sunrise":false,"sunset":false,"publicHolidaysExcluded":false},{"dayOfWeek":2,"startTime":"00:00","endTime":"00:00","byNotam":false,"sunrise":false,"sunset":false,"publicHolidaysExcluded":false},{"dayOfWeek":3,"startTime":"00:00","endTime":"00:00","byNotam":false,"sunrise":false,"sunset":false,"publicHolidaysExcluded":false},{"dayOfWeek":4,"startTime":"00:00","endTime":"00:00","byNotam":false,"sunrise":false,"sunset":false,"publicHolidaysExcluded":false},{"dayOfWeek":5,"startTime":"00:00","endTime":"00:00","byNotam":false,"sunrise":false,"sunset":false,"publicHolidaysExcluded":false},{"dayOfWeek":6,"startTime":"00:00","endTime":"00:00","byNotam":false,"sunrise":false,"sunset":false,"publicHolidaysExcluded":false}]},"deletable":true},"geometry":{"type":"Polygon","coordinates":[[[16.4425,47.23694],[16.44278,47.23361],[16.45417,47.25361],[16.47861,47.26278],[16.4875,47.28361],[16.47889,47.30139],[16.46861,47.325],[16.45056,47.33861],[16.44361,47.35611],[16.45667,47.37222],[16.45056,47.39306],[16.45806,47.41306],[16.485,47.40861],[16.50361,47.39333],[16.51806,47.41],[16.54889,47.40528],[16.57444,47.41222],[16.58306,47.42],[16.4075,47.45611],[16.20167,47.65361],[16.10028,47.75],[16.05028,47.50278],[16.10472,47.45111],[16.26833,47.29389],[16.4425,47.23694]]]}}, {"type":"Feature","id":221,"properties":{"_id":"691ae7837614098ca4d6156f","createdBy":"OPONcQnzWGOLiJSceNaf8pvx1fA2","createdAt":"2025-11-17T09:14:43.131Z","updatedBy":"OPONcQnzWGOLiJSceNaf8pvx1fA2","updatedAt":"2025-11-17T09:15:15.443Z","name":"TMA LOWW","dataIngestion":true,"type":7,"icaoClass":2,"activity":0,"onDemand":false,"onRequest":false,"byNotam":false,"specialAgreement":false,"requestCompliance":false,"country":"AT","upperLimit":{"value":245,"unit":6,"referenceDatum":2},"lowerLimit":{"value":8500,"unit":1,"referenceDatum":1},"hoursOfOperation":{"operatingHours":[{"dayOfWeek":0,"startTime":"00:00","endTime":"00:00","byNotam":false,"sunrise":false,"sunset":false,"publicHolidaysExcluded":false},{"dayOfWeek":1,"startTime":"00:00","endTime":"00:00","byNotam":false,"sunrise":false,"sunset":false,"publicHolidaysExcluded":false},{"dayOfWeek":2,"startTime":"00:00","endTime":"00:00","byNotam":false,"sunrise":false,"sunset":false,"publicHolidaysExcluded":false},{"dayOfWeek":3,"startTime":"00:00","endTime":"00:00","byNotam":false,"sunrise":false,"sunset":false,"publicHolidaysExcluded":false},{"dayOfWeek":4,"startTime":"00:00","endTime":"00:00","byNotam":false,"sunrise":false,"sunset":false,"publicHolidaysExcluded":false},{"dayOfWeek":5,"startTime":"00:00","endTime":"00:00","byNotam":false,"sunrise":false,"sunset":false,"publicHolidaysExcluded":false},{"dayOfWeek":6,"startTime":"00:00","endTime":"00:00","byNotam":false,"sunrise":false,"sunset":false,"publicHolidaysExcluded":false}]},"deletable":true},"geometry":{"type":"Polygon","coordinates":[[[16.23722,48.73972],[16.20694,48.74278],[16.17278,48.74667],[16.13889,48.74556],[16.11167,48.74583],[16.08222,48.74944],[16.0525,48.76139],[16.025,48.77083],[15.99972,48.77778],[15.98556,48.78694],[15.72472,48.73389],[15.40778,48.28639],[15.38639,48.12667],[15.65944,47.87389],[16.05028,47.50278],[16.10028,47.75],[15.57361,48.24472],[15.87639,48.67],[16.23722,48.73972]]]}}, {"type":"Feature","id":222,"properties":{"_id":"697f78b0dd0418de208f0bf3","createdBy":"eBT9qSrxquPVguazo7MwJzzaf2p1","createdAt":"2026-02-01T16:00:48.892Z","updatedBy":"eBT9qSrxquPVguazo7MwJzzaf2p1","updatedAt":"2026-02-01T16:13:53.984Z","name":"TRA BRAVO","dataIngestion":false,"type":8,"icaoClass":8,"activity":1,"onDemand":true,"onRequest":false,"byNotam":false,"specialAgreement":false,"requestCompliance":false,"country":"AT","upperLimit":{"value":165,"unit":6,"referenceDatum":2},"lowerLimit":{"value":125,"unit":6,"referenceDatum":2},"activeFrom":"2026-02-19T00:01:00.000Z","hoursOfOperation":{"operatingHours":[{"dayOfWeek":0,"startTime":"00:00","endTime":"00:00","byNotam":false,"sunrise":false,"sunset":false,"publicHolidaysExcluded":false},{"dayOfWeek":1,"startTime":"00:00","endTime":"00:00","byNotam":false,"sunrise":false,"sunset":false,"publicHolidaysExcluded":false},{"dayOfWeek":2,"startTime":"00:00","endTime":"00:00","byNotam":false,"sunrise":false,"sunset":false,"publicHolidaysExcluded":false},{"dayOfWeek":3,"startTime":"00:00","endTime":"00:00","byNotam":false,"sunrise":false,"sunset":false,"publicHolidaysExcluded":false},{"dayOfWeek":4,"startTime":"00:00","endTime":"00:00","byNotam":false,"sunrise":false,"sunset":false,"publicHolidaysExcluded":false},{"dayOfWeek":5,"startTime":"00:00","endTime":"00:00","byNotam":false,"sunrise":false,"sunset":false,"publicHolidaysExcluded":false},{"dayOfWeek":6,"startTime":"00:00","endTime":"00:00","byNotam":false,"sunrise":false,"sunset":false,"publicHolidaysExcluded":false}]},"deletable":true},"geometry":{"type":"Polygon","coordinates":[[[14.00722,47.53718],[14.0018,47.53707],[13.99371,47.53647],[13.98575,47.53535],[13.98054,47.53433],[13.97544,47.53309],[13.96802,47.53082],[13.96327,47.52906],[13.95648,47.52604],[13.95013,47.5226],[13.94618,47.52009],[13.94072,47.51603],[13.93584,47.51163],[13.93294,47.50854],[13.92914,47.50368],[13.92604,47.49861],[13.92437,47.49512],[13.92248,47.48978],[13.92164,47.48616],[13.92101,47.48069],[13.92101,47.47703],[13.92166,47.47155],[13.92251,47.46794],[13.92442,47.4626],[13.9261,47.45912],[13.9281,47.45571],[13.93168,47.45078],[13.93444,47.44763],[13.93911,47.44314],[13.94439,47.43897],[13.95023,47.43515],[13.95657,47.43172],[13.96105,47.42966],[13.96571,47.4278],[13.97053,47.42614],[13.9755,47.42469],[13.9806,47.42345],[13.98843,47.422],[13.99374,47.42131],[13.99911,47.42085],[14.00722,47.4206],[14.01263,47.42071],[14.01802,47.42106],[14.02336,47.42163],[14.02865,47.42243],[14.03385,47.42345],[14.03894,47.42469],[14.04391,47.42614],[14.04873,47.4278],[14.05339,47.42966],[14.05787,47.43172],[14.06421,47.43515],[14.06816,47.43765],[14.07187,47.44032],[14.07533,47.44314],[14.07851,47.4461],[14.08276,47.45078],[14.08634,47.45571],[14.08834,47.45912],[14.09002,47.4626],[14.09137,47.46614],[14.0924,47.46974],[14.09308,47.47337],[14.09343,47.47703],[14.09331,47.48252],[14.0928,47.48616],[14.09196,47.48978],[14.09079,47.49336],[14.08928,47.49688],[14.08745,47.50032],[14.0853,47.50368],[14.08284,47.50695],[14.08009,47.5101],[14.07542,47.5146],[14.07197,47.51742],[14.06826,47.52009],[14.06225,47.52379],[14.05575,47.52709],[14.05117,47.52906],[14.04642,47.53082],[14.039,47.53309],[14.0339,47.53433],[14.02869,47.53535],[14.0234,47.53615],[14.01804,47.53672],[14.01264,47.53707],[14.00722,47.53718]]]}}, {"type":"Feature","id":223,"properties":{"_id":"6a7046c8d487474ffb80f00c","createdBy":"eBT9qSrxquPVguazo7MwJzzaf2p1","createdAt":"2026-08-03T07:44:08.961Z","updatedBy":"eBT9qSrxquPVguazo7MwJzzaf2p1","updatedAt":"2026-08-03T07:47:53.536Z","name":"LOR34 ZELTWEG","dataIngestion":false,"type":1,"icaoClass":8,"activity":0,"onDemand":false,"onRequest":false,"byNotam":true,"specialAgreement":false,"requestCompliance":false,"country":"AT","upperLimit":{"value":8000,"unit":1,"referenceDatum":1},"lowerLimit":{"value":0,"unit":1,"referenceDatum":0},"hoursOfOperation":{"operatingHours":[{"dayOfWeek":0,"startTime":"00:00","endTime":"00:00","byNotam":false,"sunrise":false,"sunset":false,"publicHolidaysExcluded":false},{"dayOfWeek":1,"startTime":"00:00","endTime":"00:00","byNotam":false,"sunrise":false,"sunset":false,"publicHolidaysExcluded":false},{"dayOfWeek":2,"startTime":"00:00","endTime":"00:00","byNotam":false,"sunrise":false,"sunset":false,"publicHolidaysExcluded":false},{"dayOfWeek":3,"startTime":"00:00","endTime":"00:00","byNotam":false,"sunrise":false,"sunset":false,"publicHolidaysExcluded":false},{"dayOfWeek":4,"startTime":"00:00","endTime":"00:00","byNotam":false,"sunrise":false,"sunset":false,"publicHolidaysExcluded":false},{"dayOfWeek":5,"startTime":"00:00","endTime":"00:00","byNotam":false,"sunrise":false,"sunset":false,"publicHolidaysExcluded":false},{"dayOfWeek":6,"startTime":"00:00","endTime":"00:00","byNotam":false,"sunrise":false,"sunset":false,"publicHolidaysExcluded":false}]},"remarks":"AIP SUP 022/26","deletable":true,"activeFrom":"2026-08-01T00:01:00.000Z","activeUntil":"2027-07-31T23:59:00.000Z"},"geometry":{"type":"Polygon","coordinates":[[[14.36806,47.24361],[14.40944,47.07944],[14.50889,47.09111],[14.51722,47.05806],[14.66556,47.07528],[14.6575,47.10833],[15.11556,47.16],[15.07611,47.32444],[14.36806,47.24361]]]}}, {"type":"Feature","id":224,"properties":{"_id":"6a704756d487474ffb80f1a5","createdBy":"eBT9qSrxquPVguazo7MwJzzaf2p1","createdAt":"2026-08-03T07:46:30.651Z","updatedBy":"eBT9qSrxquPVguazo7MwJzzaf2p1","updatedAt":"2026-08-03T07:46:49.478Z","name":"LOR35 ZELTWEG","dataIngestion":false,"type":1,"icaoClass":8,"activity":0,"onDemand":false,"onRequest":false,"byNotam":true,"specialAgreement":false,"requestCompliance":false,"country":"AT","upperLimit":{"value":125,"unit":6,"referenceDatum":2},"lowerLimit":{"value":8000,"unit":1,"referenceDatum":1},"activeFrom":"2026-08-01T00:01:00.000Z","activeUntil":"2027-07-31T23:59:00.000Z","hoursOfOperation":{"operatingHours":[{"dayOfWeek":0,"startTime":"00:00","endTime":"00:00","byNotam":false,"sunrise":false,"sunset":false,"publicHolidaysExcluded":false},{"dayOfWeek":1,"startTime":"00:00","endTime":"00:00","byNotam":false,"sunrise":false,"sunset":false,"publicHolidaysExcluded":false},{"dayOfWeek":2,"startTime":"00:00","endTime":"00:00","byNotam":false,"sunrise":false,"sunset":false,"publicHolidaysExcluded":false},{"dayOfWeek":3,"startTime":"00:00","endTime":"00:00","byNotam":false,"sunrise":false,"sunset":false,"publicHolidaysExcluded":false},{"dayOfWeek":4,"startTime":"00:00","endTime":"00:00","byNotam":false,"sunrise":false,"sunset":false,"publicHolidaysExcluded":false},{"dayOfWeek":5,"startTime":"00:00","endTime":"00:00","byNotam":false,"sunrise":false,"sunset":false,"publicHolidaysExcluded":false},{"dayOfWeek":6,"startTime":"00:00","endTime":"00:00","byNotam":false,"sunrise":false,"sunset":false,"publicHolidaysExcluded":false}]},"remarks":"AIP SUP 023/26","deletable":true},"geometry":{"type":"Polygon","coordinates":[[[14.36806,47.24361],[14.40944,47.07944],[14.50889,47.09111],[14.51722,47.05806],[14.66556,47.07528],[14.6575,47.10833],[15.11556,47.16],[15.07611,47.32444],[14.36806,47.24361]]]}}, {"type":"Feature","id":225,"properties":{"_id":"6a906fe523dd57a68bf9ddae","name":"UNTERSBERG","dataIngestion":false,"type":8,"icaoClass":8,"activity":5,"onDemand":false,"onRequest":false,"byNotam":false,"specialAgreement":true,"requestCompliance":false,"country":"AT","upperLimit":{"value":7000,"unit":1,"referenceDatum":1},"lowerLimit":{"value":0,"unit":1,"referenceDatum":0},"hoursOfOperation":{"operatingHours":[{"dayOfWeek":0,"startTime":"00:00","endTime":"00:00","byNotam":false,"sunrise":false,"sunset":false,"publicHolidaysExcluded":false},{"dayOfWeek":1,"startTime":"00:00","endTime":"00:00","byNotam":false,"sunrise":false,"sunset":false,"publicHolidaysExcluded":false},{"dayOfWeek":2,"startTime":"00:00","endTime":"00:00","byNotam":false,"sunrise":false,"sunset":false,"publicHolidaysExcluded":false},{"dayOfWeek":3,"startTime":"00:00","endTime":"00:00","byNotam":false,"sunrise":false,"sunset":false,"publicHolidaysExcluded":false},{"dayOfWeek":4,"startTime":"00:00","endTime":"00:00","byNotam":false,"sunrise":false,"sunset":false,"publicHolidaysExcluded":false},{"dayOfWeek":5,"startTime":"00:00","endTime":"00:00","byNotam":false,"sunrise":false,"sunset":false,"publicHolidaysExcluded":false},{"dayOfWeek":6,"startTime":"00:00","endTime":"00:00","byNotam":false,"sunrise":false,"sunset":false,"publicHolidaysExcluded":false}]},"remarks":"In approach to landing meadow it is permitted to enter CTR Salzburg below 200 M GND.","deletable":true,"createdAt":"2026-08-28T05:20:05.006Z","updatedAt":"2026-08-28T05:31:34.144Z","createdBy":"eBT9qSrxquPVguazo7MwJzzaf2p1","updatedBy":"eBT9qSrxquPVguazo7MwJzzaf2p1"},"geometry":{"type":"Polygon","coordinates":[[[13.01278,47.7225],[12.97167,47.75083],[12.93611,47.75083],[12.93611,47.74917],[12.935,47.74722],[12.92861,47.74472],[12.92111,47.74333],[12.91333,47.73722],[12.91083,47.73306],[12.90444,47.72722],[12.90611,47.72278],[12.9125,47.71833],[12.92278,47.71361],[12.92528,47.71083],[12.93306,47.70944],[12.94417,47.71167],[12.95056,47.71056],[12.95694,47.70778],[12.9625,47.70972],[12.96944,47.70778],[12.98,47.7075],[12.9875,47.7075],[12.99167,47.70861],[12.995,47.71306],[13.00222,47.71333],[13.00611,47.71667],[13.00972,47.72222],[13.01278,47.7225]]]}}]}