{ "type": "FeatureCollection", "features": [{"type":"Feature","id":1,"properties":{"_id":"626144521e911989f7b38bf8","name":"ACHERKOGEL","type":0,"reliability":2,"occurrence":0,"category":[0,1,2],"country":"AT","elevation":{"value":2691,"unit":0,"referenceDatum":1},"timeOfDay":[2,3],"createdAt":"2022-04-21T11:47:30.436Z","updatedAt":"2024-02-17T11:20:40.109Z","createdBy":"AUTO-IMPORTER","updatedBy":"eBT9qSrxquPVguazo7MwJzzaf2p1","elevationGeoid":{"geoidHeight":50.820497052273055,"hae":2741.820497052273}},"geometry":{"type":"Point","coordinates":[10.95083,47.19028]}}, {"type":"Feature","id":2,"properties":{"_id":"626144521e911989f7b38c05","name":"ACHSELKOPF","type":0,"reliability":2,"occurrence":0,"category":[2,1,0],"country":"AT","elevation":{"value":2113,"unit":0,"referenceDatum":1},"timeOfDay":[2,3],"createdAt":"2022-04-21T11:47:30.536Z","updatedAt":"2022-04-21T11:47:30.553Z","createdBy":"AUTO-IMPORTER","updatedBy":"import-script","elevationGeoid":{"geoidHeight":50.12936563395445,"hae":2163.1293656339544}},"geometry":{"type":"Point","coordinates":[12.20361,47.20667]}}, {"type":"Feature","id":3,"properties":{"_id":"626144521e911989f7b38c13","name":"ADLERSPOINT","type":0,"reliability":2,"occurrence":0,"category":[2,1,0],"country":"AT","elevation":{"value":1398,"unit":0,"referenceDatum":1},"timeOfDay":[2,3],"createdAt":"2022-04-21T11:47:30.661Z","updatedAt":"2022-04-21T11:47:30.726Z","createdBy":"AUTO-IMPORTER","updatedBy":"import-script","elevationGeoid":{"geoidHeight":47.68946652709198,"hae":1445.689466527092}},"geometry":{"type":"Point","coordinates":[12.51472,47.53]}}, {"type":"Feature","id":4,"properties":{"_id":"626144521e911989f7b38c1c","name":"AHORNSPITZE","type":0,"reliability":2,"occurrence":0,"category":[2,1,0],"country":"AT","elevation":{"value":2254,"unit":0,"referenceDatum":1},"timeOfDay":[2,3],"createdAt":"2022-04-21T11:47:30.775Z","updatedAt":"2022-04-21T11:47:30.849Z","createdBy":"AUTO-IMPORTER","updatedBy":"import-script","elevationGeoid":{"geoidHeight":50.41560678033363,"hae":2304.4156067803337}},"geometry":{"type":"Point","coordinates":[11.89167,47.12528]}}, {"type":"Feature","id":5,"properties":{"_id":"626144521e911989f7b38c29","name":"ALTER MANN","type":0,"reliability":2,"occurrence":0,"category":[2,1,0],"country":"AT","elevation":{"value":2757,"unit":0,"referenceDatum":1},"timeOfDay":[2,3],"createdAt":"2022-04-21T11:47:30.926Z","updatedAt":"2022-04-21T11:47:30.959Z","createdBy":"AUTO-IMPORTER","updatedBy":"import-script","elevationGeoid":{"geoidHeight":51.50902824297572,"hae":2808.5090282429755}},"geometry":{"type":"Point","coordinates":[10.70972,47.0125]}}, {"type":"Feature","id":6,"properties":{"_id":"626144531e911989f7b38c36","name":"ARNSPITZE","type":0,"reliability":2,"occurrence":0,"category":[2,1,0],"country":"AT","elevation":{"value":1930,"unit":0,"referenceDatum":1},"timeOfDay":[2,3],"createdAt":"2022-04-21T11:47:31.061Z","updatedAt":"2022-04-21T11:47:31.138Z","createdBy":"AUTO-IMPORTER","updatedBy":"import-script","elevationGeoid":{"geoidHeight":49.32960972132403,"hae":1979.329609721324}},"geometry":{"type":"Point","coordinates":[11.21,47.39167]}}, {"type":"Feature","id":7,"properties":{"_id":"626144531e911989f7b38c40","name":"BAAD","type":0,"reliability":1,"occurrence":0,"category":[0,1,2],"country":"AT","elevation":{"value":1829,"unit":0,"referenceDatum":1},"timeOfDay":[2,3],"createdAt":"2022-04-21T11:47:31.146Z","updatedAt":"2022-04-21T11:47:31.178Z","createdBy":"AUTO-IMPORTER","updatedBy":"import-script","elevationGeoid":{"geoidHeight":49.42624818884411,"hae":1878.426248188844}},"geometry":{"type":"Point","coordinates":[10.13194,47.32447]}}, {"type":"Feature","id":8,"properties":{"_id":"62614453f2228b5341bf296a","name":"BERNKOGEL","type":0,"reliability":2,"occurrence":0,"category":[2,1,0],"country":"AT","elevation":{"value":2009,"unit":0,"referenceDatum":1},"timeOfDay":[2,3],"createdAt":"2022-04-21T11:47:31.272Z","updatedAt":"2022-04-21T11:47:31.290Z","createdBy":"AUTO-IMPORTER","updatedBy":"import-script","elevationGeoid":{"geoidHeight":48.86815658728963,"hae":2057.86815658729}},"geometry":{"type":"Point","coordinates":[13.03417,47.24445]}}, {"type":"Feature","id":9,"properties":{"_id":"626144531e911989f7b38c4a","name":"BAERENKOPF ABEND","type":0,"reliability":2,"occurrence":0,"category":[2,1,0],"country":"AT","elevation":{"value":1339,"unit":0,"referenceDatum":1},"timeOfDay":[2,3],"createdAt":"2022-04-21T11:47:31.211Z","updatedAt":"2022-04-21T11:47:31.246Z","createdBy":"AUTO-IMPORTER","updatedBy":"import-script","elevationGeoid":{"geoidHeight":48.66153583941258,"hae":1387.6615358394126}},"geometry":{"type":"Point","coordinates":[11.69861,47.42917]}}, {"type":"Feature","id":10,"properties":{"_id":"62614453f2228b5341bf2975","name":"BIRCHKOGEL","type":0,"reliability":2,"occurrence":0,"category":[2,1,0],"country":"AT","elevation":{"value":2509,"unit":0,"referenceDatum":1},"timeOfDay":[2,3],"createdAt":"2022-04-21T11:47:31.468Z","updatedAt":"2022-04-21T11:47:31.534Z","createdBy":"AUTO-IMPORTER","updatedBy":"import-script","elevationGeoid":{"geoidHeight":50.540440576910726,"hae":2559.540440576911}},"geometry":{"type":"Point","coordinates":[10.99389,47.23167]}}, {"type":"Feature","id":11,"properties":{"_id":"626144531e911989f7b38c67","name":"BLOECKEN ALM","type":0,"reliability":2,"occurrence":0,"category":[2,1,0],"country":"AT","elevation":{"value":1837,"unit":0,"referenceDatum":1},"timeOfDay":[2,3],"createdAt":"2022-04-21T11:47:31.560Z","updatedAt":"2022-04-21T11:47:31.734Z","createdBy":"AUTO-IMPORTER","updatedBy":"import-script","elevationGeoid":{"geoidHeight":48.919082348348866,"hae":1885.9190823483489}},"geometry":{"type":"Point","coordinates":[13.07306,47.22806]}}, {"type":"Feature","id":12,"properties":{"_id":"62614453f2228b5341bf2987","name":"BRANDBERGER KOLM","type":0,"reliability":2,"occurrence":0,"category":[2,1,0],"country":"AT","elevation":{"value":2537,"unit":0,"referenceDatum":1},"timeOfDay":[2,3],"createdAt":"2022-04-21T11:47:31.736Z","updatedAt":"2022-04-21T11:47:31.757Z","createdBy":"AUTO-IMPORTER","updatedBy":"import-script","elevationGeoid":{"geoidHeight":50.30361212602972,"hae":2587.3036121260297}},"geometry":{"type":"Point","coordinates":[11.99083,47.16222]}}, {"type":"Feature","id":13,"properties":{"_id":"626144531e911989f7b38c76","name":"BOESECK","type":0,"reliability":2,"occurrence":0,"category":[2,1,0],"country":"AT","elevation":{"value":1515,"unit":0,"referenceDatum":1},"timeOfDay":[2,3],"createdAt":"2022-04-21T11:47:31.769Z","updatedAt":"2022-04-21T11:47:31.810Z","createdBy":"AUTO-IMPORTER","updatedBy":"import-script","elevationGeoid":{"geoidHeight":50.05855234975883,"hae":1565.0585523497589}},"geometry":{"type":"Point","coordinates":[13.16194,46.95528]}}, {"type":"Feature","id":14,"properties":{"_id":"626144531e911989f7b38c83","name":"BREITFUSS","type":0,"reliability":2,"occurrence":0,"category":[2,1,0],"country":"AT","elevation":{"value":2148,"unit":0,"referenceDatum":1},"timeOfDay":[2,3],"createdAt":"2022-04-21T11:47:31.829Z","updatedAt":"2022-04-21T11:47:31.874Z","createdBy":"AUTO-IMPORTER","updatedBy":"import-script","elevationGeoid":{"geoidHeight":50.0035122598035,"hae":2198.0035122598033}},"geometry":{"type":"Point","coordinates":[12.29639,47.21555]}}, {"type":"Feature","id":15,"properties":{"_id":"626144531e911989f7b38c90","name":"BREITHORN","type":0,"reliability":2,"occurrence":0,"category":[2,1,0],"country":"AT","elevation":{"value":2191,"unit":0,"referenceDatum":1},"timeOfDay":[2,3],"createdAt":"2022-04-21T11:47:31.939Z","updatedAt":"2022-04-21T11:47:31.967Z","createdBy":"AUTO-IMPORTER","updatedBy":"import-script","elevationGeoid":{"geoidHeight":48.23976583720594,"hae":2239.239765837206}},"geometry":{"type":"Point","coordinates":[12.89917,47.45361]}}, {"type":"Feature","id":16,"properties":{"_id":"62614454f2228b5341bf299a","name":"BRUNNENKOGEL","type":0,"reliability":2,"occurrence":0,"category":[2,1,0],"country":"AT","elevation":{"value":2664,"unit":0,"referenceDatum":1},"timeOfDay":[2,3],"createdAt":"2022-04-21T11:47:32.212Z","updatedAt":"2022-04-21T11:47:32.231Z","createdBy":"AUTO-IMPORTER","updatedBy":"import-script","elevationGeoid":{"geoidHeight":52.136405850582605,"hae":2716.1364058505824}},"geometry":{"type":"Point","coordinates":[11.04972,46.94833]}}, {"type":"Feature","id":17,"properties":{"_id":"626144541e911989f7b38ca1","name":"BREITKOPF","type":0,"reliability":2,"occurrence":0,"category":[2,1,0],"country":"AT","elevation":{"value":2167,"unit":0,"referenceDatum":1},"timeOfDay":[2,3],"createdAt":"2022-04-21T11:47:32.056Z","updatedAt":"2022-04-21T11:47:32.126Z","createdBy":"AUTO-IMPORTER","updatedBy":"import-script","elevationGeoid":{"geoidHeight":49.775472918156,"hae":2216.775472918156}},"geometry":{"type":"Point","coordinates":[12.35278,47.23417]}}, {"type":"Feature","id":18,"properties":{"_id":"626144541e911989f7b38cb0","name":"BRUDERKOGEL","type":0,"reliability":2,"occurrence":0,"category":[2,1,0],"country":"AT","elevation":{"value":2049,"unit":0,"referenceDatum":1},"timeOfDay":[2,3],"createdAt":"2022-04-21T11:47:32.339Z","updatedAt":"2022-04-21T11:47:32.358Z","createdBy":"AUTO-IMPORTER","updatedBy":"import-script","elevationGeoid":{"geoidHeight":48.81536601127752,"hae":2097.8153660112775}},"geometry":{"type":"Point","coordinates":[14.43056,47.37722]}}, {"type":"Feature","id":19,"properties":{"_id":"62614454f2228b5341bf29a4","name":"DANNKOPF","type":0,"reliability":2,"occurrence":0,"category":[2,1,0],"country":"AT","elevation":{"value":2221,"unit":0,"referenceDatum":1},"timeOfDay":[2,3],"createdAt":"2022-04-21T11:47:32.337Z","updatedAt":"2022-04-21T11:47:32.355Z","createdBy":"AUTO-IMPORTER","updatedBy":"import-script","elevationGeoid":{"geoidHeight":50.433080828409146,"hae":2271.433080828409}},"geometry":{"type":"Point","coordinates":[12.92833,46.81083]}}, {"type":"Feature","id":20,"properties":{"_id":"626144541e911989f7b38cc2","name":"DEMMLJOCH","type":0,"reliability":2,"occurrence":0,"category":[2,1,0],"country":"AT","elevation":{"value":1752,"unit":0,"referenceDatum":1},"timeOfDay":[2,3],"createdAt":"2022-04-21T11:47:32.418Z","updatedAt":"2022-04-21T11:47:32.440Z","createdBy":"AUTO-IMPORTER","updatedBy":"import-script","elevationGeoid":{"geoidHeight":48.23263902380819,"hae":1800.2326390238081}},"geometry":{"type":"Point","coordinates":[11.59583,47.54167]}}, {"type":"Feature","id":21,"properties":{"_id":"626144541e911989f7b38cd7","name":"DOBRATSCH SENDER","type":0,"reliability":2,"occurrence":0,"category":[2,1,0],"country":"AT","elevation":{"value":1516,"unit":0,"referenceDatum":1},"timeOfDay":[2,3],"createdAt":"2022-04-21T11:47:32.515Z","updatedAt":"2022-04-21T11:47:32.554Z","createdBy":"AUTO-IMPORTER","updatedBy":"import-script","elevationGeoid":{"geoidHeight":48.973411274359734,"hae":1564.9734112743597}},"geometry":{"type":"Point","coordinates":[13.675,46.59583]}}, {"type":"Feature","id":22,"properties":{"_id":"62614454f2228b5341bf29b2","name":"DUERRENSCHOEBERL","type":0,"reliability":2,"occurrence":0,"category":[2,1,0],"country":"AT","elevation":{"value":1632,"unit":0,"referenceDatum":1},"timeOfDay":[2,3],"createdAt":"2022-04-21T11:47:32.734Z","updatedAt":"2022-04-21T11:47:32.753Z","createdBy":"AUTO-IMPORTER","updatedBy":"import-script","elevationGeoid":{"geoidHeight":47.95026544636363,"hae":1679.9502654463636}},"geometry":{"type":"Point","coordinates":[14.37361,47.54972]}}, {"type":"Feature","id":23,"properties":{"_id":"62614454f2228b5341bf29bd","name":"DURCHSPRING","type":0,"reliability":2,"occurrence":0,"category":[2,1,0],"country":"AT","elevation":{"value":1627,"unit":0,"referenceDatum":1},"timeOfDay":[2,3],"createdAt":"2022-04-21T11:47:32.833Z","updatedAt":"2022-04-21T11:47:32.853Z","createdBy":"AUTO-IMPORTER","updatedBy":"import-script","elevationGeoid":{"geoidHeight":49.57553205980588,"hae":1676.575532059806}},"geometry":{"type":"Point","coordinates":[13.21556,46.66556]}}, {"type":"Feature","id":24,"properties":{"_id":"626144541e911989f7b38ce7","name":"DUERNBACHHORN","type":0,"reliability":2,"occurrence":0,"category":[2,1,0],"country":"AT","elevation":{"value":1659,"unit":0,"referenceDatum":1},"timeOfDay":[2,3],"createdAt":"2022-04-21T11:47:32.727Z","updatedAt":"2022-04-21T11:47:32.753Z","createdBy":"AUTO-IMPORTER","updatedBy":"import-script","elevationGeoid":{"geoidHeight":46.87727478547205,"hae":1705.877274785472}},"geometry":{"type":"Point","coordinates":[12.61333,47.67167]}}, {"type":"Feature","id":25,"properties":{"_id":"626144551e911989f7b38cfe","name":"EGGENKOFEL","type":0,"reliability":2,"occurrence":0,"category":[2,1,0],"country":"AT","elevation":{"value":2282,"unit":0,"referenceDatum":1},"timeOfDay":[2,3],"createdAt":"2022-04-21T11:47:33.056Z","updatedAt":"2022-04-21T11:47:33.072Z","createdBy":"AUTO-IMPORTER","updatedBy":"import-script","elevationGeoid":{"geoidHeight":51.22088939252677,"hae":2333.2208893925267}},"geometry":{"type":"Point","coordinates":[12.64722,46.74472]}}, {"type":"Feature","id":26,"properties":{"_id":"62614454f2228b5341bf29c9","name":"EDERPLAN","type":0,"reliability":2,"occurrence":0,"category":[2,1,0],"country":"AT","elevation":{"value":1741,"unit":0,"referenceDatum":1},"timeOfDay":[2,3],"createdAt":"2022-04-21T11:47:32.952Z","updatedAt":"2022-04-21T11:47:33.024Z","createdBy":"AUTO-IMPORTER","updatedBy":"import-script","elevationGeoid":{"geoidHeight":50.53930032435238,"hae":1791.5393003243523}},"geometry":{"type":"Point","coordinates":[12.87472,46.84667]}}, {"type":"Feature","id":27,"properties":{"_id":"626144551e911989f7b38d0c","name":"EHRWALD","type":0,"reliability":1,"occurrence":0,"category":[0,1,2],"country":"AT","elevation":{"value":2136,"unit":0,"referenceDatum":1},"timeOfDay":[2,3],"createdAt":"2022-04-21T11:47:33.160Z","updatedAt":"2022-04-21T11:47:33.194Z","createdBy":"AUTO-IMPORTER","updatedBy":"import-script","elevationGeoid":{"geoidHeight":49.466642063809815,"hae":2185.46664206381}},"geometry":{"type":"Point","coordinates":[10.87866,47.43095]}}, {"type":"Feature","id":28,"properties":{"_id":"626144551e911989f7b38d1a","name":"ELMER KREUZSPITZE","type":0,"reliability":2,"occurrence":0,"category":[2,1,0],"country":"AT","elevation":{"value":2262,"unit":0,"referenceDatum":1},"timeOfDay":[2,3],"createdAt":"2022-04-21T11:47:33.270Z","updatedAt":"2022-04-21T11:47:33.306Z","createdBy":"AUTO-IMPORTER","updatedBy":"import-script","elevationGeoid":{"geoidHeight":50.134811594098665,"hae":2312.1348115940987}},"geometry":{"type":"Point","coordinates":[10.56306,47.32639]}}, {"type":"Feature","id":29,"properties":{"_id":"62614455f2228b5341bf29d8","name":"FORCHACH","type":0,"reliability":1,"occurrence":0,"category":[0,1,2],"country":"AT","elevation":{"value":1982,"unit":0,"referenceDatum":1},"timeOfDay":[2,3],"createdAt":"2022-04-21T11:47:33.584Z","updatedAt":"2022-04-21T11:47:33.601Z","createdBy":"AUTO-IMPORTER","updatedBy":"import-script","elevationGeoid":{"geoidHeight":49.45398162989471,"hae":2031.4539816298948}},"geometry":{"type":"Point","coordinates":[10.55766,47.4356]}}, {"type":"Feature","id":30,"properties":{"_id":"62614455f2228b5341bf29e4","name":"GAMSKARKOGEL","type":0,"reliability":2,"occurrence":0,"category":[2,1,0],"country":"AT","elevation":{"value":2437,"unit":0,"referenceDatum":1},"timeOfDay":[2,3],"createdAt":"2022-04-21T11:47:33.699Z","updatedAt":"2022-04-21T11:47:33.716Z","createdBy":"AUTO-IMPORTER","updatedBy":"import-script","elevationGeoid":{"geoidHeight":49.26751250235026,"hae":2486.26751250235}},"geometry":{"type":"Point","coordinates":[13.15861,47.16]}}, {"type":"Feature","id":31,"properties":{"_id":"626144551e911989f7b38d2b","name":"FALBA SEELI","type":0,"reliability":2,"occurrence":2,"category":[0,1,2],"country":"AT","elevation":{"value":1700,"unit":0,"referenceDatum":1},"timeOfDay":[2],"createdAt":"2022-04-21T11:47:33.449Z","updatedAt":"2022-04-21T11:47:33.538Z","createdBy":"AUTO-IMPORTER","updatedBy":"import-script","elevationGeoid":{"geoidHeight":48.3677326472029,"hae":1748.367732647203}},"geometry":{"type":"Point","coordinates":[9.77772,47.26748]}}, {"type":"Feature","id":32,"properties":{"_id":"626144551e911989f7b38d35","name":"FELDALPENHORN","type":0,"reliability":2,"occurrence":0,"category":[2,1,0],"country":"AT","elevation":{"value":1616,"unit":0,"referenceDatum":1},"timeOfDay":[2,3],"createdAt":"2022-04-21T11:47:33.560Z","updatedAt":"2022-04-21T11:47:33.747Z","createdBy":"AUTO-IMPORTER","updatedBy":"import-script","elevationGeoid":{"geoidHeight":48.65684007687642,"hae":1664.6568400768765}},"geometry":{"type":"Point","coordinates":[12.07722,47.39333]}}, {"type":"Feature","id":33,"properties":{"_id":"626144551e911989f7b38d42","name":"GAMSKARL SPITZE","type":0,"reliability":2,"occurrence":0,"category":[2,1,0],"country":"AT","elevation":{"value":2217,"unit":0,"referenceDatum":1},"timeOfDay":[2,3],"createdAt":"2022-04-21T11:47:33.836Z","updatedAt":"2022-04-21T11:47:33.873Z","createdBy":"AUTO-IMPORTER","updatedBy":"import-script","elevationGeoid":{"geoidHeight":49.994119921841815,"hae":2266.994119921842}},"geometry":{"type":"Point","coordinates":[13.15778,47.01056]}}, {"type":"Feature","id":34,"properties":{"_id":"62614455f2228b5341bf29f6","name":"GAMSKOFEL","type":0,"reliability":2,"occurrence":0,"category":[2,1,0],"country":"AT","elevation":{"value":2342,"unit":0,"referenceDatum":1},"timeOfDay":[2,3],"createdAt":"2022-04-21T11:47:33.962Z","updatedAt":"2022-04-21T11:47:34.075Z","createdBy":"AUTO-IMPORTER","updatedBy":"import-script","elevationGeoid":{"geoidHeight":50.274557607289864,"hae":2392.27455760729}},"geometry":{"type":"Point","coordinates":[12.91167,46.63416]}}, {"type":"Feature","id":35,"properties":{"_id":"626144561e911989f7b38d5b","name":"GEIERKOGEL","type":0,"reliability":2,"occurrence":0,"category":[2,1,0],"country":"AT","elevation":{"value":1812,"unit":0,"referenceDatum":1},"timeOfDay":[2,3],"createdAt":"2022-04-21T11:47:34.010Z","updatedAt":"2022-04-21T11:47:34.052Z","createdBy":"AUTO-IMPORTER","updatedBy":"import-script","elevationGeoid":{"geoidHeight":48.45614698683849,"hae":1860.4561469868386}},"geometry":{"type":"Point","coordinates":[12.70861,47.39611]}}, {"type":"Feature","id":36,"properties":{"_id":"62614456f2228b5341bf2a03","name":"GLOCKTURM","type":0,"reliability":2,"occurrence":0,"category":[2,1,0],"country":"AT","elevation":{"value":3016,"unit":0,"referenceDatum":1},"timeOfDay":[2,3],"createdAt":"2022-04-21T11:47:34.315Z","updatedAt":"2022-04-21T11:47:34.338Z","createdBy":"AUTO-IMPORTER","updatedBy":"import-script","elevationGeoid":{"geoidHeight":51.99589362297036,"hae":3067.9958936229705}},"geometry":{"type":"Point","coordinates":[10.66,46.88944]}}, {"type":"Feature","id":37,"properties":{"_id":"626144561e911989f7b38d66","name":"GERLOS","type":0,"reliability":2,"occurrence":0,"category":[2,1,0],"country":"AT","elevation":{"value":2181,"unit":0,"referenceDatum":1},"timeOfDay":[2,3],"createdAt":"2022-04-21T11:47:34.167Z","updatedAt":"2022-04-21T11:47:34.254Z","createdBy":"AUTO-IMPORTER","updatedBy":"import-script","elevationGeoid":{"geoidHeight":49.82719591926002,"hae":2230.82719591926}},"geometry":{"type":"Point","coordinates":[12.08889,47.25778]}}, {"type":"Feature","id":38,"properties":{"_id":"626144561e911989f7b38d6f","name":"GLEMMTAL","type":0,"reliability":2,"occurrence":0,"category":[2,1,0],"country":"AT","elevation":{"value":1674,"unit":0,"referenceDatum":1},"timeOfDay":[2,3],"createdAt":"2022-04-21T11:47:34.345Z","updatedAt":"2022-04-21T11:47:34.377Z","createdBy":"AUTO-IMPORTER","updatedBy":"import-script","elevationGeoid":{"geoidHeight":48.49239820388644,"hae":1722.4923982038865}},"geometry":{"type":"Point","coordinates":[12.65833,47.40667]}}, {"type":"Feature","id":39,"properties":{"_id":"62614456f2228b5341bf2a11","name":"GLUNGEZER","type":0,"reliability":2,"occurrence":0,"category":[2,1,0],"country":"AT","elevation":{"value":2517,"unit":0,"referenceDatum":1},"timeOfDay":[2,3],"createdAt":"2022-04-21T11:47:34.455Z","updatedAt":"2022-04-21T11:47:34.490Z","createdBy":"AUTO-IMPORTER","updatedBy":"import-script","elevationGeoid":{"geoidHeight":50.13435134038562,"hae":2567.134351340386}},"geometry":{"type":"Point","coordinates":[11.50667,47.18639]}}, {"type":"Feature","id":40,"properties":{"_id":"626144561e911989f7b38d84","name":"GOLDECK","type":0,"reliability":2,"occurrence":0,"category":[2,1,0],"country":"AT","elevation":{"value":2051,"unit":0,"referenceDatum":1},"timeOfDay":[2,3],"createdAt":"2022-04-21T11:47:34.562Z","updatedAt":"2022-04-21T11:47:34.598Z","createdBy":"AUTO-IMPORTER","updatedBy":"import-script","elevationGeoid":{"geoidHeight":49.47225979105059,"hae":2100.4722597910504}},"geometry":{"type":"Point","coordinates":[13.45556,46.75833]}}, {"type":"Feature","id":41,"properties":{"_id":"626144561e911989f7b38d97","name":"GOLZENTIPP","type":0,"reliability":2,"occurrence":0,"category":[2,1,0],"country":"AT","elevation":{"value":2110,"unit":0,"referenceDatum":1},"timeOfDay":[2,3],"createdAt":"2022-04-21T11:47:34.731Z","updatedAt":"2022-04-21T11:47:34.776Z","createdBy":"AUTO-IMPORTER","updatedBy":"import-script","elevationGeoid":{"geoidHeight":51.290517807045404,"hae":2161.2905178070455}},"geometry":{"type":"Point","coordinates":[12.62111,46.72611]}}, {"type":"Feature","id":42,"properties":{"_id":"62614456f2228b5341bf2a20","name":"GOLICA","type":0,"reliability":2,"occurrence":0,"category":[2,1,0],"country":"AT","elevation":{"value":1632,"unit":0,"referenceDatum":1},"timeOfDay":[2,3],"createdAt":"2022-04-21T11:47:34.741Z","updatedAt":"2022-04-21T11:47:34.806Z","createdBy":"AUTO-IMPORTER","updatedBy":"import-script","elevationGeoid":{"geoidHeight":48.430190855578985,"hae":1680.430190855579}},"geometry":{"type":"Point","coordinates":[14.06889,46.4875]}}, {"type":"Feature","id":43,"properties":{"_id":"62614457f2228b5341bf2a30","name":"GRUBIGSTEIN","type":0,"reliability":2,"occurrence":0,"category":[2,1,0],"country":"AT","elevation":{"value":2028,"unit":0,"referenceDatum":1},"timeOfDay":[2,3],"createdAt":"2022-04-21T11:47:35.052Z","updatedAt":"2022-04-21T11:47:35.073Z","createdBy":"AUTO-IMPORTER","updatedBy":"import-script","elevationGeoid":{"geoidHeight":49.72255592233708,"hae":2077.722555922337}},"geometry":{"type":"Point","coordinates":[10.84694,47.38333]}}, {"type":"Feature","id":44,"properties":{"_id":"626144561e911989f7b38da4","name":"GRIMMING","type":0,"reliability":2,"occurrence":0,"category":[2,1,0],"country":"AT","elevation":{"value":1845,"unit":0,"referenceDatum":1},"timeOfDay":[2,3],"createdAt":"2022-04-21T11:47:34.868Z","updatedAt":"2022-04-21T11:47:34.950Z","createdBy":"AUTO-IMPORTER","updatedBy":"import-script","elevationGeoid":{"geoidHeight":48.08179950147891,"hae":1893.0817995014788}},"geometry":{"type":"Point","coordinates":[13.96806,47.50833]}}, {"type":"Feature","id":45,"properties":{"_id":"626144571e911989f7b38dad","name":"GROSSBODEN","type":0,"reliability":2,"occurrence":0,"category":[2,1,0],"country":"AT","elevation":{"value":1690,"unit":0,"referenceDatum":1},"timeOfDay":[2,3],"createdAt":"2022-04-21T11:47:35.033Z","updatedAt":"2022-04-21T11:47:35.066Z","createdBy":"AUTO-IMPORTER","updatedBy":"import-script","elevationGeoid":{"geoidHeight":49.47413984143304,"hae":1739.474139841433}},"geometry":{"type":"Point","coordinates":[13.35222,46.67556]}}, {"type":"Feature","id":46,"properties":{"_id":"62614457f2228b5341bf2a3b","name":"GRUBIGSTEIN","type":0,"reliability":2,"occurrence":0,"category":[2,1,0],"country":"AT","elevation":{"value":2212,"unit":0,"referenceDatum":1},"timeOfDay":[2,3],"createdAt":"2022-04-21T11:47:35.159Z","updatedAt":"2022-04-21T11:47:35.197Z","createdBy":"AUTO-IMPORTER","updatedBy":"import-script","elevationGeoid":{"geoidHeight":49.73227362251481,"hae":2261.7322736225146}},"geometry":{"type":"Point","coordinates":[10.83667,47.3825]}}, {"type":"Feature","id":47,"properties":{"_id":"626144571e911989f7b38dc7","name":"GSTODER","type":0,"reliability":2,"occurrence":0,"category":[2,1,0],"country":"AT","elevation":{"value":1810,"unit":0,"referenceDatum":1},"timeOfDay":[2,3],"createdAt":"2022-04-21T11:47:35.355Z","updatedAt":"2022-04-21T11:47:35.377Z","createdBy":"AUTO-IMPORTER","updatedBy":"import-script","elevationGeoid":{"geoidHeight":49.790793446789394,"hae":1859.7907934467894}},"geometry":{"type":"Point","coordinates":[13.97111,47.12194]}}, {"type":"Feature","id":48,"properties":{"_id":"62614457f2228b5341bf2a46","name":"GRUENDEGG","type":0,"reliability":2,"occurrence":0,"category":[2,1,0],"country":"AT","elevation":{"value":1952,"unit":0,"referenceDatum":1},"timeOfDay":[2,3],"createdAt":"2022-04-21T11:47:35.325Z","updatedAt":"2022-04-21T11:47:35.351Z","createdBy":"AUTO-IMPORTER","updatedBy":"import-script","elevationGeoid":{"geoidHeight":48.99462608740805,"hae":2000.994626087408}},"geometry":{"type":"Point","coordinates":[13.26583,47.24917]}}, {"type":"Feature","id":49,"properties":{"_id":"626144571e911989f7b38dd7","name":"GUFFERTSPITZE","type":0,"reliability":2,"occurrence":0,"category":[2,1,0],"country":"AT","elevation":{"value":2102,"unit":0,"referenceDatum":1},"timeOfDay":[2,3],"createdAt":"2022-04-21T11:47:35.461Z","updatedAt":"2022-04-21T11:47:35.507Z","createdBy":"AUTO-IMPORTER","updatedBy":"import-script","elevationGeoid":{"geoidHeight":48.02112703244194,"hae":2150.021127032442}},"geometry":{"type":"Point","coordinates":[11.78583,47.5475]}}, {"type":"Feature","id":50,"properties":{"_id":"626144571e911989f7b38de6","name":"GUMPENECK NORD","type":0,"reliability":2,"occurrence":0,"category":[2,1,0],"country":"AT","elevation":{"value":1757,"unit":0,"referenceDatum":1},"timeOfDay":[2,3],"createdAt":"2022-04-21T11:47:35.630Z","updatedAt":"2022-04-21T11:47:35.657Z","createdBy":"AUTO-IMPORTER","updatedBy":"import-script","elevationGeoid":{"geoidHeight":48.68403269884169,"hae":1805.6840326988417}},"geometry":{"type":"Point","coordinates":[14.00639,47.40389]}}, {"type":"Feature","id":51,"properties":{"_id":"62614457f2228b5341bf2a54","name":"GUMPENECK SUED","type":0,"reliability":2,"occurrence":0,"category":[2,1,0],"country":"AT","elevation":{"value":2044,"unit":0,"referenceDatum":1},"timeOfDay":[2,3],"createdAt":"2022-04-21T11:47:35.719Z","updatedAt":"2022-04-21T11:47:35.739Z","createdBy":"AUTO-IMPORTER","updatedBy":"import-script","elevationGeoid":{"geoidHeight":48.82440974874223,"hae":2092.8244097487423}},"geometry":{"type":"Point","coordinates":[14.03056,47.39056]}}, {"type":"Feature","id":52,"properties":{"_id":"626144571e911989f7b38df7","name":"HAHNECKKOGEL","type":0,"reliability":2,"occurrence":0,"category":[1,0],"country":"AT","elevation":{"value":1715,"unit":0,"referenceDatum":1},"timeOfDay":[2,3],"createdAt":"2022-04-21T11:47:35.904Z","updatedAt":"2022-04-21T11:47:35.922Z","createdBy":"AUTO-IMPORTER","updatedBy":"import-script","elevationGeoid":{"geoidHeight":48.68071634411504,"hae":1763.6807163441151}},"geometry":{"type":"Point","coordinates":[12.85,47.31111]}}, {"type":"Feature","id":53,"properties":{"_id":"62614457f2228b5341bf2a63","name":"HEXENKOPF","type":0,"reliability":2,"occurrence":0,"category":[2,1,0],"country":"AT","elevation":{"value":2453,"unit":0,"referenceDatum":1},"timeOfDay":[2,3],"createdAt":"2022-04-21T11:47:35.883Z","updatedAt":"2022-04-21T11:47:35.935Z","createdBy":"AUTO-IMPORTER","updatedBy":"import-script","elevationGeoid":{"geoidHeight":50.93006757544177,"hae":2503.9300675754416}},"geometry":{"type":"Point","coordinates":[10.60139,47.07611]}}, {"type":"Feature","id":54,"properties":{"_id":"626144581e911989f7b38e04","name":"HINTERHORNBACH","type":0,"reliability":1,"occurrence":0,"category":[0,1,2],"country":"AT","elevation":{"value":2170,"unit":0,"referenceDatum":1},"timeOfDay":[2,3],"createdAt":"2022-04-21T11:47:36.003Z","updatedAt":"2022-04-21T11:47:36.037Z","createdBy":"AUTO-IMPORTER","updatedBy":"import-script","elevationGeoid":{"geoidHeight":49.76077556211638,"hae":2219.7607755621166}},"geometry":{"type":"Point","coordinates":[10.44058,47.37867]}}, {"type":"Feature","id":55,"properties":{"_id":"626144581e911989f7b38e13","name":"HOCHANGER","type":0,"reliability":2,"occurrence":0,"category":[2,1,0],"country":"AT","elevation":{"value":1492,"unit":0,"referenceDatum":1},"timeOfDay":[2,3],"createdAt":"2022-04-21T11:47:36.117Z","updatedAt":"2022-04-21T11:47:36.152Z","createdBy":"AUTO-IMPORTER","updatedBy":"import-script","elevationGeoid":{"geoidHeight":47.837144020203596,"hae":1539.8371440202036}},"geometry":{"type":"Point","coordinates":[15.32055,47.60361]}}, {"type":"Feature","id":56,"properties":{"_id":"626144581e911989f7b38e21","name":"HOCHEDER","type":0,"reliability":2,"occurrence":0,"category":[2,1,0],"country":"AT","elevation":{"value":2371,"unit":0,"referenceDatum":1},"timeOfDay":[2,3],"createdAt":"2022-04-21T11:47:36.221Z","updatedAt":"2022-04-21T11:47:36.255Z","createdBy":"AUTO-IMPORTER","updatedBy":"import-script","elevationGeoid":{"geoidHeight":50.34172700620164,"hae":2421.341727006202}},"geometry":{"type":"Point","coordinates":[11.02556,47.25361]}}, {"type":"Feature","id":57,"properties":{"_id":"626144581e911989f7b38e2e","name":"HOCHGRABE","type":0,"reliability":2,"occurrence":0,"category":[2,1,0],"country":"AT","elevation":{"value":2428,"unit":0,"referenceDatum":1},"timeOfDay":[2,3],"createdAt":"2022-04-21T11:47:36.322Z","updatedAt":"2022-04-21T11:47:36.355Z","createdBy":"AUTO-IMPORTER","updatedBy":"import-script","elevationGeoid":{"geoidHeight":51.76852066294887,"hae":2479.768520662949}},"geometry":{"type":"Point","coordinates":[12.41361,46.81528]}}, {"type":"Feature","id":58,"properties":{"_id":"626144581e911989f7b38e3d","name":"HOCHGRUENDECK","type":0,"reliability":2,"occurrence":0,"category":[2,1,0],"country":"AT","elevation":{"value":1765,"unit":0,"referenceDatum":1},"timeOfDay":[2,3],"createdAt":"2022-04-21T11:47:36.420Z","updatedAt":"2022-04-21T11:47:36.453Z","createdBy":"AUTO-IMPORTER","updatedBy":"import-script","elevationGeoid":{"geoidHeight":48.28309783940438,"hae":1813.2830978394045}},"geometry":{"type":"Point","coordinates":[13.26556,47.38083]}}, {"type":"Feature","id":59,"properties":{"_id":"62614458f2228b5341bf2a78","name":"HOCHJOCH","type":0,"reliability":2,"occurrence":0,"category":[2,1,0],"country":"AT","elevation":{"value":2951,"unit":0,"referenceDatum":1},"timeOfDay":[2,3],"createdAt":"2022-04-21T11:47:36.607Z","updatedAt":"2022-04-21T11:47:36.626Z","createdBy":"AUTO-IMPORTER","updatedBy":"import-script","elevationGeoid":{"geoidHeight":51.818931585064206,"hae":3002.818931585064}},"geometry":{"type":"Point","coordinates":[10.65389,46.92778]}}, {"type":"Feature","id":60,"properties":{"_id":"626144581e911989f7b38e4c","name":"HOCHHEIDE","type":0,"reliability":2,"occurrence":0,"category":[2,1,0],"country":"AT","elevation":{"value":1867,"unit":0,"referenceDatum":1},"timeOfDay":[2,3],"createdAt":"2022-04-21T11:47:36.546Z","updatedAt":"2022-04-21T11:47:36.641Z","createdBy":"AUTO-IMPORTER","updatedBy":"import-script","elevationGeoid":{"geoidHeight":48.33172177791772,"hae":1915.3317217779177}},"geometry":{"type":"Point","coordinates":[14.36583,47.48278]}}, {"type":"Feature","id":61,"properties":{"_id":"62614458f2228b5341bf2a87","name":"HOCHNISSL","type":0,"reliability":2,"occurrence":0,"category":[2,1,0],"country":"AT","elevation":{"value":2353,"unit":0,"referenceDatum":1},"timeOfDay":[2,3],"createdAt":"2022-04-21T11:47:36.815Z","updatedAt":"2022-04-21T11:47:36.833Z","createdBy":"AUTO-IMPORTER","updatedBy":"import-script","elevationGeoid":{"geoidHeight":49.05553718979027,"hae":2402.0555371897904}},"geometry":{"type":"Point","coordinates":[11.61722,47.36472]}}, {"type":"Feature","id":62,"properties":{"_id":"626144581e911989f7b38e5c","name":"HOCHKREUZ","type":0,"reliability":2,"occurrence":0,"category":[2,1,0],"country":"AT","elevation":{"value":2218,"unit":0,"referenceDatum":1},"timeOfDay":[2,3],"createdAt":"2022-04-21T11:47:36.914Z","updatedAt":"2022-04-21T11:47:36.931Z","createdBy":"AUTO-IMPORTER","updatedBy":"import-script","elevationGeoid":{"geoidHeight":50.25026257692153,"hae":2268.2502625769216}},"geometry":{"type":"Point","coordinates":[13.05667,46.78333]}}, {"type":"Feature","id":63,"properties":{"_id":"62614458f2228b5341bf2a91","name":"HOCHOBIR","type":0,"reliability":2,"occurrence":0,"category":[2,1,0],"country":"AT","elevation":{"value":1755,"unit":0,"referenceDatum":1},"timeOfDay":[2,3],"createdAt":"2022-04-21T11:47:36.930Z","updatedAt":"2022-04-21T11:47:36.947Z","createdBy":"AUTO-IMPORTER","updatedBy":"import-script","elevationGeoid":{"geoidHeight":48.2824903875223,"hae":1803.2824903875223}},"geometry":{"type":"Point","coordinates":[14.4975,46.50417]}}, {"type":"Feature","id":64,"properties":{"_id":"626144591e911989f7b38e68","name":"HOCHSAEUL","type":0,"reliability":2,"occurrence":0,"category":[2,1,0],"country":"AT","elevation":{"value":1576,"unit":0,"referenceDatum":1},"timeOfDay":[2,3],"createdAt":"2022-04-21T11:47:37.015Z","updatedAt":"2022-04-21T11:47:37.032Z","createdBy":"AUTO-IMPORTER","updatedBy":"import-script","elevationGeoid":{"geoidHeight":47.95450876851169,"hae":1623.9545087685117}},"geometry":{"type":"Point","coordinates":[12.63333,47.49722]}}, {"type":"Feature","id":65,"properties":{"_id":"626144591e911989f7b38e78","name":"HOCHSTEIN","type":0,"reliability":2,"occurrence":0,"category":[2,1,0],"country":"AT","elevation":{"value":1960,"unit":0,"referenceDatum":1},"timeOfDay":[2,3],"createdAt":"2022-04-21T11:47:37.146Z","updatedAt":"2022-04-21T11:47:37.164Z","createdBy":"AUTO-IMPORTER","updatedBy":"import-script","elevationGeoid":{"geoidHeight":48.5352457320389,"hae":2008.535245732039}},"geometry":{"type":"Point","coordinates":[14.18417,47.45472]}}, {"type":"Feature","id":66,"properties":{"_id":"62614459f2228b5341bf2aa2","name":"HOCHWIPFEL","type":0,"reliability":2,"occurrence":0,"category":[2,1,0],"country":"AT","elevation":{"value":2090,"unit":0,"referenceDatum":1},"timeOfDay":[2,3],"createdAt":"2022-04-21T11:47:37.350Z","updatedAt":"2022-04-21T11:47:37.368Z","createdBy":"AUTO-IMPORTER","updatedBy":"import-script","elevationGeoid":{"geoidHeight":49.584839175868154,"hae":2139.584839175868}},"geometry":{"type":"Point","coordinates":[13.175,46.59444]}}, {"type":"Feature","id":67,"properties":{"_id":"626144591e911989f7b38e83","name":"HOCHTURM","type":0,"reliability":2,"occurrence":0,"category":[2,1,0],"country":"AT","elevation":{"value":1772,"unit":0,"referenceDatum":1},"timeOfDay":[2,3],"createdAt":"2022-04-21T11:47:37.341Z","updatedAt":"2022-04-21T11:47:37.366Z","createdBy":"AUTO-IMPORTER","updatedBy":"import-script","elevationGeoid":{"geoidHeight":47.959305684504756,"hae":1819.9593056845047}},"geometry":{"type":"Point","coordinates":[15.03389,47.52833]}}, {"type":"Feature","id":68,"properties":{"_id":"62614459f2228b5341bf2ab0","name":"HOECHSTEIN","type":0,"reliability":2,"occurrence":0,"category":[2,1,0],"country":"AT","elevation":{"value":2168,"unit":0,"referenceDatum":1},"timeOfDay":[2,3],"createdAt":"2022-04-21T11:47:37.469Z","updatedAt":"2022-04-21T11:47:37.486Z","createdBy":"AUTO-IMPORTER","updatedBy":"import-script","elevationGeoid":{"geoidHeight":49.05140964769561,"hae":2217.0514096476954}},"geometry":{"type":"Point","coordinates":[13.775,47.34167]}}, {"type":"Feature","id":69,"properties":{"_id":"626144591e911989f7b38e9d","name":"HOHE KUGEL","type":0,"reliability":2,"occurrence":2,"category":[0,1,2],"country":"AT","elevation":{"value":1600,"unit":0,"referenceDatum":1},"timeOfDay":[1,2,3],"createdAt":"2022-04-21T11:47:37.660Z","updatedAt":"2022-04-21T11:47:37.695Z","createdBy":"AUTO-IMPORTER","updatedBy":"import-script","elevationGeoid":{"geoidHeight":47.80396340117082,"hae":1647.803963401171}},"geometry":{"type":"Point","coordinates":[9.71622,47.33154]}}, {"type":"Feature","id":70,"properties":{"_id":"62614459f2228b5341bf2abd","name":"HOERNDLE","type":0,"reliability":2,"occurrence":0,"category":[2,1,0],"country":"AT","elevation":{"value":2893,"unit":0,"referenceDatum":1},"timeOfDay":[2,3],"createdAt":"2022-04-21T11:47:37.629Z","updatedAt":"2022-04-21T11:47:37.653Z","createdBy":"AUTO-IMPORTER","updatedBy":"import-script","elevationGeoid":{"geoidHeight":51.55631180989994,"hae":2944.5563118099}},"geometry":{"type":"Point","coordinates":[10.99333,47.09444]}}, {"type":"Feature","id":71,"properties":{"_id":"626144591e911989f7b38eaa","name":"HOHE LEITEN","type":0,"reliability":2,"occurrence":0,"category":[2,1,0],"country":"AT","elevation":{"value":2296,"unit":0,"referenceDatum":1},"timeOfDay":[2,3],"createdAt":"2022-04-21T11:47:37.767Z","updatedAt":"2022-04-21T11:47:37.826Z","createdBy":"AUTO-IMPORTER","updatedBy":"import-script","elevationGeoid":{"geoidHeight":50.106915581461436,"hae":2346.1069155814616}},"geometry":{"type":"Point","coordinates":[13.18861,46.885]}}, {"type":"Feature","id":72,"properties":{"_id":"62614459f2228b5341bf2ad1","name":"HOHER KRANZ BERG","type":0,"reliability":2,"occurrence":0,"category":[2,1,0],"country":"AT","elevation":{"value":1959,"unit":0,"referenceDatum":1},"timeOfDay":[2,3],"createdAt":"2022-04-21T11:47:37.968Z","updatedAt":"2022-04-21T11:47:37.984Z","createdBy":"AUTO-IMPORTER","updatedBy":"import-script","elevationGeoid":{"geoidHeight":49.159335029453786,"hae":2008.1593350294538}},"geometry":{"type":"Point","coordinates":[11.19639,47.42583]}}, {"type":"Feature","id":73,"properties":{"_id":"626144591e911989f7b38eb4","name":"HOHER BURGSTALL","type":0,"reliability":2,"occurrence":0,"category":[2,1,0],"country":"AT","elevation":{"value":2342,"unit":0,"referenceDatum":1},"timeOfDay":[2,3],"createdAt":"2022-04-21T11:47:37.944Z","updatedAt":"2022-04-21T11:47:38.026Z","createdBy":"AUTO-IMPORTER","updatedBy":"import-script","elevationGeoid":{"geoidHeight":50.73277532303126,"hae":2392.732775323031}},"geometry":{"type":"Point","coordinates":[11.28694,47.13028]}}, {"type":"Feature","id":74,"properties":{"_id":"6261445af2228b5341bf2ae1","name":"HUNDSTEIN","type":0,"reliability":2,"occurrence":0,"category":[2,1,0],"country":"AT","elevation":{"value":1817,"unit":0,"referenceDatum":1},"timeOfDay":[2,3],"createdAt":"2022-04-21T11:47:38.165Z","updatedAt":"2022-04-21T11:47:38.182Z","createdBy":"AUTO-IMPORTER","updatedBy":"import-script","elevationGeoid":{"geoidHeight":48.55027687224961,"hae":1865.5502768722497}},"geometry":{"type":"Point","coordinates":[12.89417,47.34361]}}, {"type":"Feature","id":75,"properties":{"_id":"6261445a1e911989f7b38ebf","name":"HUGGENBERGALM","type":0,"reliability":2,"occurrence":0,"category":[2,1,0],"country":"AT","elevation":{"value":1347,"unit":0,"referenceDatum":1},"timeOfDay":[2,3],"createdAt":"2022-04-21T11:47:38.151Z","updatedAt":"2022-04-21T11:47:38.244Z","createdBy":"AUTO-IMPORTER","updatedBy":"import-script","elevationGeoid":{"geoidHeight":48.255893936491134,"hae":1395.2558939364912}},"geometry":{"type":"Point","coordinates":[12.78611,47.42389]}}, {"type":"Feature","id":76,"properties":{"_id":"6261445a1e911989f7b38ed0","name":"KAISER GAUDEAMUS","type":0,"reliability":2,"occurrence":0,"category":[2,1,0],"country":"AT","elevation":{"value":1668,"unit":0,"referenceDatum":1},"timeOfDay":[2,3],"createdAt":"2022-04-21T11:47:38.372Z","updatedAt":"2022-04-21T11:47:38.411Z","createdBy":"AUTO-IMPORTER","updatedBy":"import-script","elevationGeoid":{"geoidHeight":47.47821807468961,"hae":1715.4782180746897}},"geometry":{"type":"Point","coordinates":[12.31417,47.55583]}}, {"type":"Feature","id":77,"properties":{"_id":"6261445af2228b5341bf2aeb","name":"JAUKEN","type":0,"reliability":2,"occurrence":0,"category":[2,1,0],"country":"AT","elevation":{"value":1780,"unit":0,"referenceDatum":1},"timeOfDay":[2,3],"createdAt":"2022-04-21T11:47:38.291Z","updatedAt":"2022-04-21T11:47:38.343Z","createdBy":"AUTO-IMPORTER","updatedBy":"import-script","elevationGeoid":{"geoidHeight":50.08294146837224,"hae":1830.0829414683722}},"geometry":{"type":"Point","coordinates":[13.01472,46.70833]}}, {"type":"Feature","id":78,"properties":{"_id":"6261445a1e911989f7b38eda","name":"KAISER WEST","type":0,"reliability":2,"occurrence":0,"category":[2,1,0],"country":"AT","elevation":{"value":1885,"unit":0,"referenceDatum":1},"timeOfDay":[2,3],"createdAt":"2022-04-21T11:47:38.479Z","updatedAt":"2022-04-21T11:47:38.500Z","createdBy":"AUTO-IMPORTER","updatedBy":"import-script","elevationGeoid":{"geoidHeight":47.45334301020006,"hae":1932.4533430102001}},"geometry":{"type":"Point","coordinates":[12.24306,47.55555]}}, {"type":"Feature","id":79,"properties":{"_id":"6261445a1e911989f7b38ee7","name":"KAMMSPITZE","type":0,"reliability":2,"occurrence":0,"category":[2,1,0],"country":"AT","elevation":{"value":1945,"unit":0,"referenceDatum":1},"timeOfDay":[2,3],"createdAt":"2022-04-21T11:47:38.581Z","updatedAt":"2022-04-21T11:47:38.621Z","createdBy":"AUTO-IMPORTER","updatedBy":"import-script","elevationGeoid":{"geoidHeight":48.28237934680422,"hae":1993.2823793468042}},"geometry":{"type":"Point","coordinates":[13.87917,47.47445]}}, {"type":"Feature","id":80,"properties":{"_id":"6261445af2228b5341bf2b05","name":"KAVALLAR","type":0,"reliability":2,"occurrence":0,"category":[2,1,0],"country":"AT","elevation":{"value":1401,"unit":0,"referenceDatum":1},"timeOfDay":[2,3],"createdAt":"2022-04-21T11:47:38.687Z","updatedAt":"2022-04-21T11:47:38.705Z","createdBy":"AUTO-IMPORTER","updatedBy":"import-script","elevationGeoid":{"geoidHeight":49.42396034907526,"hae":1450.4239603490753}},"geometry":{"type":"Point","coordinates":[13.45861,46.69361]}}, {"type":"Feature","id":81,"properties":{"_id":"6261445af2228b5341bf2b17","name":"KINIGAT","type":0,"reliability":2,"occurrence":0,"category":[2,1,0],"country":"AT","elevation":{"value":2405,"unit":0,"referenceDatum":1},"timeOfDay":[2,3],"createdAt":"2022-04-21T11:47:38.897Z","updatedAt":"2022-04-21T11:47:38.914Z","createdBy":"AUTO-IMPORTER","updatedBy":"import-script","elevationGeoid":{"geoidHeight":51.460476254039776,"hae":2456.46047625404}},"geometry":{"type":"Point","coordinates":[12.53111,46.67056]}}, {"type":"Feature","id":82,"properties":{"_id":"6261445a1e911989f7b38ef4","name":"KELLERJOCH","type":0,"reliability":2,"occurrence":0,"category":[2,1,0],"country":"AT","elevation":{"value":2148,"unit":0,"referenceDatum":1},"timeOfDay":[2,3],"createdAt":"2022-04-21T11:47:38.845Z","updatedAt":"2022-04-21T11:47:38.927Z","createdBy":"AUTO-IMPORTER","updatedBy":"import-script","elevationGeoid":{"geoidHeight":49.147836576458815,"hae":2197.1478365764588}},"geometry":{"type":"Point","coordinates":[11.76389,47.31528]}}, {"type":"Feature","id":83,"properties":{"_id":"6261445b1e911989f7b38efc","name":"KIRCHBERG","type":0,"reliability":2,"occurrence":0,"category":[2,1,0],"country":"AT","elevation":{"value":1575,"unit":0,"referenceDatum":1},"timeOfDay":[2,3],"createdAt":"2022-04-21T11:47:39.034Z","updatedAt":"2022-04-21T11:47:39.057Z","createdBy":"AUTO-IMPORTER","updatedBy":"import-script","elevationGeoid":{"geoidHeight":47.670439250604005,"hae":1622.670439250604}},"geometry":{"type":"Point","coordinates":[12.54694,47.5375]}}, {"type":"Feature","id":84,"properties":{"_id":"6261445b1e911989f7b38f0f","name":"KOBESNOCK","type":0,"reliability":2,"occurrence":0,"category":[2,1,0],"country":"AT","elevation":{"value":1714,"unit":0,"referenceDatum":1},"timeOfDay":[2,3],"createdAt":"2022-04-21T11:47:39.197Z","updatedAt":"2022-04-21T11:47:39.235Z","createdBy":"AUTO-IMPORTER","updatedBy":"import-script","elevationGeoid":{"geoidHeight":49.165016539706755,"hae":1763.1650165397068}},"geometry":{"type":"Point","coordinates":[13.59778,46.64805]}}, {"type":"Feature","id":85,"properties":{"_id":"6261445bf2228b5341bf2b27","name":"KITZBUEHLER HORN","type":0,"reliability":2,"occurrence":0,"category":[2,1,0],"country":"AT","elevation":{"value":1408,"unit":0,"referenceDatum":1},"timeOfDay":[2,3],"createdAt":"2022-04-21T11:47:39.168Z","updatedAt":"2022-04-21T11:47:39.225Z","createdBy":"AUTO-IMPORTER","updatedBy":"import-script","elevationGeoid":{"geoidHeight":48.09792515766253,"hae":1456.0979251576625}},"geometry":{"type":"Point","coordinates":[12.45,47.46667]}}, {"type":"Feature","id":86,"properties":{"_id":"6261445bf2228b5341bf2b34","name":"KRAM KOGEL","type":0,"reliability":2,"occurrence":0,"category":[2,1,0],"country":"AT","elevation":{"value":2391,"unit":0,"referenceDatum":1},"timeOfDay":[2,3],"createdAt":"2022-04-21T11:47:39.420Z","updatedAt":"2022-04-21T11:47:39.445Z","createdBy":"AUTO-IMPORTER","updatedBy":"import-script","elevationGeoid":{"geoidHeight":49.15833126357646,"hae":2440.1583312635767}},"geometry":{"type":"Point","coordinates":[13.03833,47.18833]}}, {"type":"Feature","id":87,"properties":{"_id":"6261445b1e911989f7b38f19","name":"KOSCHUTA","type":0,"reliability":2,"occurrence":0,"category":[2,1,0],"country":"AT","elevation":{"value":2030,"unit":0,"referenceDatum":1},"timeOfDay":[2,3],"createdAt":"2022-04-21T11:47:39.362Z","updatedAt":"2022-04-21T11:47:39.436Z","createdBy":"AUTO-IMPORTER","updatedBy":"import-script","elevationGeoid":{"geoidHeight":48.33397625273142,"hae":2078.333976252731}},"geometry":{"type":"Point","coordinates":[14.39083,46.4425]}}, {"type":"Feature","id":88,"properties":{"_id":"6261445bf2228b5341bf2b43","name":"KREUZJOCH","type":0,"reliability":2,"occurrence":0,"category":[2,1,0],"country":"AT","elevation":{"value":2451,"unit":0,"referenceDatum":1},"timeOfDay":[2,3],"createdAt":"2022-04-21T11:47:39.528Z","updatedAt":"2022-04-21T11:47:39.562Z","createdBy":"AUTO-IMPORTER","updatedBy":"import-script","elevationGeoid":{"geoidHeight":49.71486794176178,"hae":2500.714867941762}},"geometry":{"type":"Point","coordinates":[11.98083,47.25083]}}, {"type":"Feature","id":89,"properties":{"_id":"6261445b1e911989f7b38f27","name":"KREUZJOECHLE","type":0,"reliability":2,"occurrence":0,"category":[2,1,0],"country":"AT","elevation":{"value":2410,"unit":0,"referenceDatum":1},"timeOfDay":[2,3],"createdAt":"2022-04-21T11:47:39.740Z","updatedAt":"2022-04-21T11:47:39.758Z","createdBy":"AUTO-IMPORTER","updatedBy":"import-script","elevationGeoid":{"geoidHeight":50.593258806085544,"hae":2460.5932588060855}},"geometry":{"type":"Point","coordinates":[11.6,47.13056]}}, {"type":"Feature","id":90,"properties":{"_id":"6261445bf2228b5341bf2b5b","name":"KUFSTEIN","type":0,"reliability":2,"occurrence":0,"category":[2,1,0],"country":"AT","elevation":{"value":1821,"unit":0,"referenceDatum":1},"timeOfDay":[2,3],"createdAt":"2022-04-21T11:47:39.958Z","updatedAt":"2022-04-21T11:47:39.976Z","createdBy":"AUTO-IMPORTER","updatedBy":"import-script","elevationGeoid":{"geoidHeight":48.476121637340555,"hae":1869.4761216373406}},"geometry":{"type":"Point","coordinates":[13.72472,47.4475]}}, {"type":"Feature","id":91,"properties":{"_id":"6261445b1e911989f7b38f33","name":"LACHALPE","type":0,"reliability":2,"occurrence":0,"category":[2,1,0],"country":"AT","elevation":{"value":1516,"unit":0,"referenceDatum":1},"timeOfDay":[2,3],"createdAt":"2022-04-21T11:47:39.939Z","updatedAt":"2022-04-21T11:47:39.973Z","createdBy":"AUTO-IMPORTER","updatedBy":"import-script","elevationGeoid":{"geoidHeight":47.77586691817095,"hae":1563.775866918171}},"geometry":{"type":"Point","coordinates":[15.51445,47.68611]}}, {"type":"Feature","id":92,"properties":{"_id":"6261445cf2228b5341bf2b66","name":"LADINGER SPITZE","type":0,"reliability":2,"occurrence":0,"category":[2,1,0],"country":"AT","elevation":{"value":1845,"unit":0,"referenceDatum":1},"timeOfDay":[2,3],"createdAt":"2022-04-21T11:47:40.044Z","updatedAt":"2022-04-21T11:47:40.065Z","createdBy":"AUTO-IMPORTER","updatedBy":"import-script","elevationGeoid":{"geoidHeight":48.89160829205031,"hae":1893.8916082920503}},"geometry":{"type":"Point","coordinates":[14.66833,46.9075]}}, {"type":"Feature","id":93,"properties":{"_id":"6261445bed4452e4a0773190","name":"KREUZJOCH","type":0,"reliability":2,"occurrence":0,"category":[2,1,0],"country":"AT","elevation":{"value":2614,"unit":0,"referenceDatum":1},"timeOfDay":[2,3],"createdAt":"2022-04-21T11:47:39.675Z","updatedAt":"2022-04-21T11:47:40.144Z","createdBy":"AUTO-IMPORTER","updatedBy":"import-script","elevationGeoid":{"geoidHeight":51.346116621804896,"hae":2665.346116621805}},"geometry":{"type":"Point","coordinates":[10.47,46.96917]}}, {"type":"Feature","id":94,"properties":{"_id":"6261445c1e911989f7b38f3f","name":"LATSCHUR","type":0,"reliability":2,"occurrence":0,"category":[2,1,0],"country":"AT","elevation":{"value":2138,"unit":0,"referenceDatum":1},"timeOfDay":[2,3],"createdAt":"2022-04-21T11:47:40.257Z","updatedAt":"2022-04-21T11:47:40.291Z","createdBy":"AUTO-IMPORTER","updatedBy":"import-script","elevationGeoid":{"geoidHeight":49.55030329430954,"hae":2187.5503032943097}},"geometry":{"type":"Point","coordinates":[13.39306,46.73861]}}, {"type":"Feature","id":95,"properties":{"_id":"6261445ced4452e4a077319b","name":"LAGGERSBERG","type":0,"reliability":2,"occurrence":0,"category":[2,1,0],"country":"AT","elevation":{"value":1776,"unit":0,"referenceDatum":1},"timeOfDay":[2,3],"createdAt":"2022-04-21T11:47:40.282Z","updatedAt":"2022-04-21T11:47:40.320Z","createdBy":"AUTO-IMPORTER","updatedBy":"import-script","elevationGeoid":{"geoidHeight":50.494924246043865,"hae":1826.4949242460439}},"geometry":{"type":"Point","coordinates":[10.68056,47.2225]}}, {"type":"Feature","id":96,"properties":{"_id":"6261445cf2228b5341bf2b7c","name":"LENKENSPITZE","type":0,"reliability":2,"occurrence":0,"category":[2,1,0],"country":"AT","elevation":{"value":2202,"unit":0,"referenceDatum":1},"timeOfDay":[2,3],"createdAt":"2022-04-21T11:47:40.361Z","updatedAt":"2022-04-21T11:47:40.425Z","createdBy":"AUTO-IMPORTER","updatedBy":"import-script","elevationGeoid":{"geoidHeight":49.81710187111588,"hae":2251.817101871116}},"geometry":{"type":"Point","coordinates":[13.26861,46.79167]}}, {"type":"Feature","id":97,"properties":{"_id":"6261445cf2228b5341bf2b86","name":"LERCHENWAND NORD","type":0,"reliability":2,"occurrence":0,"category":[2,1,0],"country":"AT","elevation":{"value":1995,"unit":0,"referenceDatum":1},"timeOfDay":[2,3],"createdAt":"2022-04-21T11:47:40.532Z","updatedAt":"2022-04-21T11:47:40.551Z","createdBy":"AUTO-IMPORTER","updatedBy":"import-script","elevationGeoid":{"geoidHeight":49.40587645378767,"hae":2044.4058764537876}},"geometry":{"type":"Point","coordinates":[12.61528,47.23917]}}, {"type":"Feature","id":98,"properties":{"_id":"6261445ced4452e4a07731ad","name":"LERCHENWAND SUED","type":0,"reliability":2,"occurrence":0,"category":[2,1,0],"country":"AT","elevation":{"value":1995,"unit":0,"referenceDatum":1},"timeOfDay":[2,3],"createdAt":"2022-04-21T11:47:40.586Z","updatedAt":"2022-04-21T11:47:40.625Z","createdBy":"AUTO-IMPORTER","updatedBy":"import-script","elevationGeoid":{"geoidHeight":49.531824764931,"hae":2044.5318247649311}},"geometry":{"type":"Point","coordinates":[12.61639,47.22583]}}, {"type":"Feature","id":99,"properties":{"_id":"6261445c1e911989f7b38f50","name":"LICHTSPITZE","type":0,"reliability":2,"occurrence":0,"category":[2,1,0],"country":"AT","elevation":{"value":2289,"unit":0,"referenceDatum":1},"timeOfDay":[2,3],"createdAt":"2022-04-21T11:47:40.655Z","updatedAt":"2022-04-21T11:47:40.689Z","createdBy":"AUTO-IMPORTER","updatedBy":"import-script","elevationGeoid":{"geoidHeight":50.29531495997023,"hae":2339.2953149599703}},"geometry":{"type":"Point","coordinates":[10.53306,47.29417]}}, {"type":"Feature","id":100,"properties":{"_id":"6261445c1e911989f7b38f5a","name":"LOFERER","type":0,"reliability":2,"occurrence":0,"category":[2,1,0],"country":"AT","elevation":{"value":1893,"unit":0,"referenceDatum":1},"timeOfDay":[2,3],"createdAt":"2022-04-21T11:47:40.770Z","updatedAt":"2022-04-21T11:47:40.803Z","createdBy":"AUTO-IMPORTER","updatedBy":"import-script","elevationGeoid":{"geoidHeight":47.68192534478126,"hae":1940.6819253447813}},"geometry":{"type":"Point","coordinates":[12.59861,47.54111]}}, {"type":"Feature","id":101,"properties":{"_id":"6261445cf2228b5341bf2b9e","name":"MAERZENGRUND OST","type":0,"reliability":2,"occurrence":0,"category":[2,1,0],"country":"AT","elevation":{"value":1944,"unit":0,"referenceDatum":1},"timeOfDay":[2,3],"createdAt":"2022-04-21T11:47:40.868Z","updatedAt":"2022-04-21T11:47:40.890Z","createdBy":"AUTO-IMPORTER","updatedBy":"import-script","elevationGeoid":{"geoidHeight":49.16371418052009,"hae":1993.1637141805202}},"geometry":{"type":"Point","coordinates":[11.95472,47.32917]}}, {"type":"Feature","id":102,"properties":{"_id":"6261445c1e911989f7b38f6c","name":"MAERZENGRUND WEST","type":0,"reliability":2,"occurrence":0,"category":[2,1,0],"country":"AT","elevation":{"value":2023,"unit":0,"referenceDatum":1},"timeOfDay":[2,3],"createdAt":"2022-04-21T11:47:40.967Z","updatedAt":"2022-04-21T11:47:41.001Z","createdBy":"AUTO-IMPORTER","updatedBy":"import-script","elevationGeoid":{"geoidHeight":49.09797780533424,"hae":2072.0979778053343}},"geometry":{"type":"Point","coordinates":[11.90861,47.32389]}}, {"type":"Feature","id":103,"properties":{"_id":"6261445df2228b5341bf2bad","name":"MESSNERIN","type":0,"reliability":2,"occurrence":0,"category":[2,1,0],"country":"AT","elevation":{"value":1505,"unit":0,"referenceDatum":1},"timeOfDay":[2,3],"createdAt":"2022-04-21T11:47:41.079Z","updatedAt":"2022-04-21T11:47:41.113Z","createdBy":"AUTO-IMPORTER","updatedBy":"import-script","elevationGeoid":{"geoidHeight":47.92712218959579,"hae":1552.9271221895958}},"geometry":{"type":"Point","coordinates":[15.08028,47.55472]}}, {"type":"Feature","id":104,"properties":{"_id":"6261445d1e911989f7b38f7a","name":"MT COCCO NORD","type":0,"reliability":2,"occurrence":0,"category":[2,1,0],"country":"AT","elevation":{"value":1797,"unit":0,"referenceDatum":1},"timeOfDay":[2,3],"createdAt":"2022-04-21T11:47:41.229Z","updatedAt":"2022-04-21T11:47:41.268Z","createdBy":"AUTO-IMPORTER","updatedBy":"import-script","elevationGeoid":{"geoidHeight":49.19580263212052,"hae":1846.1958026321206}},"geometry":{"type":"Point","coordinates":[13.45861,46.55945]}}, {"type":"Feature","id":105,"properties":{"_id":"6261445df2228b5341bf2bbf","name":"PFUNDS","type":0,"reliability":2,"occurrence":0,"category":[2,1,0],"country":"AT","elevation":{"value":2471,"unit":0,"referenceDatum":1},"timeOfDay":[2,3],"createdAt":"2022-04-21T11:47:41.492Z","updatedAt":"2022-04-21T11:47:41.510Z","createdBy":"AUTO-IMPORTER","updatedBy":"import-script","elevationGeoid":{"geoidHeight":51.26340774323518,"hae":2522.2634077432353}},"geometry":{"type":"Point","coordinates":[10.52167,47.00861]}}, {"type":"Feature","id":106,"properties":{"_id":"6261445d1e911989f7b38f83","name":"MURKAR SPITZE","type":0,"reliability":2,"occurrence":0,"category":[2,1,0],"country":"AT","elevation":{"value":2709,"unit":0,"referenceDatum":1},"timeOfDay":[2,3],"createdAt":"2022-04-21T11:47:41.510Z","updatedAt":"2022-04-21T11:47:41.528Z","createdBy":"AUTO-IMPORTER","updatedBy":"import-script","elevationGeoid":{"geoidHeight":51.90545265771431,"hae":2760.9054526577142}},"geometry":{"type":"Point","coordinates":[11.02417,47.03111]}}, {"type":"Feature","id":107,"properties":{"_id":"6261445df2228b5341bf2bc9","name":"PFÄNDER","type":0,"reliability":2,"occurrence":2,"category":[0,1,2],"country":"AT","elevation":{"value":1100,"unit":0,"referenceDatum":1},"timeOfDay":[1,2,3,4],"createdAt":"2022-04-21T11:47:41.590Z","updatedAt":"2022-04-21T11:47:41.607Z","createdBy":"AUTO-IMPORTER","updatedBy":"import-script","elevationGeoid":{"geoidHeight":47.20551935081275,"hae":1147.2055193508127}},"geometry":{"type":"Point","coordinates":[9.78269,47.4978]}}, {"type":"Feature","id":108,"properties":{"_id":"6261445d1e911989f7b38f8c","name":"NESSELWÄNGLE","type":0,"reliability":1,"occurrence":0,"category":[0,1,2],"country":"AT","elevation":{"value":1867,"unit":0,"referenceDatum":1},"timeOfDay":[2,3],"createdAt":"2022-04-21T11:47:41.547Z","updatedAt":"2022-04-21T11:47:41.596Z","createdBy":"AUTO-IMPORTER","updatedBy":"import-script","elevationGeoid":{"geoidHeight":49.01660606051439,"hae":1916.0166060605143}},"geometry":{"type":"Point","coordinates":[10.6452,47.49269]}}, {"type":"Feature","id":109,"properties":{"_id":"6261445df2228b5341bf2bd8","name":"PLACKEN","type":0,"reliability":2,"occurrence":0,"category":[2,1,0],"country":"AT","elevation":{"value":1816,"unit":0,"referenceDatum":1},"timeOfDay":[2,3],"createdAt":"2022-04-21T11:47:41.725Z","updatedAt":"2022-04-21T11:47:41.749Z","createdBy":"AUTO-IMPORTER","updatedBy":"import-script","elevationGeoid":{"geoidHeight":48.18923660379332,"hae":1864.1892366037932}},"geometry":{"type":"Point","coordinates":[14.62583,47.5]}}, {"type":"Feature","id":110,"properties":{"_id":"6261445d1e911989f7b38fa5","name":"PLATZERSPITZE","type":0,"reliability":2,"occurrence":0,"category":[2,1,0],"country":"AT","elevation":{"value":2883,"unit":0,"referenceDatum":1},"timeOfDay":[2,3],"createdAt":"2022-04-21T11:47:41.848Z","updatedAt":"2022-04-21T11:47:41.865Z","createdBy":"AUTO-IMPORTER","updatedBy":"import-script","elevationGeoid":{"geoidHeight":51.886472928957915,"hae":2934.886472928958}},"geometry":{"type":"Point","coordinates":[10.64833,46.90861]}}, {"type":"Feature","id":111,"properties":{"_id":"6261445e1e911989f7b38fb3","name":"PLOECKEN","type":0,"reliability":2,"occurrence":0,"category":[2,1,0],"country":"AT","elevation":{"value":2124,"unit":0,"referenceDatum":1},"timeOfDay":[2,3],"createdAt":"2022-04-21T11:47:42.100Z","updatedAt":"2022-04-21T11:47:42.119Z","createdBy":"AUTO-IMPORTER","updatedBy":"import-script","elevationGeoid":{"geoidHeight":49.980954903269605,"hae":2173.98095490327}},"geometry":{"type":"Point","coordinates":[12.99028,46.6225]}}, {"type":"Feature","id":112,"properties":{"_id":"6261445ef2228b5341bf2beb","name":"PRAISWAND","type":0,"reliability":2,"occurrence":0,"category":[2,1,0],"country":"AT","elevation":{"value":2263,"unit":0,"referenceDatum":1},"timeOfDay":[2,3],"createdAt":"2022-04-21T11:47:42.116Z","updatedAt":"2022-04-21T11:47:42.134Z","createdBy":"AUTO-IMPORTER","updatedBy":"import-script","elevationGeoid":{"geoidHeight":51.31526016220181,"hae":2314.315260162202}},"geometry":{"type":"Point","coordinates":[10.53639,46.99389]}}, {"type":"Feature","id":113,"properties":{"_id":"6261445e1e911989f7b38fb8","name":"POLINIK","type":0,"reliability":2,"occurrence":0,"category":[2,1,0],"country":"AT","elevation":{"value":2686,"unit":0,"referenceDatum":1},"timeOfDay":[2,3],"createdAt":"2022-04-21T11:47:42.122Z","updatedAt":"2022-04-21T11:47:42.148Z","createdBy":"AUTO-IMPORTER","updatedBy":"import-script","elevationGeoid":{"geoidHeight":50.13872599506533,"hae":2736.138725995065}},"geometry":{"type":"Point","coordinates":[13.15806,46.89583]}}, {"type":"Feature","id":114,"properties":{"_id":"6261445e1e911989f7b38fc9","name":"RAMSAU SCHEICHENSPITZE","type":0,"reliability":2,"occurrence":0,"category":[2,1,0],"country":"AT","elevation":{"value":2373,"unit":0,"referenceDatum":1},"timeOfDay":[2,3],"createdAt":"2022-04-21T11:47:42.214Z","updatedAt":"2022-04-21T11:47:42.231Z","createdBy":"AUTO-IMPORTER","updatedBy":"import-script","elevationGeoid":{"geoidHeight":48.45201189710002,"hae":2421.4520118971}},"geometry":{"type":"Point","coordinates":[13.64306,47.44778]}}, {"type":"Feature","id":115,"properties":{"_id":"6261445ef2228b5341bf2bfe","name":"RANKEN","type":0,"reliability":2,"occurrence":0,"category":[2,1,0],"country":"AT","elevation":{"value":1668,"unit":0,"referenceDatum":1},"timeOfDay":[2,3],"createdAt":"2022-04-21T11:47:42.320Z","updatedAt":"2022-04-21T11:47:42.343Z","createdBy":"AUTO-IMPORTER","updatedBy":"import-script","elevationGeoid":{"geoidHeight":48.52980627983641,"hae":1716.5298062798365}},"geometry":{"type":"Point","coordinates":[12.48333,47.41667]}}, {"type":"Feature","id":116,"properties":{"_id":"6261445ef2228b5341bf2c0a","name":"RAUSCHKOGEL","type":0,"reliability":2,"occurrence":0,"category":[2,1,0],"country":"AT","elevation":{"value":1202,"unit":0,"referenceDatum":1},"timeOfDay":[2,3],"createdAt":"2022-04-21T11:47:42.633Z","updatedAt":"2022-04-21T11:47:42.650Z","createdBy":"AUTO-IMPORTER","updatedBy":"import-script","elevationGeoid":{"geoidHeight":47.81872339067678,"hae":1249.8187233906767}},"geometry":{"type":"Point","coordinates":[15.39361,47.60611]}}, {"type":"Feature","id":117,"properties":{"_id":"6261445e1e911989f7b38fe0","name":"RASTKOGEL","type":0,"reliability":2,"occurrence":0,"category":[2,1,0],"country":"AT","elevation":{"value":2358,"unit":0,"referenceDatum":1},"timeOfDay":[2,3],"createdAt":"2022-04-21T11:47:42.526Z","updatedAt":"2022-04-21T11:47:42.565Z","createdBy":"AUTO-IMPORTER","updatedBy":"import-script","elevationGeoid":{"geoidHeight":50.1300369842844,"hae":2408.1300369842843}},"geometry":{"type":"Point","coordinates":[11.75083,47.19361]}}, {"type":"Feature","id":118,"properties":{"_id":"6261445e1e911989f7b38feb","name":"RAUHERKAMM","type":0,"reliability":2,"occurrence":0,"category":[2,1,0],"country":"AT","elevation":{"value":1975,"unit":0,"referenceDatum":1},"timeOfDay":[2,3],"createdAt":"2022-04-21T11:47:42.688Z","updatedAt":"2022-04-21T11:47:42.752Z","createdBy":"AUTO-IMPORTER","updatedBy":"import-script","elevationGeoid":{"geoidHeight":50.44107285269436,"hae":2025.4410728526943}},"geometry":{"type":"Point","coordinates":[11.53389,47.14472]}}, {"type":"Feature","id":119,"properties":{"_id":"6261445ef2228b5341bf2c15","name":"RAX","type":0,"reliability":2,"occurrence":0,"category":[2,1,0],"country":"AT","elevation":{"value":1562,"unit":0,"referenceDatum":1},"timeOfDay":[2,3],"createdAt":"2022-04-21T11:47:42.774Z","updatedAt":"2022-04-21T11:47:42.844Z","createdBy":"AUTO-IMPORTER","updatedBy":"import-script","elevationGeoid":{"geoidHeight":47.71190181052478,"hae":1609.7119018105248}},"geometry":{"type":"Point","coordinates":[15.69722,47.68222]}}, {"type":"Feature","id":120,"properties":{"_id":"6261445ef2228b5341bf2c1d","name":"REICHENSTEIN","type":0,"reliability":2,"occurrence":0,"category":[2,1,0],"country":"AT","elevation":{"value":1692,"unit":0,"referenceDatum":1},"timeOfDay":[2,3],"createdAt":"2022-04-21T11:47:42.871Z","updatedAt":"2022-04-21T11:47:42.968Z","createdBy":"AUTO-IMPORTER","updatedBy":"import-script","elevationGeoid":{"geoidHeight":48.001935713536454,"hae":1740.0019357135366}},"geometry":{"type":"Point","coordinates":[14.51472,47.52972]}}, {"type":"Feature","id":121,"properties":{"_id":"6261445e1e911989f7b39005","name":"REISSECK","type":0,"reliability":2,"occurrence":0,"category":[2,1,0],"country":"AT","elevation":{"value":2249,"unit":0,"referenceDatum":1},"timeOfDay":[2,3],"createdAt":"2022-04-21T11:47:42.982Z","updatedAt":"2022-04-21T11:47:43.019Z","createdBy":"AUTO-IMPORTER","updatedBy":"import-script","elevationGeoid":{"geoidHeight":49.951374583994095,"hae":2298.951374583994}},"geometry":{"type":"Point","coordinates":[13.29556,46.92167]}}, {"type":"Feature","id":122,"properties":{"_id":"6261445ff2228b5341bf2c2f","name":"REITHER SPITZE","type":0,"reliability":2,"occurrence":0,"category":[2,1,0],"country":"AT","elevation":{"value":1703,"unit":0,"referenceDatum":1},"timeOfDay":[2,3],"createdAt":"2022-04-21T11:47:43.160Z","updatedAt":"2022-04-21T11:47:43.183Z","createdBy":"AUTO-IMPORTER","updatedBy":"import-script","elevationGeoid":{"geoidHeight":49.67863886327038,"hae":1752.6786388632704}},"geometry":{"type":"Point","coordinates":[11.225,47.31333]}}, {"type":"Feature","id":123,"properties":{"_id":"6261445f1e911989f7b3900d","name":"REISSKOFEL","type":0,"reliability":2,"occurrence":0,"category":[2,1,0],"country":"AT","elevation":{"value":1809,"unit":0,"referenceDatum":1},"timeOfDay":[2,3],"createdAt":"2022-04-21T11:47:43.070Z","updatedAt":"2022-04-21T11:47:43.131Z","createdBy":"AUTO-IMPORTER","updatedBy":"import-script","elevationGeoid":{"geoidHeight":49.87310045640791,"hae":1858.8731004564079}},"geometry":{"type":"Point","coordinates":[13.10056,46.69333]}}, {"type":"Feature","id":124,"properties":{"_id":"6261445ff2228b5341bf2c3e","name":"REITSTEIN","type":0,"reliability":2,"occurrence":0,"category":[2,1,0],"country":"AT","elevation":{"value":1507,"unit":0,"referenceDatum":1},"timeOfDay":[2,3],"createdAt":"2022-04-21T11:47:43.276Z","updatedAt":"2022-04-21T11:47:43.310Z","createdBy":"AUTO-IMPORTER","updatedBy":"import-script","elevationGeoid":{"geoidHeight":47.92983931346407,"hae":1554.929839313464}},"geometry":{"type":"Point","coordinates":[11.67817,47.58436]}}, {"type":"Feature","id":125,"properties":{"_id":"6261445f1e911989f7b39023","name":"ROETELSTEIN","type":0,"reliability":2,"occurrence":0,"category":[2,1,0],"country":"AT","elevation":{"value":2166,"unit":0,"referenceDatum":1},"timeOfDay":[2,3],"createdAt":"2022-04-21T11:47:43.528Z","updatedAt":"2022-04-21T11:47:43.548Z","createdBy":"AUTO-IMPORTER","updatedBy":"import-script","elevationGeoid":{"geoidHeight":48.29887259617831,"hae":2214.298872596178}},"geometry":{"type":"Point","coordinates":[13.55572,47.4573]}}, {"type":"Feature","id":126,"properties":{"_id":"6261445ff2228b5341bf2c4d","name":"RENNFELD","type":0,"reliability":2,"occurrence":0,"category":[2,1,0],"country":"AT","elevation":{"value":1480,"unit":0,"referenceDatum":1},"timeOfDay":[2,3],"createdAt":"2022-04-21T11:47:43.454Z","updatedAt":"2022-04-21T11:47:43.526Z","createdBy":"AUTO-IMPORTER","updatedBy":"import-script","elevationGeoid":{"geoidHeight":47.814090150877746,"hae":1527.8140901508777}},"geometry":{"type":"Point","coordinates":[15.35472,47.40556]}}, {"type":"Feature","id":127,"properties":{"_id":"6261445f1e911989f7b3902b","name":"ROFELE WAND","type":0,"reliability":2,"occurrence":0,"category":[2,1,0],"country":"AT","elevation":{"value":2862,"unit":0,"referenceDatum":1},"timeOfDay":[2,3],"createdAt":"2022-04-21T11:47:43.600Z","updatedAt":"2022-04-21T11:47:43.616Z","createdBy":"AUTO-IMPORTER","updatedBy":"import-script","elevationGeoid":{"geoidHeight":51.58763574108181,"hae":2913.5876357410816}},"geometry":{"type":"Point","coordinates":[10.80083,47.03972]}}, {"type":"Feature","id":128,"properties":{"_id":"6261445ff2228b5341bf2c5d","name":"ROSSBRAND","type":0,"reliability":2,"occurrence":0,"category":[2,1,0],"country":"AT","elevation":{"value":1755,"unit":0,"referenceDatum":1},"timeOfDay":[2,3],"createdAt":"2022-04-21T11:47:43.690Z","updatedAt":"2022-04-21T11:47:43.710Z","createdBy":"AUTO-IMPORTER","updatedBy":"import-script","elevationGeoid":{"geoidHeight":48.33861855939574,"hae":1803.3386185593959}},"geometry":{"type":"Point","coordinates":[13.47865,47.4155]}}, {"type":"Feature","id":129,"properties":{"_id":"6261445f1e911989f7b3903b","name":"ROTER SCHROFEN","type":0,"reliability":2,"occurrence":0,"category":[2,1,0],"country":"AT","elevation":{"value":2566,"unit":0,"referenceDatum":1},"timeOfDay":[2,3],"createdAt":"2022-04-21T11:47:43.857Z","updatedAt":"2022-04-21T11:47:43.927Z","createdBy":"AUTO-IMPORTER","updatedBy":"import-script","elevationGeoid":{"geoidHeight":51.3416578900117,"hae":2617.341657890012}},"geometry":{"type":"Point","coordinates":[10.7175,47.04333]}}, {"type":"Feature","id":130,"properties":{"_id":"62614460f2228b5341bf2c76","name":"ROTKOFEL","type":0,"reliability":2,"occurrence":0,"category":[2,1,0],"country":"AT","elevation":{"value":2586,"unit":0,"referenceDatum":1},"timeOfDay":[2,3],"createdAt":"2022-04-21T11:47:44.002Z","updatedAt":"2022-04-21T11:47:44.053Z","createdBy":"AUTO-IMPORTER","updatedBy":"import-script","elevationGeoid":{"geoidHeight":51.07212255787033,"hae":2637.0721225578704}},"geometry":{"type":"Point","coordinates":[12.695,46.90917]}}, {"type":"Feature","id":131,"properties":{"_id":"626144601e911989f7b39044","name":"ROTE WAND","type":0,"reliability":2,"occurrence":0,"category":[2,1,0],"country":"AT","elevation":{"value":1461,"unit":0,"referenceDatum":1},"timeOfDay":[2,3],"createdAt":"2022-04-21T11:47:44.092Z","updatedAt":"2022-04-21T11:47:44.165Z","createdBy":"AUTO-IMPORTER","updatedBy":"import-script","elevationGeoid":{"geoidHeight":48.853481923534645,"hae":1509.8534819235347}},"geometry":{"type":"Point","coordinates":[13.74583,46.59055]}}, {"type":"Feature","id":132,"properties":{"_id":"62614460f2228b5341bf2c7e","name":"RUPPRECHTSECK","type":0,"reliability":2,"occurrence":0,"category":[2,1,0],"country":"AT","elevation":{"value":2277,"unit":0,"referenceDatum":1},"timeOfDay":[2,3],"createdAt":"2022-04-21T11:47:44.148Z","updatedAt":"2022-04-21T11:47:44.172Z","createdBy":"AUTO-IMPORTER","updatedBy":"import-script","elevationGeoid":{"geoidHeight":49.61381575546548,"hae":2326.6138157554656}},"geometry":{"type":"Point","coordinates":[14.03222,47.21055]}}, {"type":"Feature","id":133,"properties":{"_id":"62614460f2228b5341bf2c8b","name":"SANDSPITZE MITTE","type":0,"reliability":2,"occurrence":0,"category":[2,1,0],"country":"AT","elevation":{"value":1623,"unit":0,"referenceDatum":1},"timeOfDay":[2,3],"createdAt":"2022-04-21T11:47:44.345Z","updatedAt":"2022-04-21T11:47:44.401Z","createdBy":"AUTO-IMPORTER","updatedBy":"import-script","elevationGeoid":{"geoidHeight":50.800192987419564,"hae":1673.8001929874195}},"geometry":{"type":"Point","coordinates":[12.79528,46.71417]}}, {"type":"Feature","id":134,"properties":{"_id":"62614460ed4452e4a07731bd","name":"SATTELNOCK","type":0,"reliability":2,"occurrence":0,"category":[2,1,0],"country":"AT","elevation":{"value":1857,"unit":0,"referenceDatum":1},"timeOfDay":[2,3],"createdAt":"2022-04-21T11:47:44.423Z","updatedAt":"2022-04-21T11:47:44.482Z","createdBy":"AUTO-IMPORTER","updatedBy":"import-script","elevationGeoid":{"geoidHeight":49.771062400664505,"hae":1906.7710624006645}},"geometry":{"type":"Point","coordinates":[13.13667,46.68306]}}, {"type":"Feature","id":135,"properties":{"_id":"626144601e911989f7b39053","name":"SANDSPITZE OST","type":0,"reliability":2,"occurrence":0,"category":[2,1,0],"country":"AT","elevation":{"value":1786,"unit":0,"referenceDatum":1},"timeOfDay":[2,3],"createdAt":"2022-04-21T11:47:44.311Z","updatedAt":"2022-04-21T11:47:44.390Z","createdBy":"AUTO-IMPORTER","updatedBy":"import-script","elevationGeoid":{"geoidHeight":50.40152633842777,"hae":1836.4015263384279}},"geometry":{"type":"Point","coordinates":[12.90889,46.71889]}}, {"type":"Feature","id":136,"properties":{"_id":"62614460f2228b5341bf2ca0","name":"SAUSTEIGEN","type":0,"reliability":2,"occurrence":0,"category":[2,1,0],"country":"AT","elevation":{"value":1739,"unit":0,"referenceDatum":1},"timeOfDay":[2,3],"createdAt":"2022-04-21T11:47:44.516Z","updatedAt":"2022-04-21T11:47:44.539Z","createdBy":"AUTO-IMPORTER","updatedBy":"import-script","elevationGeoid":{"geoidHeight":48.43427619130347,"hae":1787.4342761913035}},"geometry":{"type":"Point","coordinates":[12.76139,47.38278]}}, {"type":"Feature","id":137,"properties":{"_id":"62614460ed4452e4a07731cc","name":"SCHEIBENBUEHEL","type":0,"reliability":2,"occurrence":0,"category":[2,1,0],"country":"AT","elevation":{"value":1762,"unit":0,"referenceDatum":1},"timeOfDay":[2,3],"createdAt":"2022-04-21T11:47:44.724Z","updatedAt":"2022-04-21T11:47:44.752Z","createdBy":"AUTO-IMPORTER","updatedBy":"import-script","elevationGeoid":{"geoidHeight":47.24884958015289,"hae":1809.2488495801529}},"geometry":{"type":"Point","coordinates":[12.32222,47.59222]}}, {"type":"Feature","id":138,"properties":{"_id":"626144601e911989f7b39061","name":"SCHARTLKOPF","type":0,"reliability":2,"occurrence":0,"category":[2,1,0],"country":"AT","elevation":{"value":2416,"unit":0,"referenceDatum":1},"timeOfDay":[2,3],"createdAt":"2022-04-21T11:47:44.760Z","updatedAt":"2022-04-21T11:47:44.778Z","createdBy":"AUTO-IMPORTER","updatedBy":"import-script","elevationGeoid":{"geoidHeight":51.596681767459415,"hae":2467.5966817674594}},"geometry":{"type":"Point","coordinates":[10.54,46.88778]}}, {"type":"Feature","id":139,"properties":{"_id":"626144601e911989f7b3906b","name":"SCHLEINITZ","type":0,"reliability":2,"occurrence":0,"category":[2,1,0],"country":"AT","elevation":{"value":2390,"unit":0,"referenceDatum":1},"timeOfDay":[2,3],"createdAt":"2022-04-21T11:47:44.861Z","updatedAt":"2022-04-21T11:47:44.878Z","createdBy":"AUTO-IMPORTER","updatedBy":"import-script","elevationGeoid":{"geoidHeight":50.89496982096824,"hae":2440.894969820968}},"geometry":{"type":"Point","coordinates":[12.76667,46.8875]}}, {"type":"Feature","id":140,"properties":{"_id":"62614460f2228b5341bf2cb5","name":"SCHMITTENHOEHE","type":0,"reliability":2,"occurrence":0,"category":[2,1,0],"country":"AT","elevation":{"value":1659,"unit":0,"referenceDatum":1},"timeOfDay":[2,3],"createdAt":"2022-04-21T11:47:44.924Z","updatedAt":"2022-04-21T11:47:44.977Z","createdBy":"AUTO-IMPORTER","updatedBy":"import-script","elevationGeoid":{"geoidHeight":48.74861916308521,"hae":1707.748619163085}},"geometry":{"type":"Point","coordinates":[12.74806,47.31694]}}, {"type":"Feature","id":141,"properties":{"_id":"626144611e911989f7b39079","name":"SCHNEEALPE","type":0,"reliability":2,"occurrence":0,"category":[2,1,0],"country":"AT","elevation":{"value":1592,"unit":0,"referenceDatum":1},"timeOfDay":[2,3],"createdAt":"2022-04-21T11:47:45.058Z","updatedAt":"2022-04-21T11:47:45.127Z","createdBy":"AUTO-IMPORTER","updatedBy":"import-script","elevationGeoid":{"geoidHeight":47.7695790598689,"hae":1639.7695790598689}},"geometry":{"type":"Point","coordinates":[15.60333,47.68444]}}, {"type":"Feature","id":142,"properties":{"_id":"62614461ed4452e4a07731d8","name":"SCHNEEBERG","type":0,"reliability":2,"occurrence":0,"category":[2,1,0],"country":"AT","elevation":{"value":1787,"unit":0,"referenceDatum":1},"timeOfDay":[2,3],"createdAt":"2022-04-21T11:47:45.148Z","updatedAt":"2022-04-21T11:47:45.189Z","createdBy":"AUTO-IMPORTER","updatedBy":"import-script","elevationGeoid":{"geoidHeight":48.45406417934785,"hae":1835.4540641793478}},"geometry":{"type":"Point","coordinates":[13.07639,47.36611]}}, {"type":"Feature","id":143,"properties":{"_id":"62614461f2228b5341bf2ccc","name":"SCHROTTKOPF NORD","type":0,"reliability":2,"occurrence":0,"category":[2,1,0],"country":"AT","elevation":{"value":2375,"unit":0,"referenceDatum":1},"timeOfDay":[2,3],"createdAt":"2022-04-21T11:47:45.348Z","updatedAt":"2022-04-21T11:47:45.367Z","createdBy":"AUTO-IMPORTER","updatedBy":"import-script","elevationGeoid":{"geoidHeight":49.56330907354544,"hae":2424.5633090735455}},"geometry":{"type":"Point","coordinates":[12.52722,47.23139]}}, {"type":"Feature","id":144,"properties":{"_id":"626144611e911989f7b39085","name":"SCHOBERPASS","type":0,"reliability":2,"occurrence":0,"category":[2,1,0],"country":"AT","elevation":{"value":1791,"unit":0,"referenceDatum":1},"timeOfDay":[2,3],"createdAt":"2022-04-21T11:47:45.333Z","updatedAt":"2022-04-21T11:47:45.359Z","createdBy":"AUTO-IMPORTER","updatedBy":"import-script","elevationGeoid":{"geoidHeight":48.1945015358593,"hae":1839.1945015358592}},"geometry":{"type":"Point","coordinates":[14.725,47.4875]}}, {"type":"Feature","id":145,"properties":{"_id":"626144611e911989f7b39090","name":"SCHROTTKOPF SUED","type":0,"reliability":2,"occurrence":0,"category":[2,1,0],"country":"AT","elevation":{"value":2589,"unit":0,"referenceDatum":1},"timeOfDay":[2,3],"createdAt":"2022-04-21T11:47:45.448Z","updatedAt":"2022-04-21T11:47:45.469Z","createdBy":"AUTO-IMPORTER","updatedBy":"import-script","elevationGeoid":{"geoidHeight":49.79450954887153,"hae":2638.7945095488717}},"geometry":{"type":"Point","coordinates":[12.54139,47.20528]}}, {"type":"Feature","id":146,"properties":{"_id":"62614461f2228b5341bf2ce5","name":"SCHUETTKOGEL","type":0,"reliability":2,"occurrence":0,"category":[2,1,0],"country":"AT","elevation":{"value":1886,"unit":0,"referenceDatum":1},"timeOfDay":[2,3],"createdAt":"2022-04-21T11:47:45.546Z","updatedAt":"2022-04-21T11:47:45.565Z","createdBy":"AUTO-IMPORTER","updatedBy":"import-script","elevationGeoid":{"geoidHeight":48.37195776535506,"hae":1934.371957765355}},"geometry":{"type":"Point","coordinates":[14.31306,47.48028]}}, {"type":"Feature","id":147,"properties":{"_id":"62614461f2228b5341bf2cf0","name":"SCHWARZENBERG","type":0,"reliability":2,"occurrence":0,"category":[2,1,0],"country":"AT","elevation":{"value":1334,"unit":0,"referenceDatum":1},"timeOfDay":[2,3],"createdAt":"2022-04-21T11:47:45.667Z","updatedAt":"2022-04-21T11:47:45.738Z","createdBy":"AUTO-IMPORTER","updatedBy":"import-script","elevationGeoid":{"geoidHeight":47.230049596356565,"hae":1381.2300495963566}},"geometry":{"type":"Point","coordinates":[15.87306,47.76139]}}, {"type":"Feature","id":148,"properties":{"_id":"626144611e911989f7b3909e","name":"SCHWARZKOGEL","type":0,"reliability":2,"occurrence":0,"category":[2,1,0],"country":"AT","elevation":{"value":1368,"unit":0,"referenceDatum":1},"timeOfDay":[2,3],"createdAt":"2022-04-21T11:47:45.837Z","updatedAt":"2022-04-21T11:47:45.861Z","createdBy":"AUTO-IMPORTER","updatedBy":"import-script","elevationGeoid":{"geoidHeight":47.85181339207662,"hae":1415.8518133920766}},"geometry":{"type":"Point","coordinates":[15.41722,47.42028]}}, {"type":"Feature","id":149,"properties":{"_id":"62614461f2228b5341bf2d00","name":"SEEFELDER SATTEL","type":0,"reliability":2,"occurrence":0,"category":[2,1,0],"country":"AT","elevation":{"value":1300,"unit":0,"referenceDatum":1},"timeOfDay":[2,3],"createdAt":"2022-04-21T11:47:45.892Z","updatedAt":"2022-04-21T11:47:46.038Z","createdBy":"AUTO-IMPORTER","updatedBy":"import-script","elevationGeoid":{"geoidHeight":49.72318805508351,"hae":1349.7231880550835}},"geometry":{"type":"Point","coordinates":[11.13861,47.32722]}}, {"type":"Feature","id":150,"properties":{"_id":"62614462f2228b5341bf2d0d","name":"SEEKARKOEPFLE","type":0,"reliability":2,"occurrence":0,"category":[2,1,0],"country":"AT","elevation":{"value":2728,"unit":0,"referenceDatum":1},"timeOfDay":[2,3],"createdAt":"2022-04-21T11:47:46.081Z","updatedAt":"2022-04-21T11:47:46.102Z","createdBy":"AUTO-IMPORTER","updatedBy":"import-script","elevationGeoid":{"geoidHeight":51.82785554502769,"hae":2779.827855545028}},"geometry":{"type":"Point","coordinates":[10.61333,46.88694]}}, {"type":"Feature","id":151,"properties":{"_id":"62614462f2228b5341bf2d0f","name":"SENDEL SPITZE","type":0,"reliability":2,"occurrence":0,"category":[2,1,0],"country":"AT","elevation":{"value":2176,"unit":0,"referenceDatum":1},"timeOfDay":[2,3],"createdAt":"2022-04-21T11:47:46.093Z","updatedAt":"2022-04-21T11:47:46.129Z","createdBy":"AUTO-IMPORTER","updatedBy":"import-script","elevationGeoid":{"geoidHeight":50.267979209726434,"hae":2226.2679792097265}},"geometry":{"type":"Point","coordinates":[12.08028,47.19306]}}, {"type":"Feature","id":152,"properties":{"_id":"626144621e911989f7b390ad","name":"SICKER KOPF","type":0,"reliability":2,"occurrence":0,"category":[2,1,0],"country":"AT","elevation":{"value":2314,"unit":0,"referenceDatum":1},"timeOfDay":[2,3],"createdAt":"2022-04-21T11:47:46.155Z","updatedAt":"2022-04-21T11:47:46.194Z","createdBy":"AUTO-IMPORTER","updatedBy":"import-script","elevationGeoid":{"geoidHeight":50.01772221517959,"hae":2364.0177222151797}},"geometry":{"type":"Point","coordinates":[13.22361,46.9675]}}, {"type":"Feature","id":153,"properties":{"_id":"62614462f2228b5341bf2d2e","name":"SILBERPFENNIG","type":0,"reliability":2,"occurrence":0,"category":[2,1,0],"country":"AT","elevation":{"value":2345,"unit":0,"referenceDatum":1},"timeOfDay":[2,3],"createdAt":"2022-04-21T11:47:46.276Z","updatedAt":"2022-04-21T11:47:46.317Z","createdBy":"AUTO-IMPORTER","updatedBy":"import-script","elevationGeoid":{"geoidHeight":49.768019590332045,"hae":2394.768019590332}},"geometry":{"type":"Point","coordinates":[13.05556,47.08639]}}, {"type":"Feature","id":154,"properties":{"_id":"626144621e911989f7b390b9","name":"SOELDENKOGEL","type":0,"reliability":2,"occurrence":0,"category":[2,1,0],"country":"AT","elevation":{"value":2470,"unit":0,"referenceDatum":1},"timeOfDay":[2,3],"createdAt":"2022-04-21T11:47:46.384Z","updatedAt":"2022-04-21T11:47:46.449Z","createdBy":"AUTO-IMPORTER","updatedBy":"import-script","elevationGeoid":{"geoidHeight":52.102784198848184,"hae":2522.102784198848}},"geometry":{"type":"Point","coordinates":[11.03833,46.97139]}}, {"type":"Feature","id":155,"properties":{"_id":"62614462f2228b5341bf2d3e","name":"SONNWENDJOCH","type":0,"reliability":2,"occurrence":0,"category":[2,1,0],"country":"AT","elevation":{"value":1905,"unit":0,"referenceDatum":1},"timeOfDay":[2,3],"createdAt":"2022-04-21T11:47:46.561Z","updatedAt":"2022-04-21T11:47:46.614Z","createdBy":"AUTO-IMPORTER","updatedBy":"import-script","elevationGeoid":{"geoidHeight":47.56080143976527,"hae":1952.5608014397653}},"geometry":{"type":"Point","coordinates":[11.94361,47.59833]}}, {"type":"Feature","id":156,"properties":{"_id":"62614462f2228b5341bf2d49","name":"SPEIKKOGEL","type":0,"reliability":2,"occurrence":0,"category":[2,1,0],"country":"AT","elevation":{"value":1408,"unit":0,"referenceDatum":1},"timeOfDay":[2,3],"createdAt":"2022-04-21T11:47:46.661Z","updatedAt":"2022-04-21T11:47:46.684Z","createdBy":"AUTO-IMPORTER","updatedBy":"import-script","elevationGeoid":{"geoidHeight":48.14811983732551,"hae":1456.1481198373256}},"geometry":{"type":"Point","coordinates":[15.15611,47.31028]}}, {"type":"Feature","id":157,"properties":{"_id":"62614462f2228b5341bf2d54","name":"SPIELKOGEL","type":0,"reliability":2,"occurrence":0,"category":[2,1,0],"country":"AT","elevation":{"value":1874,"unit":0,"referenceDatum":1},"timeOfDay":[2,3],"createdAt":"2022-04-21T11:47:46.702Z","updatedAt":"2022-04-21T11:47:46.720Z","createdBy":"AUTO-IMPORTER","updatedBy":"import-script","elevationGeoid":{"geoidHeight":49.239461974583975,"hae":1923.239461974584}},"geometry":{"type":"Point","coordinates":[13.25139,47.19639]}}, {"type":"Feature","id":158,"properties":{"_id":"62614462f2228b5341bf2d6b","name":"SPITZEGEL","type":0,"reliability":2,"occurrence":0,"category":[2,1,0],"country":"AT","elevation":{"value":2020,"unit":0,"referenceDatum":1},"timeOfDay":[2,3],"createdAt":"2022-04-21T11:47:46.807Z","updatedAt":"2022-04-21T11:47:46.844Z","createdBy":"AUTO-IMPORTER","updatedBy":"import-script","elevationGeoid":{"geoidHeight":49.42183627900485,"hae":2069.4218362790048}},"geometry":{"type":"Point","coordinates":[13.4125,46.65417]}}, {"type":"Feature","id":159,"properties":{"_id":"626144631e911989f7b390c8","name":"STANSER JOCH","type":0,"reliability":2,"occurrence":0,"category":[2,1,0],"country":"AT","elevation":{"value":1464,"unit":0,"referenceDatum":1},"timeOfDay":[2,3],"createdAt":"2022-04-21T11:47:47.023Z","updatedAt":"2022-04-21T11:47:47.042Z","createdBy":"AUTO-IMPORTER","updatedBy":"import-script","elevationGeoid":{"geoidHeight":48.88442747024288,"hae":1512.8844274702428}},"geometry":{"type":"Point","coordinates":[11.67639,47.38333]}}, {"type":"Feature","id":160,"properties":{"_id":"62614463f2228b5341bf2d76","name":"STAFF","type":0,"reliability":2,"occurrence":0,"category":[2,1,0],"country":"AT","elevation":{"value":1982,"unit":0,"referenceDatum":1},"timeOfDay":[2,3],"createdAt":"2022-04-21T11:47:47.024Z","updatedAt":"2022-04-21T11:47:47.048Z","createdBy":"AUTO-IMPORTER","updatedBy":"import-script","elevationGeoid":{"geoidHeight":49.481029520065135,"hae":2031.481029520065}},"geometry":{"type":"Point","coordinates":[13.44306,46.73333]}}, {"type":"Feature","id":161,"properties":{"_id":"626144631e911989f7b390d4","name":"STEINFELD SPITZE","type":0,"reliability":2,"occurrence":0,"category":[2,1,0],"country":"AT","elevation":{"value":1999,"unit":0,"referenceDatum":1},"timeOfDay":[2,3],"createdAt":"2022-04-21T11:47:47.223Z","updatedAt":"2022-04-21T11:47:47.246Z","createdBy":"AUTO-IMPORTER","updatedBy":"import-script","elevationGeoid":{"geoidHeight":49.21263286267779,"hae":2048.2126328626778}},"geometry":{"type":"Point","coordinates":[13.45417,47.26194]}}, {"type":"Feature","id":162,"properties":{"_id":"62614463f2228b5341bf2d83","name":"STEINERNES MEER","type":0,"reliability":2,"occurrence":0,"category":[2,1,0],"country":"AT","elevation":{"value":1988,"unit":0,"referenceDatum":1},"timeOfDay":[2,3],"createdAt":"2022-04-21T11:47:47.256Z","updatedAt":"2022-04-21T11:47:47.277Z","createdBy":"AUTO-IMPORTER","updatedBy":"import-script","elevationGeoid":{"geoidHeight":48.380196938672185,"hae":2036.3801969386723}},"geometry":{"type":"Point","coordinates":[12.97667,47.43583]}}, {"type":"Feature","id":163,"properties":{"_id":"62614463f2228b5341bf2d95","name":"STEINKAR","type":0,"reliability":2,"occurrence":0,"category":[2,1,0],"country":"AT","elevation":{"value":2186,"unit":0,"referenceDatum":1},"timeOfDay":[2,3],"createdAt":"2022-04-21T11:47:47.346Z","updatedAt":"2022-04-21T11:47:47.364Z","createdBy":"AUTO-IMPORTER","updatedBy":"import-script","elevationGeoid":{"geoidHeight":50.20472936211618,"hae":2236.2047293621163}},"geometry":{"type":"Point","coordinates":[12.12694,47.20139]}}, {"type":"Feature","id":164,"properties":{"_id":"62614463f2228b5341bf2da6","name":"STEINPLATTE","type":0,"reliability":2,"occurrence":0,"category":[2,1,0],"country":"AT","elevation":{"value":1633,"unit":0,"referenceDatum":1},"timeOfDay":[2,3],"createdAt":"2022-04-21T11:47:47.457Z","updatedAt":"2022-04-21T11:47:47.523Z","createdBy":"AUTO-IMPORTER","updatedBy":"import-script","elevationGeoid":{"geoidHeight":47.317637126971306,"hae":1680.3176371269712}},"geometry":{"type":"Point","coordinates":[12.59306,47.60167]}}, {"type":"Feature","id":165,"properties":{"_id":"626144631e911989f7b390e0","name":"STEINPLATTE","type":0,"reliability":2,"occurrence":0,"category":[2,1,0],"country":"AT","elevation":{"value":1819,"unit":0,"referenceDatum":1},"timeOfDay":[2,3],"createdAt":"2022-04-21T11:47:47.561Z","updatedAt":"2022-04-21T11:47:47.627Z","createdBy":"AUTO-IMPORTER","updatedBy":"import-script","elevationGeoid":{"geoidHeight":47.31155182701187,"hae":1866.311551827012}},"geometry":{"type":"Point","coordinates":[12.58194,47.60222]}}, {"type":"Feature","id":166,"properties":{"_id":"62614463f2228b5341bf2db8","name":"STODERZINKEN","type":0,"reliability":2,"occurrence":0,"category":[2,1,0],"country":"AT","elevation":{"value":1950,"unit":0,"referenceDatum":1},"timeOfDay":[2,3],"createdAt":"2022-04-21T11:47:47.736Z","updatedAt":"2022-04-21T11:47:47.788Z","createdBy":"AUTO-IMPORTER","updatedBy":"import-script","elevationGeoid":{"geoidHeight":48.38718215336448,"hae":1998.3871821533644}},"geometry":{"type":"Point","coordinates":[13.82935,47.45939]}}, {"type":"Feature","id":167,"properties":{"_id":"626144631e911989f7b390ea","name":"STUBNER KOGEL","type":0,"reliability":2,"occurrence":0,"category":[2,1,0],"country":"AT","elevation":{"value":2182,"unit":0,"referenceDatum":1},"timeOfDay":[2,3],"createdAt":"2022-04-21T11:47:47.769Z","updatedAt":"2022-04-21T11:47:47.805Z","createdBy":"AUTO-IMPORTER","updatedBy":"import-script","elevationGeoid":{"geoidHeight":49.54398835870188,"hae":2231.543988358702}},"geometry":{"type":"Point","coordinates":[13.10083,47.11278]}}, {"type":"Feature","id":168,"properties":{"_id":"62614463f2228b5341bf2dca","name":"SUMPFKOPF","type":0,"reliability":2,"occurrence":0,"category":[2,1,0],"country":"AT","elevation":{"value":2348,"unit":0,"referenceDatum":1},"timeOfDay":[2,3],"createdAt":"2022-04-21T11:47:47.871Z","updatedAt":"2022-04-21T11:47:47.892Z","createdBy":"AUTO-IMPORTER","updatedBy":"import-script","elevationGeoid":{"geoidHeight":50.667706636681345,"hae":2398.6677066366815}},"geometry":{"type":"Point","coordinates":[11.55417,47.09639]}}, {"type":"Feature","id":169,"properties":{"_id":"62614463f2228b5341bf2dd9","name":"THANELLER","type":0,"reliability":2,"occurrence":0,"category":[2,1,0],"country":"AT","elevation":{"value":2254,"unit":0,"referenceDatum":1},"timeOfDay":[2,3],"createdAt":"2022-04-21T11:47:47.969Z","updatedAt":"2022-04-21T11:47:48.003Z","createdBy":"AUTO-IMPORTER","updatedBy":"import-script","elevationGeoid":{"geoidHeight":49.526254769276534,"hae":2303.5262547692764}},"geometry":{"type":"Point","coordinates":[10.72528,47.42695]}}, {"type":"Feature","id":170,"properties":{"_id":"626144641e911989f7b390fe","name":"THANNHEIM","type":0,"reliability":1,"occurrence":0,"category":[0,1,2],"country":"AT","elevation":{"value":1649,"unit":0,"referenceDatum":1},"timeOfDay":[2,3],"createdAt":"2022-04-21T11:47:48.073Z","updatedAt":"2022-04-21T11:47:48.110Z","createdBy":"AUTO-IMPORTER","updatedBy":"import-script","elevationGeoid":{"geoidHeight":48.8611081860125,"hae":1697.8611081860124}},"geometry":{"type":"Point","coordinates":[10.52075,47.51925]}}, {"type":"Feature","id":171,"properties":{"_id":"626144641e911989f7b39108","name":"TRAINSJOCH","type":0,"reliability":2,"occurrence":0,"category":[2,1,0],"country":"AT","elevation":{"value":1423,"unit":0,"referenceDatum":1},"timeOfDay":[2,3],"createdAt":"2022-04-21T11:47:48.188Z","updatedAt":"2022-04-21T11:47:48.228Z","createdBy":"AUTO-IMPORTER","updatedBy":"import-script","elevationGeoid":{"geoidHeight":47.215595947346515,"hae":1470.2155959473466}},"geometry":{"type":"Point","coordinates":[12.05889,47.61139]}}, {"type":"Feature","id":172,"properties":{"_id":"62614464f2228b5341bf2de9","name":"TRENKNER","type":0,"reliability":2,"occurrence":0,"category":[2,1,0],"country":"AT","elevation":{"value":2650,"unit":0,"referenceDatum":1},"timeOfDay":[2,3],"createdAt":"2022-04-21T11:47:48.322Z","updatedAt":"2022-04-21T11:47:48.340Z","createdBy":"AUTO-IMPORTER","updatedBy":"import-script","elevationGeoid":{"geoidHeight":50.35750334997195,"hae":2700.357503349972}},"geometry":{"type":"Point","coordinates":[11.91528,47.13361]}}, {"type":"Feature","id":173,"properties":{"_id":"626144641e911989f7b3911c","name":"TROISECK","type":0,"reliability":2,"occurrence":0,"category":[2,1,0],"country":"AT","elevation":{"value":1321,"unit":0,"referenceDatum":1},"timeOfDay":[2,3],"createdAt":"2022-04-21T11:47:48.398Z","updatedAt":"2022-04-21T11:47:48.434Z","createdBy":"AUTO-IMPORTER","updatedBy":"import-script","elevationGeoid":{"geoidHeight":47.78122479491279,"hae":1368.7812247949128}},"geometry":{"type":"Point","coordinates":[15.40806,47.53972]}}, {"type":"Feature","id":174,"properties":{"_id":"626144641e911989f7b39129","name":"TSCHIRGANT","type":0,"reliability":2,"occurrence":0,"category":[2,1,0],"country":"AT","elevation":{"value":2286,"unit":0,"referenceDatum":1},"timeOfDay":[2,3],"createdAt":"2022-04-21T11:47:48.523Z","updatedAt":"2022-04-21T11:47:48.567Z","createdBy":"AUTO-IMPORTER","updatedBy":"import-script","elevationGeoid":{"geoidHeight":50.2556807924916,"hae":2336.2556807924916}},"geometry":{"type":"Point","coordinates":[10.79806,47.24167]}}, {"type":"Feature","id":175,"properties":{"_id":"626144641e911989f7b39134","name":"TUERCHLWAND","type":0,"reliability":2,"occurrence":0,"category":[2,1,0],"country":"AT","elevation":{"value":1898,"unit":0,"referenceDatum":1},"timeOfDay":[2,3],"createdAt":"2022-04-21T11:47:48.648Z","updatedAt":"2022-04-21T11:47:48.732Z","createdBy":"AUTO-IMPORTER","updatedBy":"import-script","elevationGeoid":{"geoidHeight":49.41243597046679,"hae":1947.4124359704667}},"geometry":{"type":"Point","coordinates":[13.05528,47.14083]}}, {"type":"Feature","id":176,"properties":{"_id":"62614464f2228b5341bf2df9","name":"VENETBERG SENDER","type":0,"reliability":2,"occurrence":0,"category":[2,1,0],"country":"AT","elevation":{"value":2099,"unit":0,"referenceDatum":1},"timeOfDay":[2,3],"createdAt":"2022-04-21T11:47:48.953Z","updatedAt":"2022-04-21T11:47:48.972Z","createdBy":"AUTO-IMPORTER","updatedBy":"import-script","elevationGeoid":{"geoidHeight":50.71304593423787,"hae":2149.713045934238}},"geometry":{"type":"Point","coordinates":[10.62417,47.14333]}}, {"type":"Feature","id":177,"properties":{"_id":"626144641e911989f7b3913e","name":"VELLACHER EGEL","type":0,"reliability":2,"occurrence":0,"category":[2,1,0],"country":"AT","elevation":{"value":2035,"unit":0,"referenceDatum":1},"timeOfDay":[2,3],"createdAt":"2022-04-21T11:47:48.849Z","updatedAt":"2022-04-21T11:47:48.950Z","createdBy":"AUTO-IMPORTER","updatedBy":"import-script","elevationGeoid":{"geoidHeight":49.4007434662401,"hae":2084.40074346624}},"geometry":{"type":"Point","coordinates":[13.43611,46.655]}}, {"type":"Feature","id":178,"properties":{"_id":"626144651e911989f7b39149","name":"VENETBERG","type":0,"reliability":2,"occurrence":0,"category":[2,1,0],"country":"AT","elevation":{"value":2330,"unit":0,"referenceDatum":1},"timeOfDay":[2,3],"createdAt":"2022-04-21T11:47:49.082Z","updatedAt":"2022-04-21T11:47:49.131Z","createdBy":"AUTO-IMPORTER","updatedBy":"import-script","elevationGeoid":{"geoidHeight":50.69616396858876,"hae":2380.6961639685887}},"geometry":{"type":"Point","coordinates":[10.65722,47.145]}}, {"type":"Feature","id":179,"properties":{"_id":"62614465f2228b5341bf2e06","name":"VERPEIL SPITZE","type":0,"reliability":2,"occurrence":0,"category":[2,1,0],"country":"AT","elevation":{"value":3233,"unit":0,"referenceDatum":1},"timeOfDay":[2,3],"createdAt":"2022-04-21T11:47:49.072Z","updatedAt":"2022-04-21T11:47:49.122Z","createdBy":"AUTO-IMPORTER","updatedBy":"import-script","elevationGeoid":{"geoidHeight":51.86132309948451,"hae":3284.8613230994847}},"geometry":{"type":"Point","coordinates":[10.78889,46.99139]}}, {"type":"Feature","id":180,"properties":{"_id":"626144651e911989f7b39163","name":"WALLERBERG","type":0,"reliability":2,"occurrence":0,"category":[2,1,0],"country":"AT","elevation":{"value":1463,"unit":0,"referenceDatum":1},"timeOfDay":[2,3],"createdAt":"2022-04-21T11:47:49.275Z","updatedAt":"2022-04-21T11:47:49.296Z","createdBy":"AUTO-IMPORTER","updatedBy":"import-script","elevationGeoid":{"geoidHeight":47.832892238928025,"hae":1510.832892238928}},"geometry":{"type":"Point","coordinates":[12.55,47.51056]}}, {"type":"Feature","id":181,"properties":{"_id":"62614465f2228b5341bf2e10","name":"VORDERHORNBACH","type":0,"reliability":1,"occurrence":0,"category":[0,1,2],"country":"AT","elevation":{"value":2045,"unit":0,"referenceDatum":1},"timeOfDay":[2,3],"createdAt":"2022-04-21T11:47:49.241Z","updatedAt":"2022-04-21T11:47:49.261Z","createdBy":"AUTO-IMPORTER","updatedBy":"import-script","elevationGeoid":{"geoidHeight":49.7840445683579,"hae":2094.784044568358}},"geometry":{"type":"Point","coordinates":[10.52264,47.38285]}}, {"type":"Feature","id":182,"properties":{"_id":"62614465f2228b5341bf2e1f","name":"WANNECK UMKEHRTHERMIK","type":0,"reliability":2,"occurrence":0,"category":[2,1,0],"country":"AT","elevation":{"value":994,"unit":0,"referenceDatum":1},"timeOfDay":[2,3],"createdAt":"2022-04-21T11:47:49.440Z","updatedAt":"2022-04-21T11:47:49.462Z","createdBy":"AUTO-IMPORTER","updatedBy":"import-script","elevationGeoid":{"geoidHeight":49.99691827787723,"hae":1043.9969182778773}},"geometry":{"type":"Point","coordinates":[10.86056,47.31389]}}, {"type":"Feature","id":183,"properties":{"_id":"626144651e911989f7b39175","name":"WARTE","type":0,"reliability":2,"occurrence":0,"category":[2,1,0],"country":"AT","elevation":{"value":2262,"unit":0,"referenceDatum":1},"timeOfDay":[2,3],"createdAt":"2022-04-21T11:47:49.480Z","updatedAt":"2022-04-21T11:47:49.521Z","createdBy":"AUTO-IMPORTER","updatedBy":"import-script","elevationGeoid":{"geoidHeight":50.881372581171775,"hae":2312.881372581172}},"geometry":{"type":"Point","coordinates":[11.57917,47.05333]}}, {"type":"Feature","id":184,"properties":{"_id":"62614465f2228b5341bf2e2f","name":"WASENSPITZ","type":0,"reliability":1,"occurrence":0,"category":[0,1,2],"country":"AT","elevation":{"value":2365,"unit":0,"referenceDatum":1},"timeOfDay":[2,3],"createdAt":"2022-04-21T11:47:49.588Z","updatedAt":"2022-04-21T11:47:49.630Z","createdBy":"AUTO-IMPORTER","updatedBy":"import-script","elevationGeoid":{"geoidHeight":50.384449998759095,"hae":2415.384449998759}},"geometry":{"type":"Point","coordinates":[10.13605,47.15291]}}, {"type":"Feature","id":185,"properties":{"_id":"626144651e911989f7b39188","name":"WASSERTALKOGEL","type":0,"reliability":2,"occurrence":0,"category":[2,1,0],"country":"AT","elevation":{"value":3279,"unit":0,"referenceDatum":1},"timeOfDay":[2,3],"createdAt":"2022-04-21T11:47:49.753Z","updatedAt":"2022-04-21T11:47:49.829Z","createdBy":"AUTO-IMPORTER","updatedBy":"import-script","elevationGeoid":{"geoidHeight":52.27442476868859,"hae":3331.2744247686887}},"geometry":{"type":"Point","coordinates":[10.92528,46.92389]}}, {"type":"Feature","id":186,"properties":{"_id":"62614465f2228b5341bf2e3b","name":"WATZESPITZE","type":0,"reliability":2,"occurrence":0,"category":[2,1,0],"country":"AT","elevation":{"value":3208,"unit":0,"referenceDatum":1},"timeOfDay":[2,3],"createdAt":"2022-04-21T11:47:49.963Z","updatedAt":"2022-04-21T11:47:49.981Z","createdBy":"AUTO-IMPORTER","updatedBy":"import-script","elevationGeoid":{"geoidHeight":51.937492521677626,"hae":3259.9374925216775}},"geometry":{"type":"Point","coordinates":[10.79861,46.98139]}}, {"type":"Feature","id":187,"properties":{"_id":"62614465f2228b5341bf2e42","name":"WEISSBACH AM LECH","type":0,"reliability":1,"occurrence":0,"category":[0,1,2],"country":"AT","elevation":{"value":1878,"unit":0,"referenceDatum":1},"timeOfDay":[2,3],"createdAt":"2022-04-21T11:47:49.999Z","updatedAt":"2022-04-21T11:47:50.020Z","createdBy":"AUTO-IMPORTER","updatedBy":"import-script","elevationGeoid":{"geoidHeight":49.234889120970024,"hae":1927.23488912097}},"geometry":{"type":"Point","coordinates":[10.64452,47.46392]}}, {"type":"Feature","id":188,"properties":{"_id":"626144661e911989f7b3919d","name":"WIEDERSCHWING","type":0,"reliability":2,"occurrence":0,"category":[2,1,0],"country":"AT","elevation":{"value":1582,"unit":0,"referenceDatum":1},"timeOfDay":[2,3],"createdAt":"2022-04-21T11:47:50.136Z","updatedAt":"2022-04-21T11:47:50.159Z","createdBy":"AUTO-IMPORTER","updatedBy":"import-script","elevationGeoid":{"geoidHeight":49.333839406032126,"hae":1631.3338394060322}},"geometry":{"type":"Point","coordinates":[13.52167,46.69056]}}, {"type":"Feature","id":189,"properties":{"_id":"62614466f2228b5341bf2e4d","name":"WETTERSTEIN","type":0,"reliability":2,"occurrence":0,"category":[2,1,0],"country":"AT","elevation":{"value":1934,"unit":0,"referenceDatum":1},"timeOfDay":[2,3],"createdAt":"2022-04-21T11:47:50.073Z","updatedAt":"2022-04-21T11:47:50.092Z","createdBy":"AUTO-IMPORTER","updatedBy":"import-script","elevationGeoid":{"geoidHeight":49.47799944806806,"hae":1983.477999448068}},"geometry":{"type":"Point","coordinates":[11.115,47.38333]}}, {"type":"Feature","id":190,"properties":{"_id":"62614466f2228b5341bf2e5f","name":"WILDFELD OST","type":0,"reliability":2,"occurrence":0,"category":[2,1,0],"country":"AT","elevation":{"value":1644,"unit":0,"referenceDatum":1},"timeOfDay":[2,3],"createdAt":"2022-04-21T11:47:50.260Z","updatedAt":"2022-04-21T11:47:50.337Z","createdBy":"AUTO-IMPORTER","updatedBy":"import-script","elevationGeoid":{"geoidHeight":48.02356645782933,"hae":1692.0235664578292}},"geometry":{"type":"Point","coordinates":[14.97194,47.48833]}}, {"type":"Feature","id":191,"properties":{"_id":"62614466f2228b5341bf2e6c","name":"WILDFELD WEST","type":0,"reliability":2,"occurrence":0,"category":[2,1,0],"country":"AT","elevation":{"value":1579,"unit":0,"referenceDatum":1},"timeOfDay":[2,3],"createdAt":"2022-04-21T11:47:50.440Z","updatedAt":"2022-04-21T11:47:50.462Z","createdBy":"AUTO-IMPORTER","updatedBy":"import-script","elevationGeoid":{"geoidHeight":48.07759478371588,"hae":1627.077594783716}},"geometry":{"type":"Point","coordinates":[14.91444,47.48805]}}, {"type":"Feature","id":192,"properties":{"_id":"626144661e911989f7b391af","name":"WILDGRAT","type":0,"reliability":2,"occurrence":0,"category":[2,1,0],"country":"AT","elevation":{"value":2632,"unit":0,"referenceDatum":1},"timeOfDay":[2,3],"createdAt":"2022-04-21T11:47:50.458Z","updatedAt":"2022-04-21T11:47:50.504Z","createdBy":"AUTO-IMPORTER","updatedBy":"import-script","elevationGeoid":{"geoidHeight":50.78803959895282,"hae":2682.7880395989528}},"geometry":{"type":"Point","coordinates":[10.83278,47.16167]}}, {"type":"Feature","id":193,"properties":{"_id":"62614466f2228b5341bf2e7c","name":"WILDKOGEL","type":0,"reliability":2,"occurrence":0,"category":[2,1,0],"country":"AT","elevation":{"value":1941,"unit":0,"referenceDatum":1},"timeOfDay":[2,3],"createdAt":"2022-04-21T11:47:50.560Z","updatedAt":"2022-04-21T11:47:50.593Z","createdBy":"AUTO-IMPORTER","updatedBy":"import-script","elevationGeoid":{"geoidHeight":49.49428293087473,"hae":1990.4942829308748}},"geometry":{"type":"Point","coordinates":[12.26806,47.28056]}}, {"type":"Feature","id":194,"properties":{"_id":"62614466f2228b5341bf2e88","name":"WINDGRUBE","type":0,"reliability":2,"occurrence":0,"category":[2,1,0],"country":"AT","elevation":{"value":1659,"unit":0,"referenceDatum":1},"timeOfDay":[2,3],"createdAt":"2022-04-21T11:47:50.727Z","updatedAt":"2022-04-21T11:47:50.750Z","createdBy":"AUTO-IMPORTER","updatedBy":"import-script","elevationGeoid":{"geoidHeight":47.85760960814051,"hae":1706.8576096081406}},"geometry":{"type":"Point","coordinates":[15.22639,47.57583]}}, {"type":"Feature","id":195,"properties":{"_id":"62614466f2228b5341bf2e94","name":"WINDISCHE HOEHE","type":0,"reliability":2,"occurrence":0,"category":[2,1,0],"country":"AT","elevation":{"value":1723,"unit":0,"referenceDatum":1},"timeOfDay":[2,3],"createdAt":"2022-04-21T11:47:50.831Z","updatedAt":"2022-04-21T11:47:50.863Z","createdBy":"AUTO-IMPORTER","updatedBy":"import-script","elevationGeoid":{"geoidHeight":49.25948653766139,"hae":1772.2594865376614}},"geometry":{"type":"Point","coordinates":[13.53472,46.64889]}}, {"type":"Feature","id":196,"properties":{"_id":"626144661e911989f7b391be","name":"WOELKERKOGEL","type":0,"reliability":2,"occurrence":0,"category":[2,1,0],"country":"AT","elevation":{"value":1804,"unit":0,"referenceDatum":1},"timeOfDay":[2,3],"createdAt":"2022-04-21T11:47:50.885Z","updatedAt":"2022-04-21T11:47:50.903Z","createdBy":"AUTO-IMPORTER","updatedBy":"import-script","elevationGeoid":{"geoidHeight":48.81027714291031,"hae":1852.8102771429103}},"geometry":{"type":"Point","coordinates":[14.88389,47.08222]}}, {"type":"Feature","id":197,"properties":{"_id":"626144661e911989f7b391cb","name":"ZIETHENKOFEL","type":0,"reliability":2,"occurrence":0,"category":[2,1,0],"country":"AT","elevation":{"value":2145,"unit":0,"referenceDatum":1},"timeOfDay":[2,3],"createdAt":"2022-04-21T11:47:50.998Z","updatedAt":"2022-04-21T11:47:51.031Z","createdBy":"AUTO-IMPORTER","updatedBy":"import-script","elevationGeoid":{"geoidHeight":50.456691800403206,"hae":2195.4566918004034}},"geometry":{"type":"Point","coordinates":[12.91306,46.82222]}}, {"type":"Feature","id":198,"properties":{"_id":"626144671e911989f7b391d9","name":"ZILLERTAL UMKEHR","type":0,"reliability":2,"occurrence":0,"category":[2,1,0],"country":"AT","elevation":{"value":1210,"unit":0,"referenceDatum":1},"timeOfDay":[2,3],"createdAt":"2022-04-21T11:47:51.098Z","updatedAt":"2022-04-21T11:47:51.136Z","createdBy":"AUTO-IMPORTER","updatedBy":"import-script","elevationGeoid":{"geoidHeight":48.677633438512515,"hae":1258.6776334385124}},"geometry":{"type":"Point","coordinates":[11.81833,47.37639]}}, {"type":"Feature","id":199,"properties":{"_id":"62614467f2228b5341bf2ead","name":"ZIRMES SPITZE","type":0,"reliability":2,"occurrence":0,"category":[2,1,0],"country":"AT","elevation":{"value":2764,"unit":0,"referenceDatum":1},"timeOfDay":[2,3],"createdAt":"2022-04-21T11:47:51.174Z","updatedAt":"2022-04-21T11:47:51.192Z","createdBy":"AUTO-IMPORTER","updatedBy":"import-script","elevationGeoid":{"geoidHeight":51.53118345303611,"hae":2815.531183453036}},"geometry":{"type":"Point","coordinates":[10.67583,46.99055]}}]}